,date,time,open,high,low,close,volume
0,2024-06-27 06:30:00,1719495000,214.7,215.0,214.26,214.86,1364450
1,2024-06-27 06:31:00,1719495060,214.83,215.04,214.73,214.82,327635
2,2024-06-27 06:32:00,1719495120,214.79,215.13,214.64,215.03,456560
3,2024-06-27 06:33:00,1719495180,215.03,215.41,214.97,215.16,389800
4,2024-06-27 06:34:00,1719495240,215.18,215.51,215.08,215.1,368938
5,2024-06-27 06:35:00,1719495300,215.1,215.44,215.0,215.44,331048
6,2024-06-27 06:36:00,1719495360,215.44,215.74,215.15,215.16,466485
7,2024-06-27 06:37:00,1719495420,215.16,215.43,215.0,215.1,237252
8,2024-06-27 06:38:00,1719495480,215.12,215.15,214.59,215.09,304892
9,2024-06-27 06:39:00,1719495540,215.08,215.38,214.97,215.32,280409
10,2024-06-27 06:40:00,1719495600,215.33,215.35,214.87,215.14,180812
11,2024-06-27 06:41:00,1719495660,215.14,215.3,214.97,214.99,241207
12,2024-06-27 06:42:00,1719495720,214.99,215.27,214.85,214.89,196702
13,2024-06-27 06:43:00,1719495780,214.88,214.9,214.73,214.77,168489
14,2024-06-27 06:44:00,1719495840,214.78,214.85,214.41,214.55,158524
15,2024-06-27 06:45:00,1719495900,214.56,214.96,214.56,214.72,226600
16,2024-06-27 06:46:00,1719495960,214.73,214.97,214.62,214.63,136725
17,2024-06-27 06:47:00,1719496020,214.62,214.7,214.21,214.25,217415
18,2024-06-27 06:48:00,1719496080,214.25,214.48,214.24,214.45,169306
19,2024-06-27 06:49:00,1719496140,214.44,214.44,214.11,214.18,138108
20,2024-06-27 06:50:00,1719496200,214.2,214.21,213.77,214.0,226433
21,2024-06-27 06:51:00,1719496260,213.98,214.21,213.88,214.06,136532
22,2024-06-27 06:52:00,1719496320,214.03,214.2,213.98,214.1,114714
23,2024-06-27 06:53:00,1719496380,214.12,214.2,213.93,214.14,112180
24,2024-06-27 06:54:00,1719496440,214.15,214.15,213.92,214.0,104071
25,2024-06-27 06:55:00,1719496500,214.0,214.11,213.84,214.09,221359
26,2024-06-27 06:56:00,1719496560,214.09,214.24,213.74,213.95,159479
27,2024-06-27 06:57:00,1719496620,213.97,214.41,213.97,214.4,203415
28,2024-06-27 06:58:00,1719496680,214.39,214.5,214.29,214.41,161064
29,2024-06-27 06:59:00,1719496740,214.42,214.55,214.12,214.41,203114
30,2024-06-27 07:00:00,1719496800,214.42,214.66,214.31,214.49,127702
31,2024-06-27 07:01:00,1719496860,214.49,214.77,214.48,214.73,126683
32,2024-06-27 07:02:00,1719496920,214.71,214.85,214.59,214.61,167111
33,2024-06-27 07:03:00,1719496980,214.6,214.61,214.32,214.45,166419
34,2024-06-27 07:04:00,1719497040,214.45,214.47,214.35,214.42,87726
35,2024-06-27 07:05:00,1719497100,214.4,214.5,214.4,214.44,115826
36,2024-06-27 07:06:00,1719497160,214.44,214.48,214.24,214.28,91895
37,2024-06-27 07:07:00,1719497220,214.27,214.28,214.1,214.21,109577
38,2024-06-27 07:08:00,1719497280,214.2,214.24,213.96,214.08,154687
39,2024-06-27 07:09:00,1719497340,214.09,214.23,214.08,214.19,61554
40,2024-06-27 07:10:00,1719497400,214.19,214.31,214.15,214.28,114341
41,2024-06-27 07:11:00,1719497460,214.28,214.38,214.2,214.32,114708
42,2024-06-27 07:12:00,1719497520,214.31,214.34,214.18,214.24,114263
43,2024-06-27 07:13:00,1719497580,214.22,214.27,214.15,214.2,81452
44,2024-06-27 07:14:00,1719497640,214.19,214.47,214.18,214.45,132317
45,2024-06-27 07:15:00,1719497700,214.46,214.51,214.37,214.43,115829
46,2024-06-27 07:16:00,1719497760,214.44,214.65,214.12,214.13,172117
47,2024-06-27 07:17:00,1719497820,214.13,214.15,213.95,214.03,131988
48,2024-06-27 07:18:00,1719497880,214.02,214.02,213.65,213.67,148478
49,2024-06-27 07:19:00,1719497940,213.67,213.69,213.39,213.48,233926
50,2024-06-27 07:20:00,1719498000,213.47,213.69,213.46,213.66,134818
51,2024-06-27 07:21:00,1719498060,213.65,213.79,213.46,213.68,122391
52,2024-06-27 07:22:00,1719498120,213.69,213.72,213.61,213.67,66151
53,2024-06-27 07:23:00,1719498180,213.67,213.67,213.51,213.56,63172
54,2024-06-27 07:24:00,1719498240,213.55,213.63,213.45,213.59,109846
55,2024-06-27 07:25:00,1719498300,213.59,213.77,213.57,213.76,104816
56,2024-06-27 07:26:00,1719498360,213.75,213.84,213.71,213.78,153725
57,2024-06-27 07:27:00,1719498420,213.79,213.81,213.64,213.67,87060
58,2024-06-27 07:28:00,1719498480,213.67,213.81,213.66,213.79,45316
59,2024-06-27 07:29:00,1719498540,213.82,213.83,213.71,213.81,60147
60,2024-06-27 07:30:00,1719498600,213.81,213.84,213.67,213.68,74274
61,2024-06-27 07:31:00,1719498660,213.67,213.81,213.61,213.79,74980
62,2024-06-27 07:32:00,1719498720,213.8,213.85,213.69,213.85,99292
63,2024-06-27 07:33:00,1719498780,213.85,213.94,213.76,213.79,92350
64,2024-06-27 07:34:00,1719498840,213.78,213.79,213.67,213.71,119028
65,2024-06-27 07:35:00,1719498900,213.7,213.7,213.4,213.4,118503
66,2024-06-27 07:36:00,1719498960,213.4,213.71,213.4,213.68,129024
67,2024-06-27 07:37:00,1719499020,213.67,213.69,213.53,213.58,96422
68,2024-06-27 07:38:00,1719499080,213.58,213.71,213.58,213.7,73530
69,2024-06-27 07:39:00,1719499140,213.71,213.9,213.69,213.89,90176
70,2024-06-27 07:40:00,1719499200,213.9,213.96,213.6,213.69,101399
71,2024-06-27 07:41:00,1719499260,213.68,213.82,213.61,213.81,67426
72,2024-06-27 07:42:00,1719499320,213.82,213.82,213.47,213.6,62226
73,2024-06-27 07:43:00,1719499380,213.58,213.6,213.42,213.47,79955
74,2024-06-27 07:44:00,1719499440,213.48,213.49,213.26,213.27,107582
75,2024-06-27 07:45:00,1719499500,213.27,213.28,212.94,212.98,212880
76,2024-06-27 07:46:00,1719499560,212.99,213.06,212.81,212.83,169775
77,2024-06-27 07:47:00,1719499620,212.81,213.05,212.67,212.99,192548
78,2024-06-27 07:48:00,1719499680,212.98,212.99,212.84,212.97,71625
79,2024-06-27 07:49:00,1719499740,212.96,213.03,212.67,212.74,123798
80,2024-06-27 07:50:00,1719499800,212.75,212.81,212.35,212.4,225838
81,2024-06-27 07:51:00,1719499860,212.4,212.84,212.38,212.84,139027
82,2024-06-27 07:52:00,1719499920,212.81,212.87,212.69,212.87,78924
83,2024-06-27 07:53:00,1719499980,212.87,213.08,212.82,213.03,137007
84,2024-06-27 07:54:00,1719500040,213.04,213.18,212.9,213.18,128347
85,2024-06-27 07:55:00,1719500100,213.18,213.32,213.1,213.14,119680
86,2024-06-27 07:56:00,1719500160,213.14,213.15,212.98,213.11,126130
87,2024-06-27 07:57:00,1719500220,213.11,213.16,213.06,213.12,51275
88,2024-06-27 07:58:00,1719500280,213.12,213.28,213.12,213.23,75587
89,2024-06-27 07:59:00,1719500340,213.24,213.34,213.23,213.28,82269
90,2024-06-27 08:00:00,1719500400,213.28,213.32,212.98,213.05,103646
91,2024-06-27 08:01:00,1719500460,213.05,213.24,213.04,213.24,53702
92,2024-06-27 08:02:00,1719500520,213.23,213.36,213.2,213.3,81469
93,2024-06-27 08:03:00,1719500580,213.29,213.31,213.2,213.24,48452
94,2024-06-27 08:04:00,1719500640,213.24,213.31,213.18,213.19,46796
95,2024-06-27 08:05:00,1719500700,213.19,213.33,213.05,213.09,80012
96,2024-06-27 08:06:00,1719500760,213.1,213.29,213.1,213.22,42735
97,2024-06-27 08:07:00,1719500820,213.2,213.26,213.13,213.25,39514
98,2024-06-27 08:08:00,1719500880,213.24,213.26,213.17,213.24,39038
99,2024-06-27 08:09:00,1719500940,213.24,213.3,213.18,213.26,51961
100,2024-06-27 08:10:00,1719501000,213.27,213.33,213.26,213.3,74731
101,2024-06-27 08:11:00,1719501060,213.3,213.58,213.29,213.48,145178
102,2024-06-27 08:12:00,1719501120,213.48,213.49,213.24,213.42,88552
103,2024-06-27 08:13:00,1719501180,213.41,213.52,213.37,213.52,51498
104,2024-06-27 08:14:00,1719501240,213.54,213.68,213.46,213.49,96493
105,2024-06-27 08:15:00,1719501300,213.49,213.68,213.49,213.54,86362
106,2024-06-27 08:16:00,1719501360,213.54,213.61,213.52,213.58,41018
107,2024-06-27 08:17:00,1719501420,213.57,213.67,213.54,213.6,90420
108,2024-06-27 08:18:00,1719501480,213.6,213.62,213.43,213.56,72628
109,2024-06-27 08:19:00,1719501540,213.57,213.58,213.27,213.31,54019
110,2024-06-27 08:20:00,1719501600,213.31,213.32,213.19,213.31,67357
111,2024-06-27 08:21:00,1719501660,213.31,213.32,213.13,213.24,71045
112,2024-06-27 08:22:00,1719501720,213.24,213.34,213.23,213.34,37034
113,2024-06-27 08:23:00,1719501780,213.34,213.46,213.21,213.3,78707
114,2024-06-27 08:24:00,1719501840,213.31,213.47,213.29,213.44,72576
115,2024-06-27 08:25:00,1719501900,213.45,213.48,213.27,213.28,51117
116,2024-06-27 08:26:00,1719501960,213.29,213.34,213.18,213.22,54385
117,2024-06-27 08:27:00,1719502020,213.22,213.27,213.07,213.2,60993
118,2024-06-27 08:28:00,1719502080,213.18,213.19,212.79,212.84,95553
119,2024-06-27 08:29:00,1719502140,212.83,213.0,212.83,212.97,79868
120,2024-06-27 08:30:00,1719502200,212.97,212.97,212.64,212.73,128122
121,2024-06-27 08:31:00,1719502260,212.73,212.82,212.59,212.82,97111
122,2024-06-27 08:32:00,1719502320,212.82,213.11,212.8,212.87,142420
123,2024-06-27 08:33:00,1719502380,212.89,213.07,212.89,212.99,49316
124,2024-06-27 08:34:00,1719502440,212.99,213.0,212.78,212.87,64680
125,2024-06-27 08:35:00,1719502500,212.88,212.93,212.75,212.75,44773
126,2024-06-27 08:36:00,1719502560,212.75,212.83,212.57,212.63,67878
127,2024-06-27 08:37:00,1719502620,212.63,212.8,212.63,212.77,59902
128,2024-06-27 08:38:00,1719502680,212.76,213.0,212.76,213.0,54553
129,2024-06-27 08:39:00,1719502740,213.0,213.03,212.94,213.0,71209
130,2024-06-27 08:40:00,1719502800,213.0,213.0,212.86,212.98,45751
131,2024-06-27 08:41:00,1719502860,212.97,213.1,212.9,213.04,42412
132,2024-06-27 08:42:00,1719502920,213.03,213.04,212.9,212.94,44447
133,2024-06-27 08:43:00,1719502980,212.93,212.93,212.7,212.71,54211
134,2024-06-27 08:44:00,1719503040,212.7,212.88,212.67,212.81,52203
135,2024-06-27 08:45:00,1719503100,212.82,212.94,212.72,212.87,35469
136,2024-06-27 08:46:00,1719503160,212.87,212.87,212.75,212.76,33722
137,2024-06-27 08:47:00,1719503220,212.76,212.81,212.7,212.72,48529
138,2024-06-27 08:48:00,1719503280,212.74,212.87,212.73,212.84,32986
139,2024-06-27 08:49:00,1719503340,212.83,212.99,212.81,212.97,32944
140,2024-06-27 08:50:00,1719503400,212.96,213.05,212.87,212.88,77343
141,2024-06-27 08:51:00,1719503460,212.89,212.95,212.86,212.91,31560
142,2024-06-27 08:52:00,1719503520,212.91,213.03,212.87,213.03,28732
143,2024-06-27 08:53:00,1719503580,213.05,213.11,212.99,213.11,53928
144,2024-06-27 08:54:00,1719503640,213.09,213.15,213.06,213.15,32084
145,2024-06-27 08:55:00,1719503700,213.15,213.3,213.08,213.27,64407
146,2024-06-27 08:56:00,1719503760,213.27,213.3,213.21,213.28,55743
147,2024-06-27 08:57:00,1719503820,213.28,213.41,213.27,213.35,68166
148,2024-06-27 08:58:00,1719503880,213.34,213.47,213.28,213.29,85106
149,2024-06-27 08:59:00,1719503940,213.31,213.31,213.18,213.21,74694
150,2024-06-27 09:00:00,1719504000,213.2,213.22,213.05,213.2,64133
151,2024-06-27 09:01:00,1719504060,213.21,213.4,213.2,213.32,67282
152,2024-06-27 09:02:00,1719504120,213.32,213.45,213.3,213.35,60541
153,2024-06-27 09:03:00,1719504180,213.35,213.4,213.27,213.33,30528
154,2024-06-27 09:04:00,1719504240,213.35,213.37,213.26,213.27,60039
155,2024-06-27 09:05:00,1719504300,213.29,213.36,213.21,213.36,34259
156,2024-06-27 09:06:00,1719504360,213.36,213.42,213.28,213.28,68118
157,2024-06-27 09:07:00,1719504420,213.29,213.47,213.26,213.47,66094
158,2024-06-27 09:08:00,1719504480,213.47,213.48,213.31,213.35,40319
159,2024-06-27 09:09:00,1719504540,213.34,213.35,213.21,213.24,30363
160,2024-06-27 09:10:00,1719504600,213.23,213.24,213.14,213.2,34770
161,2024-06-27 09:11:00,1719504660,213.2,213.2,213.05,213.11,45422
162,2024-06-27 09:12:00,1719504720,213.12,213.2,213.09,213.2,25862
163,2024-06-27 09:13:00,1719504780,213.2,213.25,213.16,213.24,26919
164,2024-06-27 09:14:00,1719504840,213.24,213.27,213.19,213.21,27239
165,2024-06-27 09:15:00,1719504900,213.21,213.34,213.21,213.33,56664
166,2024-06-27 09:16:00,1719504960,213.33,213.43,213.32,213.43,41109
167,2024-06-27 09:17:00,1719505020,213.43,213.5,213.31,213.36,93539
168,2024-06-27 09:18:00,1719505080,213.36,213.43,213.35,213.43,45403
169,2024-06-27 09:19:00,1719505140,213.42,213.43,213.34,213.4,47066
170,2024-06-27 09:20:00,1719505200,213.41,213.55,213.41,213.5,58575
171,2024-06-27 09:21:00,1719505260,213.5,213.66,213.49,213.64,52157
172,2024-06-27 09:22:00,1719505320,213.62,213.69,213.61,213.66,56550
173,2024-06-27 09:23:00,1719505380,213.67,213.76,213.63,213.74,70165
174,2024-06-27 09:24:00,1719505440,213.75,213.79,213.71,213.72,52861
175,2024-06-27 09:25:00,1719505500,213.72,213.83,213.71,213.78,63400
176,2024-06-27 09:26:00,1719505560,213.78,213.8,213.54,213.57,111552
177,2024-06-27 09:27:00,1719505620,213.57,213.63,213.56,213.63,32023
178,2024-06-27 09:28:00,1719505680,213.63,213.79,213.57,213.79,39143
179,2024-06-27 09:29:00,1719505740,213.79,213.86,213.78,213.86,62642
180,2024-06-27 09:30:00,1719505800,213.85,214.1,213.84,214.1,164926
181,2024-06-27 09:31:00,1719505860,214.09,214.19,213.88,213.91,135780
182,2024-06-27 09:32:00,1719505920,213.92,214.02,213.87,213.99,65359
183,2024-06-27 09:33:00,1719505980,213.99,214.03,213.97,214.0,41863
184,2024-06-27 09:34:00,1719506040,214.01,214.01,213.86,213.9,54098
185,2024-06-27 09:35:00,1719506100,213.91,214.02,213.9,214.02,51557
186,2024-06-27 09:36:00,1719506160,214.03,214.1,213.98,214.03,64528
187,2024-06-27 09:37:00,1719506220,214.03,214.08,213.98,214.02,56419
188,2024-06-27 09:38:00,1719506280,214.01,214.04,213.84,213.86,68325
189,2024-06-27 09:39:00,1719506340,213.85,213.86,213.74,213.78,74569
190,2024-06-27 09:40:00,1719506400,213.78,213.81,213.69,213.79,36995
191,2024-06-27 09:41:00,1719506460,213.8,213.83,213.71,213.79,42638
192,2024-06-27 09:42:00,1719506520,213.8,213.81,213.72,213.72,33804
193,2024-06-27 09:43:00,1719506580,213.74,213.84,213.7,213.84,39302
194,2024-06-27 09:44:00,1719506640,213.85,213.95,213.84,213.91,65687
195,2024-06-27 09:45:00,1719506700,213.91,213.93,213.81,213.82,63259
196,2024-06-27 09:46:00,1719506760,213.83,213.88,213.81,213.81,50746
197,2024-06-27 09:47:00,1719506820,213.81,213.85,213.75,213.79,50468
198,2024-06-27 09:48:00,1719506880,213.8,213.84,213.71,213.72,51450
199,2024-06-27 09:49:00,1719506940,213.72,213.8,213.62,213.63,59154
200,2024-06-27 09:50:00,1719507000,213.63,213.69,213.62,213.66,36155
201,2024-06-27 09:51:00,1719507060,213.66,213.73,213.64,213.71,22725
202,2024-06-27 09:52:00,1719507120,213.71,213.74,213.65,213.69,26502
203,2024-06-27 09:53:00,1719507180,213.69,213.77,213.64,213.77,32948
204,2024-06-27 09:54:00,1719507240,213.77,213.77,213.68,213.7,21092
205,2024-06-27 09:55:00,1719507300,213.7,213.75,213.64,213.74,38513
206,2024-06-27 09:56:00,1719507360,213.74,213.78,213.72,213.77,23098
207,2024-06-27 09:57:00,1719507420,213.77,213.78,213.72,213.75,34266
208,2024-06-27 09:58:00,1719507480,213.76,213.78,213.72,213.77,17167
209,2024-06-27 09:59:00,1719507540,213.77,213.77,213.65,213.67,30476
210,2024-06-27 10:00:00,1719507600,213.67,213.81,213.67,213.75,36047
211,2024-06-27 10:01:00,1719507660,213.76,213.94,213.75,213.92,32570
212,2024-06-27 10:02:00,1719507720,213.92,214.01,213.92,214.0,35896
213,2024-06-27 10:03:00,1719507780,213.99,214.02,213.94,214.02,34958
214,2024-06-27 10:04:00,1719507840,214.01,214.07,214.0,214.04,37241
215,2024-06-27 10:05:00,1719507900,214.03,214.05,213.93,213.93,46213
216,2024-06-27 10:06:00,1719507960,213.95,213.97,213.84,213.84,82416
217,2024-06-27 10:07:00,1719508020,213.85,213.87,213.75,213.84,27118
218,2024-06-27 10:08:00,1719508080,213.83,213.86,213.77,213.86,23762
219,2024-06-27 10:09:00,1719508140,213.86,213.89,213.79,213.81,29617
220,2024-06-27 10:10:00,1719508200,213.81,213.83,213.75,213.81,23639
221,2024-06-27 10:11:00,1719508260,213.81,213.85,213.77,213.84,57947
222,2024-06-27 10:12:00,1719508320,213.85,213.88,213.78,213.81,46431
223,2024-06-27 10:13:00,1719508380,213.8,213.84,213.77,213.8,22392
224,2024-06-27 10:14:00,1719508440,213.81,213.97,213.78,213.96,32096
225,2024-06-27 10:15:00,1719508500,213.97,213.98,213.93,213.97,39560
226,2024-06-27 10:16:00,1719508560,213.98,213.99,213.86,213.87,33030
227,2024-06-27 10:17:00,1719508620,213.87,213.88,213.73,213.76,60752
228,2024-06-27 10:18:00,1719508680,213.76,213.81,213.68,213.69,38707
229,2024-06-27 10:19:00,1719508740,213.69,213.69,213.56,213.58,68328
230,2024-06-27 10:20:00,1719508800,213.58,213.7,213.58,213.64,37408
231,2024-06-27 10:21:00,1719508860,213.63,213.72,213.63,213.72,22013
232,2024-06-27 10:22:00,1719508920,213.72,213.9,213.72,213.86,38182
233,2024-06-27 10:23:00,1719508980,213.85,213.95,213.83,213.95,36359
234,2024-06-27 10:24:00,1719509040,213.95,213.96,213.89,213.89,45204
235,2024-06-27 10:25:00,1719509100,213.9,213.96,213.88,213.92,28545
236,2024-06-27 10:26:00,1719509160,213.93,213.93,213.82,213.83,29922
237,2024-06-27 10:27:00,1719509220,213.83,213.89,213.78,213.87,21512
238,2024-06-27 10:28:00,1719509280,213.87,213.96,213.85,213.96,27036
239,2024-06-27 10:29:00,1719509340,213.96,214.0,213.94,214.0,67409
240,2024-06-27 10:30:00,1719509400,213.99,214.06,213.95,214.02,84368
241,2024-06-27 10:31:00,1719509460,214.02,214.07,213.88,213.96,59953
242,2024-06-27 10:32:00,1719509520,213.97,214.02,213.96,213.97,36022
243,2024-06-27 10:33:00,1719509580,213.97,213.98,213.9,213.95,42056
244,2024-06-27 10:34:00,1719509640,213.96,213.99,213.88,213.94,60701
245,2024-06-27 10:35:00,1719509700,213.94,214.07,213.94,213.95,41470
246,2024-06-27 10:36:00,1719509760,213.96,214.0,213.9,213.99,30916
247,2024-06-27 10:37:00,1719509820,213.99,214.02,213.98,213.99,28013
248,2024-06-27 10:38:00,1719509880,213.99,214.04,213.99,214.02,21829
249,2024-06-27 10:39:00,1719509940,214.02,214.03,213.93,213.97,33077
250,2024-06-27 10:40:00,1719510000,213.97,214.02,213.97,214.02,21898
251,2024-06-27 10:41:00,1719510060,214.02,214.03,213.94,213.94,25120
252,2024-06-27 10:42:00,1719510120,213.95,213.95,213.74,213.78,80628
253,2024-06-27 10:43:00,1719510180,213.78,213.79,213.69,213.72,47309
254,2024-06-27 10:44:00,1719510240,213.72,213.72,213.67,213.72,40778
255,2024-06-27 10:45:00,1719510300,213.72,213.91,213.7,213.89,33241
256,2024-06-27 10:46:00,1719510360,213.88,213.93,213.82,213.89,51597
257,2024-06-27 10:47:00,1719510420,213.9,214.04,213.89,214.01,44551
258,2024-06-27 10:48:00,1719510480,214.01,214.02,213.96,213.97,25185
259,2024-06-27 10:49:00,1719510540,213.97,214.0,213.95,213.98,21529
260,2024-06-27 10:50:00,1719510600,213.99,213.99,213.88,213.9,33348
261,2024-06-27 10:51:00,1719510660,213.89,213.91,213.85,213.85,14816
262,2024-06-27 10:52:00,1719510720,213.84,213.89,213.79,213.86,46183
263,2024-06-27 10:53:00,1719510780,213.86,213.86,213.76,213.79,17771
264,2024-06-27 10:54:00,1719510840,213.8,213.85,213.79,213.8,9687
265,2024-06-27 10:55:00,1719510900,213.81,213.83,213.79,213.81,13776
266,2024-06-27 10:56:00,1719510960,213.79,213.83,213.77,213.8,23434
267,2024-06-27 10:57:00,1719511020,213.81,213.82,213.76,213.78,12851
268,2024-06-27 10:58:00,1719511080,213.78,213.78,213.69,213.74,27611
269,2024-06-27 10:59:00,1719511140,213.73,213.73,213.62,213.64,23769
270,2024-06-27 11:00:00,1719511200,213.64,213.65,213.33,213.37,88620
271,2024-06-27 11:01:00,1719511260,213.34,213.36,213.26,213.29,50330
272,2024-06-27 11:02:00,1719511320,213.28,213.33,213.18,213.3,69322
273,2024-06-27 11:03:00,1719511380,213.3,213.33,213.05,213.2,62850
274,2024-06-27 11:04:00,1719511440,213.21,213.29,213.15,213.28,63107
275,2024-06-27 11:05:00,1719511500,213.28,213.28,213.16,213.25,66569
276,2024-06-27 11:06:00,1719511560,213.24,213.43,213.23,213.4,48028
277,2024-06-27 11:07:00,1719511620,213.39,213.54,213.39,213.49,54691
278,2024-06-27 11:08:00,1719511680,213.48,213.6,213.46,213.52,43579
279,2024-06-27 11:09:00,1719511740,213.52,213.53,213.38,213.4,41324
280,2024-06-27 11:10:00,1719511800,213.39,213.41,213.28,213.29,26312
281,2024-06-27 11:11:00,1719511860,213.29,213.31,213.24,213.28,45062
282,2024-06-27 11:12:00,1719511920,213.28,213.31,213.22,213.28,39793
283,2024-06-27 11:13:00,1719511980,213.28,213.3,213.24,213.3,21194
284,2024-06-27 11:14:00,1719512040,213.3,213.43,213.29,213.43,27982
285,2024-06-27 11:15:00,1719512100,213.43,213.52,213.41,213.51,61221
286,2024-06-27 11:16:00,1719512160,213.5,213.51,213.42,213.45,31472
287,2024-06-27 11:17:00,1719512220,213.46,213.46,213.34,213.35,50973
288,2024-06-27 11:18:00,1719512280,213.35,213.36,213.23,213.26,56321
289,2024-06-27 11:19:00,1719512340,213.26,213.46,213.11,213.46,99382
290,2024-06-27 11:20:00,1719512400,213.46,213.51,213.39,213.45,49255
291,2024-06-27 11:21:00,1719512460,213.45,213.47,213.36,213.37,29070
292,2024-06-27 11:22:00,1719512520,213.38,213.52,213.37,213.52,43239
293,2024-06-27 11:23:00,1719512580,213.52,213.57,213.49,213.55,62364
294,2024-06-27 11:24:00,1719512640,213.55,213.56,213.52,213.54,29965
295,2024-06-27 11:25:00,1719512700,213.53,213.56,213.49,213.51,41707
296,2024-06-27 11:26:00,1719512760,213.51,213.51,213.42,213.43,39900
297,2024-06-27 11:27:00,1719512820,213.43,213.53,213.42,213.52,26682
298,2024-06-27 11:28:00,1719512880,213.51,213.52,213.39,213.41,27422
299,2024-06-27 11:29:00,1719512940,213.41,213.48,213.41,213.42,33427
300,2024-06-27 11:30:00,1719513000,213.42,213.43,213.29,213.37,48166
301,2024-06-27 11:31:00,1719513060,213.36,213.4,213.28,213.31,81886
302,2024-06-27 11:32:00,1719513120,213.31,213.43,213.3,213.37,36179
303,2024-06-27 11:33:00,1719513180,213.37,213.4,213.3,213.39,16373
304,2024-06-27 11:34:00,1719513240,213.39,213.41,213.34,213.37,33910
305,2024-06-27 11:35:00,1719513300,213.37,213.45,213.35,213.35,23696
306,2024-06-27 11:36:00,1719513360,213.35,213.35,213.27,213.33,32908
307,2024-06-27 11:37:00,1719513420,213.33,213.34,213.28,213.29,20535
308,2024-06-27 11:38:00,1719513480,213.3,213.34,213.3,213.34,20316
309,2024-06-27 11:39:00,1719513540,213.35,213.38,213.32,213.33,27370
310,2024-06-27 11:40:00,1719513600,213.34,213.39,213.32,213.33,33278
311,2024-06-27 11:41:00,1719513660,213.34,213.38,213.28,213.35,22699
312,2024-06-27 11:42:00,1719513720,213.34,213.34,213.27,213.3,34339
313,2024-06-27 11:43:00,1719513780,213.29,213.37,213.28,213.34,44076
314,2024-06-27 11:44:00,1719513840,213.31,213.39,213.31,213.36,17401
315,2024-06-27 11:45:00,1719513900,213.36,213.46,213.36,213.39,23289
316,2024-06-27 11:46:00,1719513960,213.4,213.45,213.4,213.44,19686
317,2024-06-27 11:47:00,1719514020,213.44,213.52,213.43,213.52,32607
318,2024-06-27 11:48:00,1719514080,213.52,213.59,213.5,213.58,35437
319,2024-06-27 11:49:00,1719514140,213.57,213.6,213.53,213.59,29650
320,2024-06-27 11:50:00,1719514200,213.6,213.69,213.56,213.66,56982
321,2024-06-27 11:51:00,1719514260,213.67,213.74,213.64,213.69,27030
322,2024-06-27 11:52:00,1719514320,213.69,213.74,213.68,213.73,45750
323,2024-06-27 11:53:00,1719514380,213.73,213.74,213.68,213.68,39500
324,2024-06-27 11:54:00,1719514440,213.68,213.68,213.56,213.59,25156
325,2024-06-27 11:55:00,1719514500,213.58,213.72,213.57,213.67,31355
326,2024-06-27 11:56:00,1719514560,213.68,213.68,213.62,213.64,29248
327,2024-06-27 11:57:00,1719514620,213.64,213.64,213.59,213.62,24488
328,2024-06-27 11:58:00,1719514680,213.62,213.73,213.61,213.73,33750
329,2024-06-27 11:59:00,1719514740,213.74,213.79,213.72,213.74,33480
330,2024-06-27 12:00:00,1719514800,213.75,213.75,213.65,213.65,40829
331,2024-06-27 12:01:00,1719514860,213.66,213.73,213.66,213.7,24251
332,2024-06-27 12:02:00,1719514920,213.7,213.77,213.69,213.75,25272
333,2024-06-27 12:03:00,1719514980,213.76,213.84,213.69,213.8,43594
334,2024-06-27 12:04:00,1719515040,213.79,213.83,213.74,213.81,35582
335,2024-06-27 12:05:00,1719515100,213.81,213.84,213.78,213.78,52379
336,2024-06-27 12:06:00,1719515160,213.78,213.84,213.76,213.84,41506
337,2024-06-27 12:07:00,1719515220,213.84,213.91,213.83,213.86,56199
338,2024-06-27 12:08:00,1719515280,213.87,213.91,213.86,213.9,36981
339,2024-06-27 12:09:00,1719515340,213.91,213.94,213.89,213.9,42600
340,2024-06-27 12:10:00,1719515400,213.9,214.01,213.89,213.99,67631
341,2024-06-27 12:11:00,1719515460,214.0,214.02,213.96,214.01,35317
342,2024-06-27 12:12:00,1719515520,214.01,214.01,213.88,213.94,54171
343,2024-06-27 12:13:00,1719515580,213.95,213.95,213.82,213.85,38772
344,2024-06-27 12:14:00,1719515640,213.86,213.9,213.82,213.85,33173
345,2024-06-27 12:15:00,1719515700,213.86,213.86,213.78,213.86,59979
346,2024-06-27 12:16:00,1719515760,213.86,213.87,213.82,213.86,38520
347,2024-06-27 12:17:00,1719515820,213.86,213.9,213.76,213.81,50517
348,2024-06-27 12:18:00,1719515880,213.81,213.94,213.8,213.9,54967
349,2024-06-27 12:19:00,1719515940,213.91,213.94,213.85,213.92,48116
350,2024-06-27 12:20:00,1719516000,213.91,213.95,213.88,213.89,37656
351,2024-06-27 12:21:00,1719516060,213.89,213.9,213.84,213.9,29207
352,2024-06-27 12:22:00,1719516120,213.88,213.94,213.84,213.93,52228
353,2024-06-27 12:23:00,1719516180,213.94,213.97,213.83,213.84,40278
354,2024-06-27 12:24:00,1719516240,213.83,213.91,213.8,213.84,42926
355,2024-06-27 12:25:00,1719516300,213.84,213.85,213.79,213.84,44183
356,2024-06-27 12:26:00,1719516360,213.84,213.88,213.79,213.88,39459
357,2024-06-27 12:27:00,1719516420,213.88,213.88,213.81,213.83,46483
358,2024-06-27 12:28:00,1719516480,213.83,213.84,213.69,213.74,50097
359,2024-06-27 12:29:00,1719516540,213.75,213.83,213.73,213.83,59356
360,2024-06-27 12:30:00,1719516600,213.83,213.84,213.74,213.8,70683
361,2024-06-27 12:31:00,1719516660,213.8,213.82,213.75,213.77,50474
362,2024-06-27 12:32:00,1719516720,213.78,213.78,213.74,213.76,46584
363,2024-06-27 12:33:00,1719516780,213.76,213.76,213.68,213.7,74091
364,2024-06-27 12:34:00,1719516840,213.7,213.73,213.68,213.69,38585
365,2024-06-27 12:35:00,1719516900,213.68,213.73,213.68,213.69,51284
366,2024-06-27 12:36:00,1719516960,213.68,213.76,213.68,213.76,55671
367,2024-06-27 12:37:00,1719517020,213.76,213.93,213.75,213.92,105639
368,2024-06-27 12:38:00,1719517080,213.92,214.02,213.9,214.01,82048
369,2024-06-27 12:39:00,1719517140,214.01,214.03,213.99,214.01,59282
370,2024-06-27 12:40:00,1719517200,214.01,214.02,213.89,213.94,105374
371,2024-06-27 12:41:00,1719517260,213.95,214.01,213.88,213.96,63580
372,2024-06-27 12:42:00,1719517320,213.96,213.96,213.87,213.92,53568
373,2024-06-27 12:43:00,1719517380,213.91,213.96,213.9,213.93,52711
374,2024-06-27 12:44:00,1719517440,213.93,213.94,213.73,213.74,75437
375,2024-06-27 12:45:00,1719517500,213.75,213.81,213.69,213.7,67857
376,2024-06-27 12:46:00,1719517560,213.71,213.85,213.71,213.84,55396
377,2024-06-27 12:47:00,1719517620,213.84,214.03,213.84,213.94,103889
378,2024-06-27 12:48:00,1719517680,213.93,213.96,213.76,213.77,108333
379,2024-06-27 12:49:00,1719517740,213.78,213.81,213.56,213.57,118050
380,2024-06-27 12:50:00,1719517800,213.55,213.67,213.51,213.53,122605
381,2024-06-27 12:51:00,1719517860,213.54,213.58,213.43,213.45,123877
382,2024-06-27 12:52:00,1719517920,213.45,213.51,213.3,213.34,164618
383,2024-06-27 12:53:00,1719517980,213.34,213.39,213.15,213.18,220021
384,2024-06-27 12:54:00,1719518040,213.17,213.3,213.14,213.17,194276
385,2024-06-27 12:55:00,1719518100,213.17,213.75,213.16,213.66,249377
386,2024-06-27 12:56:00,1719518160,213.66,213.73,213.58,213.69,224690
387,2024-06-27 12:57:00,1719518220,213.68,213.9,213.67,213.77,293873
388,2024-06-27 12:58:00,1719518280,213.78,213.91,213.76,213.81,297597
389,2024-06-27 12:59:00,1719518340,213.81,214.12,213.81,214.11,847910
390,2024-06-28 06:30:00,1719581400,215.79,216.07,215.0,215.2,1247859
391,2024-06-28 06:31:00,1719581460,215.17,215.5,215.03,215.43,243777
392,2024-06-28 06:32:00,1719581520,215.42,216.06,215.41,215.84,373897
393,2024-06-28 06:33:00,1719581580,215.84,216.0,214.81,214.9,305741
394,2024-06-28 06:34:00,1719581640,214.91,214.94,214.46,214.46,217419
395,2024-06-28 06:35:00,1719581700,214.45,215.12,214.36,214.93,305013
396,2024-06-28 06:36:00,1719581760,214.91,215.0,214.7,214.71,123856
397,2024-06-28 06:37:00,1719581820,214.72,215.0,214.71,214.77,125387
398,2024-06-28 06:38:00,1719581880,214.77,214.89,214.6,214.78,102270
399,2024-06-28 06:39:00,1719581940,214.78,214.86,214.62,214.65,104846
400,2024-06-28 06:40:00,1719582000,214.65,214.66,214.21,214.34,164961
401,2024-06-28 06:41:00,1719582060,214.35,214.62,214.25,214.62,136860
402,2024-06-28 06:42:00,1719582120,214.59,214.62,214.37,214.56,102860
403,2024-06-28 06:43:00,1719582180,214.58,214.68,214.57,214.65,128191
404,2024-06-28 06:44:00,1719582240,214.64,214.66,214.39,214.46,94208
405,2024-06-28 06:45:00,1719582300,214.48,214.57,214.25,214.33,157666
406,2024-06-28 06:46:00,1719582360,214.34,214.62,214.34,214.6,171602
407,2024-06-28 06:47:00,1719582420,214.59,214.75,214.58,214.72,192728
408,2024-06-28 06:48:00,1719582480,214.73,214.94,214.68,214.88,135145
409,2024-06-28 06:49:00,1719582540,214.89,214.93,214.37,214.38,147792
410,2024-06-28 06:50:00,1719582600,214.38,214.45,214.32,214.41,120232
411,2024-06-28 06:51:00,1719582660,214.39,214.41,214.02,214.08,186576
412,2024-06-28 06:52:00,1719582720,214.08,214.28,214.06,214.08,172327
413,2024-06-28 06:53:00,1719582780,214.07,214.09,213.72,213.76,211544
414,2024-06-28 06:54:00,1719582840,213.75,213.83,213.57,213.82,308091
415,2024-06-28 06:55:00,1719582900,213.83,214.09,213.68,214.0,234100
416,2024-06-28 06:56:00,1719582960,214.0,214.26,213.98,214.16,186926
417,2024-06-28 06:57:00,1719583020,214.17,214.35,214.05,214.31,154743
418,2024-06-28 06:58:00,1719583080,214.31,214.45,214.22,214.45,124892
419,2024-06-28 06:59:00,1719583140,214.45,214.46,214.32,214.33,119055
420,2024-06-28 07:00:00,1719583200,214.34,214.59,214.24,214.34,211384
421,2024-06-28 07:01:00,1719583260,214.34,214.71,214.33,214.6,122317
422,2024-06-28 07:02:00,1719583320,214.6,214.8,214.59,214.78,145205
423,2024-06-28 07:03:00,1719583380,214.78,215.1,214.78,215.09,198821
424,2024-06-28 07:04:00,1719583440,215.1,215.17,214.92,215.0,375487
425,2024-06-28 07:05:00,1719583500,215.0,215.1,214.94,215.03,176340
426,2024-06-28 07:06:00,1719583560,215.03,215.06,214.9,214.94,165435
427,2024-06-28 07:07:00,1719583620,214.96,215.12,214.91,214.99,104686
428,2024-06-28 07:08:00,1719583680,215.0,215.03,214.91,215.02,97090
429,2024-06-28 07:09:00,1719583740,215.02,215.08,214.85,215.03,102351
430,2024-06-28 07:10:00,1719583800,215.03,215.16,214.96,215.06,395473
431,2024-06-28 07:11:00,1719583860,215.05,215.29,215.04,215.24,308264
432,2024-06-28 07:12:00,1719583920,215.24,215.28,215.07,215.13,140022
433,2024-06-28 07:13:00,1719583980,215.13,215.16,215.05,215.09,74812
434,2024-06-28 07:14:00,1719584040,215.07,215.42,215.04,215.42,182521
435,2024-06-28 07:15:00,1719584100,215.42,215.51,215.31,215.4,170171
436,2024-06-28 07:16:00,1719584160,215.4,215.47,215.32,215.41,125471
437,2024-06-28 07:17:00,1719584220,215.41,215.42,215.24,215.33,141179
438,2024-06-28 07:18:00,1719584280,215.34,215.43,215.27,215.4,77381
439,2024-06-28 07:19:00,1719584340,215.4,215.41,215.24,215.28,84224
440,2024-06-28 07:20:00,1719584400,215.27,215.3,214.94,215.0,244101
441,2024-06-28 07:21:00,1719584460,215.01,215.29,214.98,215.21,99386
442,2024-06-28 07:22:00,1719584520,215.2,215.26,215.16,215.24,86841
443,2024-06-28 07:23:00,1719584580,215.25,215.25,214.78,215.01,105635
444,2024-06-28 07:24:00,1719584640,215.02,215.04,214.8,214.88,94781
445,2024-06-28 07:25:00,1719584700,214.88,214.9,214.65,214.71,100578
446,2024-06-28 07:26:00,1719584760,214.7,214.74,214.43,214.45,116079
447,2024-06-28 07:27:00,1719584820,214.45,214.82,214.44,214.81,119667
448,2024-06-28 07:28:00,1719584880,214.81,214.91,214.78,214.79,70914
449,2024-06-28 07:29:00,1719584940,214.78,214.8,214.56,214.64,58616
450,2024-06-28 07:30:00,1719585000,214.63,214.97,214.63,214.86,91284
451,2024-06-28 07:31:00,1719585060,214.86,215.09,214.84,215.07,80974
452,2024-06-28 07:32:00,1719585120,215.07,215.3,215.07,215.22,327156
453,2024-06-28 07:33:00,1719585180,215.23,215.23,215.14,215.2,62084
454,2024-06-28 07:34:00,1719585240,215.21,215.3,215.18,215.18,95692
455,2024-06-28 07:35:00,1719585300,215.18,215.21,214.82,214.88,83091
456,2024-06-28 07:36:00,1719585360,214.89,214.91,214.8,214.87,48125
457,2024-06-28 07:37:00,1719585420,214.88,214.92,214.77,214.78,57372
458,2024-06-28 07:38:00,1719585480,214.79,214.8,214.67,214.7,52487
459,2024-06-28 07:39:00,1719585540,214.71,214.96,214.66,214.93,56632
460,2024-06-28 07:40:00,1719585600,214.94,215.06,214.89,215.06,62035
461,2024-06-28 07:41:00,1719585660,215.06,215.06,214.78,214.88,51947
462,2024-06-28 07:42:00,1719585720,214.85,214.89,214.79,214.84,64578
463,2024-06-28 07:43:00,1719585780,214.84,214.94,214.81,214.85,52368
464,2024-06-28 07:44:00,1719585840,214.87,214.98,214.84,214.97,51370
465,2024-06-28 07:45:00,1719585900,214.96,214.96,214.78,214.79,47976
466,2024-06-28 07:46:00,1719585960,214.79,214.8,214.63,214.69,81375
467,2024-06-28 07:47:00,1719586020,214.69,214.87,214.57,214.86,88985
468,2024-06-28 07:48:00,1719586080,214.86,214.9,214.73,214.89,48151
469,2024-06-28 07:49:00,1719586140,214.9,215.01,214.85,214.93,63305
470,2024-06-28 07:50:00,1719586200,214.93,214.93,214.57,214.59,81515
471,2024-06-28 07:51:00,1719586260,214.59,214.59,214.34,214.48,99393
472,2024-06-28 07:52:00,1719586320,214.49,214.53,214.38,214.46,79902
473,2024-06-28 07:53:00,1719586380,214.46,214.47,214.35,214.39,90911
474,2024-06-28 07:54:00,1719586440,214.38,214.43,214.18,214.22,96916
475,2024-06-28 07:55:00,1719586500,214.22,214.29,214.15,214.27,103962
476,2024-06-28 07:56:00,1719586560,214.27,214.27,214.03,214.21,102489
477,2024-06-28 07:57:00,1719586620,214.18,214.23,213.93,214.03,145398
478,2024-06-28 07:58:00,1719586680,214.02,214.24,214.02,214.24,50815
479,2024-06-28 07:59:00,1719586740,214.24,214.38,214.23,214.37,78689
480,2024-06-28 08:00:00,1719586800,214.36,214.43,214.34,214.36,66103
481,2024-06-28 08:01:00,1719586860,214.35,214.36,213.88,213.94,94743
482,2024-06-28 08:02:00,1719586920,213.93,214.08,213.88,214.01,84831
483,2024-06-28 08:03:00,1719586980,214.01,214.19,213.86,214.18,72738
484,2024-06-28 08:04:00,1719587040,214.18,214.18,214.07,214.16,56651
485,2024-06-28 08:05:00,1719587100,214.13,214.17,214.03,214.04,53580
486,2024-06-28 08:06:00,1719587160,214.03,214.12,213.96,214.02,57883
487,2024-06-28 08:07:00,1719587220,214.02,214.11,213.96,214.03,44945
488,2024-06-28 08:08:00,1719587280,214.01,214.05,213.83,213.9,104975
489,2024-06-28 08:09:00,1719587340,213.88,214.13,213.77,214.11,87667
490,2024-06-28 08:10:00,1719587400,214.1,214.22,214.04,214.19,81970
491,2024-06-28 08:11:00,1719587460,214.19,214.3,214.15,214.23,69983
492,2024-06-28 08:12:00,1719587520,214.24,214.26,214.17,214.2,40155
493,2024-06-28 08:13:00,1719587580,214.19,214.34,214.13,214.32,78259
494,2024-06-28 08:14:00,1719587640,214.31,214.35,214.28,214.31,84993
495,2024-06-28 08:15:00,1719587700,214.31,214.39,214.27,214.31,95965
496,2024-06-28 08:16:00,1719587760,214.31,214.45,214.3,214.34,82398
497,2024-06-28 08:17:00,1719587820,214.34,214.5,214.32,214.49,80023
498,2024-06-28 08:18:00,1719587880,214.49,214.49,214.32,214.37,45216
499,2024-06-28 08:19:00,1719587940,214.37,214.38,214.29,214.31,57877
500,2024-06-28 08:20:00,1719588000,214.3,214.42,214.3,214.41,37792
501,2024-06-28 08:21:00,1719588060,214.4,214.4,214.28,214.36,46772
502,2024-06-28 08:22:00,1719588120,214.37,214.64,214.37,214.64,293280
503,2024-06-28 08:23:00,1719588180,214.64,214.64,214.57,214.62,79142
504,2024-06-28 08:24:00,1719588240,214.63,214.73,214.62,214.67,56740
505,2024-06-28 08:25:00,1719588300,214.67,214.68,214.39,214.39,113588
506,2024-06-28 08:26:00,1719588360,214.4,214.47,214.38,214.45,263735
507,2024-06-28 08:27:00,1719588420,214.43,214.46,214.3,214.31,91596
508,2024-06-28 08:28:00,1719588480,214.3,214.34,214.26,214.34,98614
509,2024-06-28 08:29:00,1719588540,214.34,214.38,214.31,214.34,111442
510,2024-06-28 08:30:00,1719588600,214.33,214.35,214.29,214.31,80108
511,2024-06-28 08:31:00,1719588660,214.31,214.36,214.22,214.29,83295
512,2024-06-28 08:32:00,1719588720,214.3,214.31,214.23,214.28,44606
513,2024-06-28 08:33:00,1719588780,214.28,214.28,214.05,214.14,106054
514,2024-06-28 08:34:00,1719588840,214.15,214.28,214.04,214.08,172816
515,2024-06-28 08:35:00,1719588900,214.09,214.18,213.95,214.17,167885
516,2024-06-28 08:36:00,1719588960,214.17,214.17,214.1,214.12,40122
517,2024-06-28 08:37:00,1719589020,214.13,214.24,214.12,214.22,51887
518,2024-06-28 08:38:00,1719589080,214.21,214.3,214.13,214.28,40045
519,2024-06-28 08:39:00,1719589140,214.29,214.36,214.21,214.27,69378
520,2024-06-28 08:40:00,1719589200,214.25,214.39,214.24,214.26,101348
521,2024-06-28 08:41:00,1719589260,214.25,214.33,214.14,214.2,167670
522,2024-06-28 08:42:00,1719589320,214.19,214.24,214.13,214.15,64239
523,2024-06-28 08:43:00,1719589380,214.14,214.16,214.07,214.16,111459
524,2024-06-28 08:44:00,1719589440,214.16,214.18,214.13,214.17,46493
525,2024-06-28 08:45:00,1719589500,214.17,214.48,214.17,214.42,61675
526,2024-06-28 08:46:00,1719589560,214.41,214.58,214.4,214.55,95936
527,2024-06-28 08:47:00,1719589620,214.53,214.67,214.5,214.51,70758
528,2024-06-28 08:48:00,1719589680,214.51,214.56,214.41,214.54,58920
529,2024-06-28 08:49:00,1719589740,214.55,214.57,214.51,214.56,53901
530,2024-06-28 08:50:00,1719589800,214.56,214.68,214.54,214.67,70621
531,2024-06-28 08:51:00,1719589860,214.67,214.71,214.56,214.62,57360
532,2024-06-28 08:52:00,1719589920,214.62,214.62,214.4,214.4,45617
533,2024-06-28 08:53:00,1719589980,214.41,214.42,214.17,214.17,82769
534,2024-06-28 08:54:00,1719590040,214.18,214.19,213.98,214.07,100443
535,2024-06-28 08:55:00,1719590100,214.08,214.12,213.95,214.06,68671
536,2024-06-28 08:56:00,1719590160,214.05,214.19,214.03,214.19,58613
537,2024-06-28 08:57:00,1719590220,214.19,214.22,214.14,214.17,59354
538,2024-06-28 08:58:00,1719590280,214.17,214.17,214.1,214.13,27708
539,2024-06-28 08:59:00,1719590340,214.13,214.19,214.12,214.19,43784
540,2024-06-28 09:00:00,1719590400,214.19,214.25,214.16,214.25,46672
541,2024-06-28 09:01:00,1719590460,214.24,214.24,214.11,214.22,39918
542,2024-06-28 09:02:00,1719590520,214.23,214.23,214.15,214.17,99504
543,2024-06-28 09:03:00,1719590580,214.17,214.23,214.15,214.16,54713
544,2024-06-28 09:04:00,1719590640,214.15,214.2,214.14,214.16,30148
545,2024-06-28 09:05:00,1719590700,214.16,214.21,214.13,214.18,70739
546,2024-06-28 09:06:00,1719590760,214.17,214.24,214.12,214.2,132729
547,2024-06-28 09:07:00,1719590820,214.21,214.24,214.15,214.19,102884
548,2024-06-28 09:08:00,1719590880,214.19,214.21,214.12,214.16,61250
549,2024-06-28 09:09:00,1719590940,214.16,214.3,214.13,214.28,52068
550,2024-06-28 09:10:00,1719591000,214.28,214.37,214.17,214.17,60209
551,2024-06-28 09:11:00,1719591060,214.18,214.23,214.15,214.22,52373
552,2024-06-28 09:12:00,1719591120,214.21,214.24,214.18,214.22,51156
553,2024-06-28 09:13:00,1719591180,214.22,214.22,214.16,214.17,53694
554,2024-06-28 09:14:00,1719591240,214.16,214.22,214.15,214.21,49180
555,2024-06-28 09:15:00,1719591300,214.21,214.33,214.2,214.28,47367
556,2024-06-28 09:16:00,1719591360,214.28,214.28,214.14,214.16,94014
557,2024-06-28 09:17:00,1719591420,214.16,214.19,214.14,214.15,106600
558,2024-06-28 09:18:00,1719591480,214.15,214.19,214.1,214.16,101622
559,2024-06-28 09:19:00,1719591540,214.15,214.2,214.02,214.13,99042
560,2024-06-28 09:20:00,1719591600,214.13,214.2,213.78,213.8,175191
561,2024-06-28 09:21:00,1719591660,213.81,213.93,213.66,213.93,100400
562,2024-06-28 09:22:00,1719591720,213.93,214.06,213.81,213.86,64094
563,2024-06-28 09:23:00,1719591780,213.86,213.92,213.8,213.81,51630
564,2024-06-28 09:24:00,1719591840,213.81,213.81,213.63,213.67,108579
565,2024-06-28 09:25:00,1719591900,213.66,213.66,213.52,213.62,117953
566,2024-06-28 09:26:00,1719591960,213.63,213.94,213.6,213.92,113483
567,2024-06-28 09:27:00,1719592020,213.9,214.05,213.89,213.98,47051
568,2024-06-28 09:28:00,1719592080,213.98,214.1,213.88,213.91,78912
569,2024-06-28 09:29:00,1719592140,213.91,213.91,213.81,213.84,40950
570,2024-06-28 09:30:00,1719592200,213.84,213.94,213.81,213.84,50731
571,2024-06-28 09:31:00,1719592260,213.84,213.84,213.61,213.66,69193
572,2024-06-28 09:32:00,1719592320,213.67,213.69,213.57,213.61,65832
573,2024-06-28 09:33:00,1719592380,213.6,213.71,213.59,213.65,41005
574,2024-06-28 09:34:00,1719592440,213.64,213.67,213.42,213.42,115434
575,2024-06-28 09:35:00,1719592500,213.42,213.43,213.32,213.41,105782
576,2024-06-28 09:36:00,1719592560,213.42,213.43,213.31,213.34,51600
577,2024-06-28 09:37:00,1719592620,213.33,213.64,213.28,213.62,77170
578,2024-06-28 09:38:00,1719592680,213.61,213.76,213.32,213.67,443243
579,2024-06-28 09:39:00,1719592740,213.67,213.68,213.42,213.46,108657
580,2024-06-28 09:40:00,1719592800,213.46,213.51,213.27,213.34,78680
581,2024-06-28 09:41:00,1719592860,213.31,213.54,213.3,213.49,66181
582,2024-06-28 09:42:00,1719592920,213.51,213.65,213.4,213.51,53454
583,2024-06-28 09:43:00,1719592980,213.52,213.67,213.51,213.62,57325
584,2024-06-28 09:44:00,1719593040,213.63,213.78,213.57,213.74,46179
585,2024-06-28 09:45:00,1719593100,213.74,213.74,213.54,213.6,90027
586,2024-06-28 09:46:00,1719593160,213.62,213.62,213.45,213.49,30076
587,2024-06-28 09:47:00,1719593220,213.48,213.68,213.46,213.66,43918
588,2024-06-28 09:48:00,1719593280,213.64,213.71,213.62,213.7,42748
589,2024-06-28 09:49:00,1719593340,213.7,213.74,213.6,213.66,62659
590,2024-06-28 09:50:00,1719593400,213.66,213.72,213.52,213.53,47538
591,2024-06-28 09:51:00,1719593460,213.53,213.55,213.47,213.53,25304
592,2024-06-28 09:52:00,1719593520,213.54,213.62,213.52,213.61,18975
593,2024-06-28 09:53:00,1719593580,213.6,213.7,213.58,213.7,21417
594,2024-06-28 09:54:00,1719593640,213.72,213.77,213.68,213.69,50073
595,2024-06-28 09:55:00,1719593700,213.69,213.79,213.66,213.77,45725
596,2024-06-28 09:56:00,1719593760,213.78,213.86,213.77,213.8,82246
597,2024-06-28 09:57:00,1719593820,213.8,213.84,213.77,213.79,44732
598,2024-06-28 09:58:00,1719593880,213.79,213.87,213.79,213.84,46173
599,2024-06-28 09:59:00,1719593940,213.84,213.96,213.83,213.96,61518
600,2024-06-28 10:00:00,1719594000,213.95,213.96,213.79,213.8,79445
601,2024-06-28 10:01:00,1719594060,213.81,213.92,213.8,213.92,46789
602,2024-06-28 10:02:00,1719594120,213.93,214.07,213.91,213.92,116829
603,2024-06-28 10:03:00,1719594180,213.92,214.03,213.9,214.03,45228
604,2024-06-28 10:04:00,1719594240,214.03,214.14,213.93,213.97,256836
605,2024-06-28 10:05:00,1719594300,213.97,214.1,213.92,214.1,87390
606,2024-06-28 10:06:00,1719594360,214.09,214.1,214.02,214.07,48441
607,2024-06-28 10:07:00,1719594420,214.06,214.26,214.06,214.23,87555
608,2024-06-28 10:08:00,1719594480,214.21,214.42,214.2,214.41,80467
609,2024-06-28 10:09:00,1719594540,214.42,214.46,214.36,214.45,75136
610,2024-06-28 10:10:00,1719594600,214.45,214.53,214.45,214.49,56976
611,2024-06-28 10:11:00,1719594660,214.48,214.52,214.46,214.47,60656
612,2024-06-28 10:12:00,1719594720,214.46,214.47,214.35,214.38,51286
613,2024-06-28 10:13:00,1719594780,214.38,214.46,214.36,214.44,71816
614,2024-06-28 10:14:00,1719594840,214.44,214.45,214.36,214.36,66702
615,2024-06-28 10:15:00,1719594900,214.33,214.35,214.24,214.26,59034
616,2024-06-28 10:16:00,1719594960,214.25,214.27,214.17,214.21,51810
617,2024-06-28 10:17:00,1719595020,214.21,214.21,214.13,214.18,55172
618,2024-06-28 10:18:00,1719595080,214.17,214.26,214.11,214.23,51823
619,2024-06-28 10:19:00,1719595140,214.22,214.28,214.12,214.16,48676
620,2024-06-28 10:20:00,1719595200,214.16,214.22,214.09,214.15,102721
621,2024-06-28 10:21:00,1719595260,214.15,214.21,214.05,214.08,55660
622,2024-06-28 10:22:00,1719595320,214.08,214.2,214.08,214.2,39158
623,2024-06-28 10:23:00,1719595380,214.2,214.26,214.16,214.23,30347
624,2024-06-28 10:24:00,1719595440,214.23,214.27,214.19,214.21,46750
625,2024-06-28 10:25:00,1719595500,214.2,214.22,214.08,214.08,52699
626,2024-06-28 10:26:00,1719595560,214.08,214.16,214.08,214.16,31433
627,2024-06-28 10:27:00,1719595620,214.16,214.17,214.03,214.04,52741
628,2024-06-28 10:28:00,1719595680,214.03,214.03,213.88,213.89,50099
629,2024-06-28 10:29:00,1719595740,213.9,213.94,213.79,213.83,66994
630,2024-06-28 10:30:00,1719595800,213.85,213.88,213.68,213.69,39816
631,2024-06-28 10:31:00,1719595860,213.68,213.75,213.62,213.73,75271
632,2024-06-28 10:32:00,1719595920,213.72,213.9,213.71,213.87,36991
633,2024-06-28 10:33:00,1719595980,213.87,213.91,213.78,213.81,49148
634,2024-06-28 10:34:00,1719596040,213.82,213.83,213.69,213.71,34013
635,2024-06-28 10:35:00,1719596100,213.72,213.82,213.66,213.67,57655
636,2024-06-28 10:36:00,1719596160,213.66,213.86,213.66,213.86,44560
637,2024-06-28 10:37:00,1719596220,213.87,213.96,213.8,213.84,61156
638,2024-06-28 10:38:00,1719596280,213.84,213.92,213.82,213.92,32068
639,2024-06-28 10:39:00,1719596340,213.92,214.0,213.88,213.95,35515
640,2024-06-28 10:40:00,1719596400,213.95,213.97,213.88,213.91,27850
641,2024-06-28 10:41:00,1719596460,213.91,213.92,213.8,213.81,28750
642,2024-06-28 10:42:00,1719596520,213.8,213.85,213.7,213.85,31930
643,2024-06-28 10:43:00,1719596580,213.84,213.86,213.81,213.84,17948
644,2024-06-28 10:44:00,1719596640,213.84,213.84,213.67,213.76,51827
645,2024-06-28 10:45:00,1719596700,213.76,213.96,213.75,213.92,48727
646,2024-06-28 10:46:00,1719596760,213.91,213.93,213.78,213.88,40288
647,2024-06-28 10:47:00,1719596820,213.88,213.93,213.82,213.87,36987
648,2024-06-28 10:48:00,1719596880,213.88,213.99,213.87,213.99,35022
649,2024-06-28 10:49:00,1719596940,213.99,214.01,213.95,214.01,38983
650,2024-06-28 10:50:00,1719597000,214.01,214.04,213.97,214.0,39211
651,2024-06-28 10:51:00,1719597060,214.01,214.01,213.95,213.98,29873
652,2024-06-28 10:52:00,1719597120,213.99,213.99,213.93,213.95,30686
653,2024-06-28 10:53:00,1719597180,213.96,213.96,213.83,213.96,55029
654,2024-06-28 10:54:00,1719597240,213.96,214.01,213.84,213.85,35815
655,2024-06-28 10:55:00,1719597300,213.85,213.86,213.8,213.83,40025
656,2024-06-28 10:56:00,1719597360,213.83,213.9,213.79,213.9,33637
657,2024-06-28 10:57:00,1719597420,213.9,213.9,213.84,213.87,27814
658,2024-06-28 10:58:00,1719597480,213.87,213.94,213.84,213.9,34633
659,2024-06-28 10:59:00,1719597540,213.89,213.93,213.87,213.92,21735
660,2024-06-28 11:00:00,1719597600,213.92,213.92,213.8,213.83,90579
661,2024-06-28 11:01:00,1719597660,213.84,213.91,213.77,213.91,33680
662,2024-06-28 11:02:00,1719597720,213.9,213.92,213.79,213.79,30218
663,2024-06-28 11:03:00,1719597780,213.78,213.86,213.75,213.86,71169
664,2024-06-28 11:04:00,1719597840,213.86,214.07,213.85,214.05,66349
665,2024-06-28 11:05:00,1719597900,214.04,214.05,213.93,213.99,23100
666,2024-06-28 11:06:00,1719597960,213.98,213.99,213.9,213.99,39482
667,2024-06-28 11:07:00,1719598020,213.99,213.99,213.92,213.96,33502
668,2024-06-28 11:08:00,1719598080,213.95,214.0,213.93,213.93,130781
669,2024-06-28 11:09:00,1719598140,213.93,214.02,213.91,214.01,41981
670,2024-06-28 11:10:00,1719598200,214.02,214.08,213.97,214.0,70642
671,2024-06-28 11:11:00,1719598260,214.0,214.05,213.99,214.02,44752
672,2024-06-28 11:12:00,1719598320,214.02,214.08,213.99,214.0,61668
673,2024-06-28 11:13:00,1719598380,213.99,213.99,213.86,213.92,48592
674,2024-06-28 11:14:00,1719598440,213.91,213.99,213.9,213.99,35339
675,2024-06-28 11:15:00,1719598500,213.99,214.04,213.9,213.9,47740
676,2024-06-28 11:16:00,1719598560,213.92,213.93,213.87,213.93,26530
677,2024-06-28 11:17:00,1719598620,213.92,213.92,213.81,213.82,28959
678,2024-06-28 11:18:00,1719598680,213.82,213.85,213.8,213.81,31391
679,2024-06-28 11:19:00,1719598740,213.81,213.81,213.77,213.81,45064
680,2024-06-28 11:20:00,1719598800,213.81,213.81,213.61,213.61,87792
681,2024-06-28 11:21:00,1719598860,213.62,213.63,213.54,213.55,70657
682,2024-06-28 11:22:00,1719598920,213.55,213.58,213.24,213.31,108766
683,2024-06-28 11:23:00,1719598980,213.31,213.33,213.21,213.28,82516
684,2024-06-28 11:24:00,1719599040,213.28,213.28,213.16,213.26,72225
685,2024-06-28 11:25:00,1719599100,213.27,213.41,213.21,213.34,92668
686,2024-06-28 11:26:00,1719599160,213.33,213.52,213.26,213.51,101178
687,2024-06-28 11:27:00,1719599220,213.52,213.55,213.36,213.41,73327
688,2024-06-28 11:28:00,1719599280,213.4,213.4,213.18,213.19,69234
689,2024-06-28 11:29:00,1719599340,213.19,213.22,213.13,213.21,68003
690,2024-06-28 11:30:00,1719599400,213.21,213.21,213.11,213.16,65984
691,2024-06-28 11:31:00,1719599460,213.16,213.2,213.08,213.09,35414
692,2024-06-28 11:32:00,1719599520,213.08,213.17,213.08,213.13,38484
693,2024-06-28 11:33:00,1719599580,213.14,213.19,213.08,213.17,75187
694,2024-06-28 11:34:00,1719599640,213.18,213.24,213.14,213.19,51782
695,2024-06-28 11:35:00,1719599700,213.19,213.2,213.1,213.13,64102
696,2024-06-28 11:36:00,1719599760,213.13,213.35,213.12,213.32,64101
697,2024-06-28 11:37:00,1719599820,213.31,213.37,213.27,213.28,89779
698,2024-06-28 11:38:00,1719599880,213.27,213.27,213.22,213.26,31719
699,2024-06-28 11:39:00,1719599940,213.27,213.33,213.27,213.28,25012
700,2024-06-28 11:40:00,1719600000,213.27,213.34,213.27,213.33,57718
701,2024-06-28 11:41:00,1719600060,213.33,213.43,213.33,213.38,62378
702,2024-06-28 11:42:00,1719600120,213.38,213.41,213.28,213.34,49032
703,2024-06-28 11:43:00,1719600180,213.34,213.45,213.28,213.31,68824
704,2024-06-28 11:44:00,1719600240,213.31,213.35,213.21,213.25,64808
705,2024-06-28 11:45:00,1719600300,213.25,213.31,213.23,213.26,46763
706,2024-06-28 11:46:00,1719600360,213.26,213.26,213.14,213.16,53178
707,2024-06-28 11:47:00,1719600420,213.18,213.21,213.12,213.19,53813
708,2024-06-28 11:48:00,1719600480,213.19,213.25,213.19,213.22,46759
709,2024-06-28 11:49:00,1719600540,213.22,213.32,213.21,213.26,67122
710,2024-06-28 11:50:00,1719600600,213.27,213.37,213.25,213.37,143477
711,2024-06-28 11:51:00,1719600660,213.37,213.49,213.35,213.37,89474
712,2024-06-28 11:52:00,1719600720,213.37,213.39,213.26,213.29,42074
713,2024-06-28 11:53:00,1719600780,213.3,213.44,213.29,213.38,68308
714,2024-06-28 11:54:00,1719600840,213.38,213.39,213.33,213.34,41521
715,2024-06-28 11:55:00,1719600900,213.34,213.39,213.2,213.23,35749
716,2024-06-28 11:56:00,1719600960,213.23,213.23,213.16,213.2,57212
717,2024-06-28 11:57:00,1719601020,213.19,213.2,213.18,213.2,45138
718,2024-06-28 11:58:00,1719601080,213.2,213.26,213.12,213.13,56473
719,2024-06-28 11:59:00,1719601140,213.13,213.17,213.09,213.15,42416
720,2024-06-28 12:00:00,1719601200,213.15,213.16,213.09,213.09,52215
721,2024-06-28 12:01:00,1719601260,213.09,213.14,213.03,213.06,58604
722,2024-06-28 12:02:00,1719601320,213.07,213.07,212.86,212.91,124693
723,2024-06-28 12:03:00,1719601380,212.9,213.02,212.85,212.85,79048
724,2024-06-28 12:04:00,1719601440,212.86,213.01,212.82,212.96,72453
725,2024-06-28 12:05:00,1719601500,212.96,213.06,212.95,212.98,71109
726,2024-06-28 12:06:00,1719601560,212.99,213.01,212.89,212.97,51716
727,2024-06-28 12:07:00,1719601620,212.97,212.97,212.76,212.9,67598
728,2024-06-28 12:08:00,1719601680,212.89,212.89,212.7,212.73,87500
729,2024-06-28 12:09:00,1719601740,212.74,213.09,212.72,213.08,87846
730,2024-06-28 12:10:00,1719601800,213.09,213.09,212.95,212.95,76206
731,2024-06-28 12:11:00,1719601860,212.96,213.01,212.95,213.0,52114
732,2024-06-28 12:12:00,1719601920,212.99,213.07,212.95,212.99,42066
733,2024-06-28 12:13:00,1719601980,213.0,213.01,212.89,212.92,66649
734,2024-06-28 12:14:00,1719602040,212.9,212.96,212.83,212.92,67688
735,2024-06-28 12:15:00,1719602100,212.93,213.1,212.92,212.99,94965
736,2024-06-28 12:16:00,1719602160,212.99,213.09,212.95,213.09,55912
737,2024-06-28 12:17:00,1719602220,213.08,213.18,213.06,213.17,91592
738,2024-06-28 12:18:00,1719602280,213.16,213.29,213.15,213.24,98192
739,2024-06-28 12:19:00,1719602340,213.24,213.28,213.16,213.25,85712
740,2024-06-28 12:20:00,1719602400,213.25,213.35,213.14,213.17,80543
741,2024-06-28 12:21:00,1719602460,213.18,213.23,213.09,213.19,59886
742,2024-06-28 12:22:00,1719602520,213.18,213.26,213.14,213.16,77321
743,2024-06-28 12:23:00,1719602580,213.14,213.28,213.14,213.21,37754
744,2024-06-28 12:24:00,1719602640,213.21,213.27,213.19,213.22,56366
745,2024-06-28 12:25:00,1719602700,213.21,213.27,213.19,213.19,57238
746,2024-06-28 12:26:00,1719602760,213.2,213.2,213.05,213.08,62851
747,2024-06-28 12:27:00,1719602820,213.08,213.18,213.05,213.17,58040
748,2024-06-28 12:28:00,1719602880,213.17,213.2,213.03,213.05,57016
749,2024-06-28 12:29:00,1719602940,213.04,213.06,213.01,213.06,58361
750,2024-06-28 12:30:00,1719603000,213.06,213.08,213.02,213.07,99519
751,2024-06-28 12:31:00,1719603060,213.06,213.08,212.7,212.79,235991
752,2024-06-28 12:32:00,1719603120,212.79,212.8,212.54,212.57,124108
753,2024-06-28 12:33:00,1719603180,212.56,212.58,212.17,212.18,200000
754,2024-06-28 12:34:00,1719603240,212.2,212.77,212.11,212.75,176214
755,2024-06-28 12:35:00,1719603300,212.74,212.91,212.71,212.78,105800
756,2024-06-28 12:36:00,1719603360,212.79,212.9,212.73,212.74,146988
757,2024-06-28 12:37:00,1719603420,212.74,212.8,212.66,212.68,115316
758,2024-06-28 12:38:00,1719603480,212.67,212.91,212.61,212.84,116474
759,2024-06-28 12:39:00,1719603540,212.84,212.84,212.61,212.69,119669
760,2024-06-28 12:40:00,1719603600,212.69,212.8,212.64,212.69,112237
761,2024-06-28 12:41:00,1719603660,212.7,212.8,212.62,212.73,90735
762,2024-06-28 12:42:00,1719603720,212.73,213.25,212.73,213.25,152158
763,2024-06-28 12:43:00,1719603780,213.25,213.54,213.24,213.52,184107
764,2024-06-28 12:44:00,1719603840,213.54,213.61,213.49,213.51,173623
765,2024-06-28 12:45:00,1719603900,213.52,213.58,213.31,213.41,130782
766,2024-06-28 12:46:00,1719603960,213.42,213.46,213.27,213.29,94006
767,2024-06-28 12:47:00,1719604020,213.29,213.46,213.26,213.44,123587
768,2024-06-28 12:48:00,1719604080,213.44,213.46,213.2,213.22,81539
769,2024-06-28 12:49:00,1719604140,213.22,213.31,213.03,213.13,163348
770,2024-06-28 12:50:00,1719604200,213.11,213.29,212.81,212.94,318168
771,2024-06-28 12:51:00,1719604260,212.94,213.05,212.84,212.93,160661
772,2024-06-28 12:52:00,1719604320,212.95,212.99,212.8,212.88,137072
773,2024-06-28 12:53:00,1719604380,212.88,212.88,212.33,212.46,260114
774,2024-06-28 12:54:00,1719604440,212.46,212.56,211.5,211.68,962079
775,2024-06-28 12:55:00,1719604500,211.7,211.85,210.8,211.04,1049825
776,2024-06-28 12:56:00,1719604560,211.03,211.22,210.82,210.91,1036989
777,2024-06-28 12:57:00,1719604620,210.89,211.4,210.68,211.24,972050
778,2024-06-28 12:58:00,1719604680,211.23,211.55,210.83,210.96,1196004
779,2024-06-28 12:59:00,1719604740,210.97,211.22,210.3,210.61,2343805
780,2024-07-01 06:30:00,1719840600,212.09,212.52,211.92,212.43,1124368
781,2024-07-01 06:31:00,1719840660,212.44,213.09,212.33,212.98,457214
782,2024-07-01 06:32:00,1719840720,213.02,213.07,212.61,212.94,211550
783,2024-07-01 06:33:00,1719840780,212.92,213.26,212.55,213.18,275244
784,2024-07-01 06:34:00,1719840840,213.19,213.48,213.08,213.34,250397
785,2024-07-01 06:35:00,1719840900,213.33,213.7,213.31,213.65,278939
786,2024-07-01 06:36:00,1719840960,213.64,214.04,213.64,213.89,308684
787,2024-07-01 06:37:00,1719841020,213.88,213.98,213.14,213.26,247804
788,2024-07-01 06:38:00,1719841080,213.26,213.81,213.22,213.57,199204
789,2024-07-01 06:39:00,1719841140,213.57,213.6,213.18,213.33,162221
790,2024-07-01 06:40:00,1719841200,213.32,213.32,212.93,213.13,241471
791,2024-07-01 06:41:00,1719841260,213.16,213.46,212.99,213.22,132404
792,2024-07-01 06:42:00,1719841320,213.22,213.61,213.14,213.61,102777
793,2024-07-01 06:43:00,1719841380,213.62,213.8,213.57,213.73,155365
794,2024-07-01 06:44:00,1719841440,213.72,213.85,213.37,213.52,220306
795,2024-07-01 06:45:00,1719841500,213.52,213.64,212.99,213.0,239799
796,2024-07-01 06:46:00,1719841560,213.01,213.14,212.87,213.0,233867
797,2024-07-01 06:47:00,1719841620,212.98,213.04,212.67,212.7,141788
798,2024-07-01 06:48:00,1719841680,212.72,213.05,212.6,212.95,212398
799,2024-07-01 06:49:00,1719841740,212.99,212.99,212.41,212.45,139747
800,2024-07-01 06:50:00,1719841800,212.42,212.64,212.34,212.58,150693
801,2024-07-01 06:51:00,1719841860,212.57,212.59,212.28,212.38,108629
802,2024-07-01 06:52:00,1719841920,212.38,212.79,212.37,212.65,195115
803,2024-07-01 06:53:00,1719841980,212.66,212.74,212.48,212.56,157225
804,2024-07-01 06:54:00,1719842040,212.56,212.99,212.51,212.78,165738
805,2024-07-01 06:55:00,1719842100,212.8,212.83,212.6,212.78,76709
806,2024-07-01 06:56:00,1719842160,212.77,212.94,212.72,212.92,98650
807,2024-07-01 06:57:00,1719842220,212.92,213.02,212.85,212.85,112640
808,2024-07-01 06:58:00,1719842280,212.86,213.2,212.85,213.16,107362
809,2024-07-01 06:59:00,1719842340,213.16,213.18,213.02,213.15,66094
810,2024-07-01 07:00:00,1719842400,213.15,213.4,213.15,213.34,212523
811,2024-07-01 07:01:00,1719842460,213.31,213.31,213.14,213.3,92158
812,2024-07-01 07:02:00,1719842520,213.3,213.47,213.22,213.38,123082
813,2024-07-01 07:03:00,1719842580,213.38,213.45,213.29,213.34,69035
814,2024-07-01 07:04:00,1719842640,213.34,213.48,213.18,213.2,108221
815,2024-07-01 07:05:00,1719842700,213.21,213.73,213.18,213.63,169169
816,2024-07-01 07:06:00,1719842760,213.62,213.76,213.36,213.38,125194
817,2024-07-01 07:07:00,1719842820,213.38,213.77,213.3,213.75,259528
818,2024-07-01 07:08:00,1719842880,213.73,213.88,213.57,213.58,152557
819,2024-07-01 07:09:00,1719842940,213.58,213.62,213.28,213.56,94166
820,2024-07-01 07:10:00,1719843000,213.56,213.82,213.49,213.5,141142
821,2024-07-01 07:11:00,1719843060,213.5,213.52,213.18,213.18,90861
822,2024-07-01 07:12:00,1719843120,213.18,213.2,212.83,212.89,128984
823,2024-07-01 07:13:00,1719843180,212.91,213.18,212.87,212.9,96815
824,2024-07-01 07:14:00,1719843240,212.9,213.08,212.85,212.94,85329
825,2024-07-01 07:15:00,1719843300,212.93,213.15,212.78,213.05,124010
826,2024-07-01 07:16:00,1719843360,213.06,213.61,213.04,213.59,151250
827,2024-07-01 07:17:00,1719843420,213.58,213.86,213.58,213.85,126614
828,2024-07-01 07:18:00,1719843480,213.85,214.1,213.8,214.02,343415
829,2024-07-01 07:19:00,1719843540,214.01,214.43,213.94,214.41,273341
830,2024-07-01 07:20:00,1719843600,214.4,214.8,214.39,214.72,340831
831,2024-07-01 07:21:00,1719843660,214.72,214.86,214.58,214.85,223656
832,2024-07-01 07:22:00,1719843720,214.85,215.21,214.85,215.08,482092
833,2024-07-01 07:23:00,1719843780,215.08,215.49,215.03,215.21,297528
834,2024-07-01 07:24:00,1719843840,215.22,215.39,215.05,215.14,226028
835,2024-07-01 07:25:00,1719843900,215.15,215.32,215.1,215.2,150702
836,2024-07-01 07:26:00,1719843960,215.19,215.22,214.87,214.98,162146
837,2024-07-01 07:27:00,1719844020,214.98,215.2,214.88,215.18,124782
838,2024-07-01 07:28:00,1719844080,215.19,215.59,215.18,215.43,354823
839,2024-07-01 07:29:00,1719844140,215.44,215.54,215.18,215.23,204952
840,2024-07-01 07:30:00,1719844200,215.22,215.34,214.93,215.06,131428
841,2024-07-01 07:31:00,1719844260,215.07,215.08,214.81,215.04,127851
842,2024-07-01 07:32:00,1719844320,215.03,215.18,214.89,214.94,96816
843,2024-07-01 07:33:00,1719844380,214.95,215.05,214.82,214.99,140494
844,2024-07-01 07:34:00,1719844440,215.01,215.01,214.78,214.79,71930
845,2024-07-01 07:35:00,1719844500,214.79,214.94,214.69,214.89,153875
846,2024-07-01 07:36:00,1719844560,214.88,214.92,214.77,214.8,148976
847,2024-07-01 07:37:00,1719844620,214.78,214.81,214.45,214.48,128910
848,2024-07-01 07:38:00,1719844680,214.46,214.52,214.2,214.3,116225
849,2024-07-01 07:39:00,1719844740,214.31,214.44,214.22,214.34,135812
850,2024-07-01 07:40:00,1719844800,214.34,214.35,214.13,214.22,102027
851,2024-07-01 07:41:00,1719844860,214.22,214.36,214.1,214.11,78414
852,2024-07-01 07:42:00,1719844920,214.1,214.4,214.09,214.33,103873
853,2024-07-01 07:43:00,1719844980,214.33,214.53,214.18,214.19,138028
854,2024-07-01 07:44:00,1719845040,214.16,214.58,214.15,214.58,142023
855,2024-07-01 07:45:00,1719845100,214.58,214.58,214.34,214.43,55534
856,2024-07-01 07:46:00,1719845160,214.42,214.7,214.4,214.56,93476
857,2024-07-01 07:47:00,1719845220,214.55,214.85,214.51,214.82,123413
858,2024-07-01 07:48:00,1719845280,214.83,215.11,214.83,215.09,183198
859,2024-07-01 07:49:00,1719845340,215.09,215.09,214.91,214.96,121306
860,2024-07-01 07:50:00,1719845400,214.98,215.37,214.96,215.31,160901
861,2024-07-01 07:51:00,1719845460,215.3,215.34,215.13,215.17,118263
862,2024-07-01 07:52:00,1719845520,215.18,215.26,214.99,215.03,99231
863,2024-07-01 07:53:00,1719845580,215.03,215.07,214.57,214.74,126930
864,2024-07-01 07:54:00,1719845640,214.75,214.89,214.67,214.71,116447
865,2024-07-01 07:55:00,1719845700,214.71,214.99,214.68,214.99,83945
866,2024-07-01 07:56:00,1719845760,214.99,215.19,214.96,214.98,139386
867,2024-07-01 07:57:00,1719845820,215.01,215.14,214.92,215.11,105207
868,2024-07-01 07:58:00,1719845880,215.12,215.3,215.12,215.21,114034
869,2024-07-01 07:59:00,1719845940,215.21,215.38,215.14,215.36,113380
870,2024-07-01 08:00:00,1719846000,215.36,215.43,215.23,215.31,172039
871,2024-07-01 08:01:00,1719846060,215.34,215.4,214.98,215.06,98454
872,2024-07-01 08:02:00,1719846120,215.07,215.24,214.99,215.01,97694
873,2024-07-01 08:03:00,1719846180,215.01,215.28,214.99,215.27,88805
874,2024-07-01 08:04:00,1719846240,215.28,215.56,215.2,215.21,188958
875,2024-07-01 08:05:00,1719846300,215.19,215.26,214.87,214.89,146580
876,2024-07-01 08:06:00,1719846360,214.89,214.91,214.47,214.6,120857
877,2024-07-01 08:07:00,1719846420,214.59,214.77,214.52,214.73,84065
878,2024-07-01 08:08:00,1719846480,214.73,215.08,214.72,214.92,127288
879,2024-07-01 08:09:00,1719846540,214.92,214.92,214.62,214.74,81699
880,2024-07-01 08:10:00,1719846600,214.72,214.96,214.71,214.84,51968
881,2024-07-01 08:11:00,1719846660,214.84,215.17,214.84,215.05,92687
882,2024-07-01 08:12:00,1719846720,215.06,215.17,214.94,215.04,81421
883,2024-07-01 08:13:00,1719846780,215.03,215.2,215.01,215.2,68316
884,2024-07-01 08:14:00,1719846840,215.19,215.41,215.17,215.33,198266
885,2024-07-01 08:15:00,1719846900,215.33,215.37,215.18,215.35,94026
886,2024-07-01 08:16:00,1719846960,215.33,215.34,215.25,215.27,64611
887,2024-07-01 08:17:00,1719847020,215.27,215.28,215.12,215.16,46244
888,2024-07-01 08:18:00,1719847080,215.15,215.17,215.0,215.09,68964
889,2024-07-01 08:19:00,1719847140,215.05,215.14,214.95,215.04,78597
890,2024-07-01 08:20:00,1719847200,215.03,215.09,214.8,214.81,60883
891,2024-07-01 08:21:00,1719847260,214.81,214.82,214.66,214.78,70560
892,2024-07-01 08:22:00,1719847320,214.79,214.79,214.5,214.51,77168
893,2024-07-01 08:23:00,1719847380,214.5,214.51,214.34,214.47,87338
894,2024-07-01 08:24:00,1719847440,214.48,214.72,214.47,214.7,86082
895,2024-07-01 08:25:00,1719847500,214.7,214.98,214.7,214.98,86148
896,2024-07-01 08:26:00,1719847560,214.98,215.0,214.78,214.99,65970
897,2024-07-01 08:27:00,1719847620,214.98,215.01,214.8,214.85,56279
898,2024-07-01 08:28:00,1719847680,214.85,214.9,214.78,214.89,35268
899,2024-07-01 08:29:00,1719847740,214.89,215.08,214.89,215.01,70801
900,2024-07-01 08:30:00,1719847800,215.01,215.02,214.73,214.81,47839
901,2024-07-01 08:31:00,1719847860,214.83,214.91,214.74,214.85,34663
902,2024-07-01 08:32:00,1719847920,214.84,214.92,214.75,214.89,59896
903,2024-07-01 08:33:00,1719847980,214.89,214.98,214.82,214.98,56351
904,2024-07-01 08:34:00,1719848040,214.98,215.17,214.97,215.15,94539
905,2024-07-01 08:35:00,1719848100,215.15,215.2,215.06,215.13,80874
906,2024-07-01 08:36:00,1719848160,215.14,215.14,214.96,214.98,49111
907,2024-07-01 08:37:00,1719848220,214.97,214.97,214.81,214.9,51319
908,2024-07-01 08:38:00,1719848280,214.91,215.0,214.78,214.8,57205
909,2024-07-01 08:39:00,1719848340,214.78,214.93,214.7,214.92,41599
910,2024-07-01 08:40:00,1719848400,214.93,215.27,214.89,215.23,108539
911,2024-07-01 08:41:00,1719848460,215.23,215.34,215.16,215.28,99025
912,2024-07-01 08:42:00,1719848520,215.31,215.35,215.03,215.17,83082
913,2024-07-01 08:43:00,1719848580,215.16,215.28,215.06,215.24,44058
914,2024-07-01 08:44:00,1719848640,215.22,215.24,214.98,215.04,45742
915,2024-07-01 08:45:00,1719848700,215.03,215.18,215.0,215.15,39991
916,2024-07-01 08:46:00,1719848760,215.15,215.22,215.07,215.18,58329
917,2024-07-01 08:47:00,1719848820,215.18,215.24,215.08,215.09,44911
918,2024-07-01 08:48:00,1719848880,215.1,215.27,215.08,215.26,75033
919,2024-07-01 08:49:00,1719848940,215.26,215.27,215.03,215.03,60669
920,2024-07-01 08:50:00,1719849000,215.03,215.14,214.98,215.14,36455
921,2024-07-01 08:51:00,1719849060,215.14,215.23,215.1,215.19,79935
922,2024-07-01 08:52:00,1719849120,215.19,215.28,215.18,215.23,77320
923,2024-07-01 08:53:00,1719849180,215.21,215.25,215.14,215.24,64562
924,2024-07-01 08:54:00,1719849240,215.24,215.32,215.18,215.24,89908
925,2024-07-01 08:55:00,1719849300,215.24,215.35,215.14,215.22,176801
926,2024-07-01 08:56:00,1719849360,215.22,215.37,215.17,215.37,74592
927,2024-07-01 08:57:00,1719849420,215.37,215.66,215.33,215.55,266458
928,2024-07-01 08:58:00,1719849480,215.56,215.73,215.56,215.64,130498
929,2024-07-01 08:59:00,1719849540,215.63,215.73,215.61,215.69,116249
930,2024-07-01 09:00:00,1719849600,215.69,215.69,215.33,215.48,165411
931,2024-07-01 09:01:00,1719849660,215.47,215.73,215.44,215.7,90083
932,2024-07-01 09:02:00,1719849720,215.67,215.7,215.56,215.66,90009
933,2024-07-01 09:03:00,1719849780,215.66,215.69,215.56,215.6,53434
934,2024-07-01 09:04:00,1719849840,215.59,215.75,215.58,215.74,80287
935,2024-07-01 09:05:00,1719849900,215.75,215.92,215.69,215.86,159971
936,2024-07-01 09:06:00,1719849960,215.86,215.9,215.75,215.85,136317
937,2024-07-01 09:07:00,1719850020,215.85,215.86,215.66,215.73,106591
938,2024-07-01 09:08:00,1719850080,215.73,215.84,215.7,215.73,79412
939,2024-07-01 09:09:00,1719850140,215.74,215.94,215.72,215.94,65415
940,2024-07-01 09:10:00,1719850200,215.94,215.94,215.88,215.94,98230
941,2024-07-01 09:11:00,1719850260,215.93,215.96,215.89,215.91,92412
942,2024-07-01 09:12:00,1719850320,215.91,216.02,215.86,215.93,184337
943,2024-07-01 09:13:00,1719850380,215.94,216.01,215.9,216.0,69450
944,2024-07-01 09:14:00,1719850440,216.0,216.03,215.99,216.0,81839
945,2024-07-01 09:15:00,1719850500,216.01,216.02,215.84,215.93,106837
946,2024-07-01 09:16:00,1719850560,215.93,215.99,215.86,215.87,54008
947,2024-07-01 09:17:00,1719850620,215.87,215.94,215.83,215.92,48282
948,2024-07-01 09:18:00,1719850680,215.93,215.97,215.89,215.93,52401
949,2024-07-01 09:19:00,1719850740,215.93,216.06,215.9,216.03,84560
950,2024-07-01 09:20:00,1719850800,216.05,216.14,215.75,215.81,169889
951,2024-07-01 09:21:00,1719850860,215.82,216.33,215.81,216.27,232402
952,2024-07-01 09:22:00,1719850920,216.27,216.32,216.05,216.13,113763
953,2024-07-01 09:23:00,1719850980,216.13,216.2,215.97,216.19,83154
954,2024-07-01 09:24:00,1719851040,216.2,216.36,216.05,216.07,128569
955,2024-07-01 09:25:00,1719851100,216.04,216.21,215.94,216.17,92148
956,2024-07-01 09:26:00,1719851160,216.16,216.33,216.16,216.29,95239
957,2024-07-01 09:27:00,1719851220,216.29,216.4,216.25,216.39,125205
958,2024-07-01 09:28:00,1719851280,216.39,216.55,216.3,216.4,257307
959,2024-07-01 09:29:00,1719851340,216.39,216.58,216.35,216.51,127321
960,2024-07-01 09:30:00,1719851400,216.51,216.67,216.51,216.55,127602
961,2024-07-01 09:31:00,1719851460,216.55,216.64,216.51,216.6,103056
962,2024-07-01 09:32:00,1719851520,216.6,216.65,216.57,216.61,90273
963,2024-07-01 09:33:00,1719851580,216.62,216.69,216.58,216.68,92156
964,2024-07-01 09:34:00,1719851640,216.69,216.72,216.47,216.51,162281
965,2024-07-01 09:35:00,1719851700,216.51,216.8,216.5,216.69,167251
966,2024-07-01 09:36:00,1719851760,216.69,216.85,216.68,216.75,131426
967,2024-07-01 09:37:00,1719851820,216.75,216.91,216.75,216.89,106210
968,2024-07-01 09:38:00,1719851880,216.89,216.96,216.82,216.95,108234
969,2024-07-01 09:39:00,1719851940,216.96,216.99,216.77,216.79,207203
970,2024-07-01 09:40:00,1719852000,216.78,216.82,216.57,216.76,121344
971,2024-07-01 09:41:00,1719852060,216.77,217.02,216.75,216.99,256811
972,2024-07-01 09:42:00,1719852120,216.99,217.01,216.67,216.89,140104
973,2024-07-01 09:43:00,1719852180,216.89,217.16,216.86,217.13,190623
974,2024-07-01 09:44:00,1719852240,217.13,217.32,217.06,217.31,334585
975,2024-07-01 09:45:00,1719852300,217.31,217.5,217.3,217.32,255869
976,2024-07-01 09:46:00,1719852360,217.34,217.34,216.86,216.98,208759
977,2024-07-01 09:47:00,1719852420,216.98,217.26,216.94,217.14,207121
978,2024-07-01 09:48:00,1719852480,217.14,217.14,216.91,217.01,148682
979,2024-07-01 09:49:00,1719852540,217.01,217.01,216.84,216.94,123567
980,2024-07-01 09:50:00,1719852600,216.95,217.03,216.68,216.77,127803
981,2024-07-01 09:51:00,1719852660,216.76,216.83,216.57,216.67,153108
982,2024-07-01 09:52:00,1719852720,216.66,216.97,216.6,216.95,116154
983,2024-07-01 09:53:00,1719852780,216.95,217.2,216.94,217.16,157341
984,2024-07-01 09:54:00,1719852840,217.16,217.2,217.07,217.12,127702
985,2024-07-01 09:55:00,1719852900,217.12,217.24,217.1,217.15,89112
986,2024-07-01 09:56:00,1719852960,217.17,217.25,216.93,217.04,105013
987,2024-07-01 09:57:00,1719853020,217.05,217.05,216.82,216.89,86776
988,2024-07-01 09:58:00,1719853080,216.9,217.01,216.89,216.98,59057
989,2024-07-01 09:59:00,1719853140,216.99,217.1,216.89,216.98,79628
990,2024-07-01 10:00:00,1719853200,217.0,217.06,216.93,217.06,50685
991,2024-07-01 10:01:00,1719853260,217.06,217.3,216.99,217.3,162560
992,2024-07-01 10:02:00,1719853320,217.3,217.43,217.19,217.41,129782
993,2024-07-01 10:03:00,1719853380,217.41,217.51,217.02,217.08,158420
994,2024-07-01 10:04:00,1719853440,217.09,217.27,217.05,217.19,102828
995,2024-07-01 10:05:00,1719853500,217.2,217.37,217.11,217.32,92624
996,2024-07-01 10:06:00,1719853560,217.34,217.37,217.14,217.27,59593
997,2024-07-01 10:07:00,1719853620,217.29,217.31,217.11,217.14,71253
998,2024-07-01 10:08:00,1719853680,217.13,217.2,216.99,217.07,71070
999,2024-07-01 10:09:00,1719853740,217.06,217.19,216.97,217.01,64140
1000,2024-07-01 10:10:00,1719853800,217.0,217.21,216.92,217.14,69456
1001,2024-07-01 10:11:00,1719853860,217.19,217.34,217.18,217.33,82502
1002,2024-07-01 10:12:00,1719853920,217.32,217.43,217.3,217.39,104471
1003,2024-07-01 10:13:00,1719853980,217.39,217.44,217.23,217.27,97218
1004,2024-07-01 10:14:00,1719854040,217.27,217.37,217.1,217.12,86359
1005,2024-07-01 10:15:00,1719854100,217.12,217.15,217.02,217.13,98132
1006,2024-07-01 10:16:00,1719854160,217.13,217.24,217.08,217.19,110792
1007,2024-07-01 10:17:00,1719854220,217.21,217.38,217.19,217.35,105167
1008,2024-07-01 10:18:00,1719854280,217.35,217.43,217.23,217.43,76013
1009,2024-07-01 10:19:00,1719854340,217.43,217.5,217.41,217.48,194116
1010,2024-07-01 10:20:00,1719854400,217.48,217.51,217.4,217.42,198350
1011,2024-07-01 10:21:00,1719854460,217.42,217.5,217.37,217.43,68304
1012,2024-07-01 10:22:00,1719854520,217.43,217.48,217.25,217.27,96706
1013,2024-07-01 10:23:00,1719854580,217.27,217.35,217.12,217.34,93659
1014,2024-07-01 10:24:00,1719854640,217.34,217.34,217.08,217.11,96247
1015,2024-07-01 10:25:00,1719854700,217.13,217.24,217.04,217.23,90542
1016,2024-07-01 10:26:00,1719854760,217.24,217.32,217.21,217.29,68947
1017,2024-07-01 10:27:00,1719854820,217.28,217.29,217.07,217.19,59243
1018,2024-07-01 10:28:00,1719854880,217.18,217.34,217.17,217.29,76066
1019,2024-07-01 10:29:00,1719854940,217.3,217.35,217.24,217.25,65427
1020,2024-07-01 10:30:00,1719855000,217.25,217.25,217.04,217.06,58353
1021,2024-07-01 10:31:00,1719855060,217.06,217.09,216.81,216.87,82258
1022,2024-07-01 10:32:00,1719855120,216.86,217.05,216.85,217.01,55085
1023,2024-07-01 10:33:00,1719855180,217.02,217.05,216.94,216.96,38954
1024,2024-07-01 10:34:00,1719855240,216.95,217.01,216.86,216.86,37955
1025,2024-07-01 10:35:00,1719855300,216.87,217.05,216.84,216.96,45936
1026,2024-07-01 10:36:00,1719855360,216.97,217.12,216.95,217.0,61123
1027,2024-07-01 10:37:00,1719855420,216.99,217.14,216.93,216.96,56504
1028,2024-07-01 10:38:00,1719855480,216.95,216.98,216.83,216.86,38064
1029,2024-07-01 10:39:00,1719855540,216.85,216.89,216.71,216.84,74508
1030,2024-07-01 10:40:00,1719855600,216.85,216.96,216.83,216.96,45948
1031,2024-07-01 10:41:00,1719855660,216.95,216.99,216.9,216.99,28249
1032,2024-07-01 10:42:00,1719855720,216.98,217.02,216.83,216.9,58531
1033,2024-07-01 10:43:00,1719855780,216.9,216.94,216.81,216.9,48833
1034,2024-07-01 10:44:00,1719855840,216.91,217.05,216.91,217.02,56764
1035,2024-07-01 10:45:00,1719855900,217.02,217.08,216.94,217.04,55918
1036,2024-07-01 10:46:00,1719855960,217.05,217.05,216.75,216.9,69016
1037,2024-07-01 10:47:00,1719856020,216.88,216.9,216.72,216.83,63137
1038,2024-07-01 10:48:00,1719856080,216.83,216.83,216.63,216.68,77527
1039,2024-07-01 10:49:00,1719856140,216.68,216.68,216.42,216.46,99096
1040,2024-07-01 10:50:00,1719856200,216.43,216.49,216.32,216.4,90104
1041,2024-07-01 10:51:00,1719856260,216.4,216.47,216.36,216.47,63750
1042,2024-07-01 10:52:00,1719856320,216.46,216.65,216.46,216.62,95931
1043,2024-07-01 10:53:00,1719856380,216.64,216.78,216.55,216.67,90011
1044,2024-07-01 10:54:00,1719856440,216.67,216.7,216.57,216.65,51414
1045,2024-07-01 10:55:00,1719856500,216.65,216.67,216.47,216.62,50825
1046,2024-07-01 10:56:00,1719856560,216.62,216.67,216.54,216.57,40328
1047,2024-07-01 10:57:00,1719856620,216.56,216.57,216.47,216.52,52976
1048,2024-07-01 10:58:00,1719856680,216.52,216.56,216.48,216.53,46547
1049,2024-07-01 10:59:00,1719856740,216.53,216.75,216.52,216.72,42046
1050,2024-07-01 11:00:00,1719856800,216.72,216.73,216.47,216.51,48359
1051,2024-07-01 11:01:00,1719856860,216.5,216.58,216.47,216.51,39472
1052,2024-07-01 11:02:00,1719856920,216.52,216.56,216.47,216.48,44859
1053,2024-07-01 11:03:00,1719856980,216.47,216.47,216.39,216.46,43676
1054,2024-07-01 11:04:00,1719857040,216.46,216.5,216.39,216.5,50864
1055,2024-07-01 11:05:00,1719857100,216.5,216.57,216.38,216.42,52227
1056,2024-07-01 11:06:00,1719857160,216.42,216.49,216.33,216.34,46712
1057,2024-07-01 11:07:00,1719857220,216.34,216.43,216.34,216.36,46947
1058,2024-07-01 11:08:00,1719857280,216.36,216.45,216.33,216.35,52266
1059,2024-07-01 11:09:00,1719857340,216.35,216.37,216.29,216.3,39453
1060,2024-07-01 11:10:00,1719857400,216.3,216.42,216.26,216.41,36211
1061,2024-07-01 11:11:00,1719857460,216.42,216.59,216.4,216.57,51276
1062,2024-07-01 11:12:00,1719857520,216.57,216.82,216.56,216.77,85255
1063,2024-07-01 11:13:00,1719857580,216.78,216.8,216.53,216.57,68428
1064,2024-07-01 11:14:00,1719857640,216.56,216.65,216.49,216.64,40318
1065,2024-07-01 11:15:00,1719857700,216.64,216.78,216.63,216.74,68060
1066,2024-07-01 11:16:00,1719857760,216.73,216.78,216.67,216.68,53596
1067,2024-07-01 11:17:00,1719857820,216.69,216.77,216.69,216.74,47983
1068,2024-07-01 11:18:00,1719857880,216.75,216.88,216.74,216.87,80130
1069,2024-07-01 11:19:00,1719857940,216.87,216.9,216.8,216.81,52782
1070,2024-07-01 11:20:00,1719858000,216.81,216.81,216.56,216.59,44194
1071,2024-07-01 11:21:00,1719858060,216.64,216.65,216.53,216.56,22393
1072,2024-07-01 11:22:00,1719858120,216.58,216.62,216.48,216.5,26089
1073,2024-07-01 11:23:00,1719858180,216.5,216.51,216.43,216.46,42052
1074,2024-07-01 11:24:00,1719858240,216.45,216.45,216.35,216.42,62828
1075,2024-07-01 11:25:00,1719858300,216.41,216.45,216.25,216.26,69149
1076,2024-07-01 11:26:00,1719858360,216.25,216.25,216.1,216.19,106528
1077,2024-07-01 11:27:00,1719858420,216.19,216.31,216.09,216.28,73854
1078,2024-07-01 11:28:00,1719858480,216.28,216.28,216.14,216.18,31390
1079,2024-07-01 11:29:00,1719858540,216.18,216.19,215.92,215.94,108471
1080,2024-07-01 11:30:00,1719858600,215.93,216.0,215.81,215.95,99783
1081,2024-07-01 11:31:00,1719858660,215.94,216.01,215.81,215.98,75917
1082,2024-07-01 11:32:00,1719858720,215.98,216.08,215.8,215.84,92114
1083,2024-07-01 11:33:00,1719858780,215.84,215.84,215.71,215.82,87761
1084,2024-07-01 11:34:00,1719858840,215.82,215.87,215.81,215.87,38555
1085,2024-07-01 11:35:00,1719858900,215.87,215.99,215.72,215.74,69617
1086,2024-07-01 11:36:00,1719858960,215.73,215.83,215.71,215.76,51598
1087,2024-07-01 11:37:00,1719859020,215.79,215.84,215.73,215.82,52863
1088,2024-07-01 11:38:00,1719859080,215.84,215.86,215.75,215.78,37580
1089,2024-07-01 11:39:00,1719859140,215.77,215.9,215.76,215.78,61298
1090,2024-07-01 11:40:00,1719859200,215.78,215.79,215.62,215.73,85571
1091,2024-07-01 11:41:00,1719859260,215.73,215.81,215.68,215.71,95930
1092,2024-07-01 11:42:00,1719859320,215.71,215.76,215.67,215.71,51066
1093,2024-07-01 11:43:00,1719859380,215.7,215.77,215.7,215.76,38956
1094,2024-07-01 11:44:00,1719859440,215.77,216.09,215.76,216.04,101443
1095,2024-07-01 11:45:00,1719859500,216.04,216.08,215.85,215.85,96250
1096,2024-07-01 11:46:00,1719859560,215.84,215.93,215.72,215.91,57360
1097,2024-07-01 11:47:00,1719859620,215.91,215.91,215.75,215.82,43340
1098,2024-07-01 11:48:00,1719859680,215.81,215.82,215.71,215.73,39813
1099,2024-07-01 11:49:00,1719859740,215.72,215.74,215.66,215.7,70754
1100,2024-07-01 11:50:00,1719859800,215.7,215.71,215.52,215.54,75451
1101,2024-07-01 11:51:00,1719859860,215.53,215.88,215.53,215.76,79013
1102,2024-07-01 11:52:00,1719859920,215.75,215.8,215.58,215.7,49393
1103,2024-07-01 11:53:00,1719859980,215.69,215.83,215.64,215.79,38032
1104,2024-07-01 11:54:00,1719860040,215.79,215.94,215.76,215.93,76737
1105,2024-07-01 11:55:00,1719860100,215.93,215.93,215.72,215.73,59563
1106,2024-07-01 11:56:00,1719860160,215.72,215.75,215.63,215.65,46127
1107,2024-07-01 11:57:00,1719860220,215.65,215.66,215.41,215.44,151795
1108,2024-07-01 11:58:00,1719860280,215.43,215.96,215.43,215.87,103341
1109,2024-07-01 11:59:00,1719860340,215.89,215.92,215.69,215.75,54844
1110,2024-07-01 12:00:00,1719860400,215.74,215.81,215.64,215.66,40165
1111,2024-07-01 12:01:00,1719860460,215.66,215.67,215.56,215.62,39476
1112,2024-07-01 12:02:00,1719860520,215.61,215.86,215.61,215.83,79155
1113,2024-07-01 12:03:00,1719860580,215.8,215.85,215.64,215.69,44682
1114,2024-07-01 12:04:00,1719860640,215.69,215.88,215.69,215.85,65887
1115,2024-07-01 12:05:00,1719860700,215.84,215.92,215.77,215.89,63589
1116,2024-07-01 12:06:00,1719860760,215.89,216.1,215.88,216.1,112572
1117,2024-07-01 12:07:00,1719860820,216.09,216.15,216.0,216.15,77244
1118,2024-07-01 12:08:00,1719860880,216.16,216.19,216.11,216.15,74045
1119,2024-07-01 12:09:00,1719860940,216.16,216.18,216.07,216.13,41331
1120,2024-07-01 12:10:00,1719861000,216.13,216.15,216.03,216.11,49208
1121,2024-07-01 12:11:00,1719861060,216.15,216.16,216.07,216.08,33479
1122,2024-07-01 12:12:00,1719861120,216.08,216.09,216.04,216.05,41397
1123,2024-07-01 12:13:00,1719861180,216.04,216.15,216.0,216.11,60339
1124,2024-07-01 12:14:00,1719861240,216.11,216.25,216.09,216.16,101181
1125,2024-07-01 12:15:00,1719861300,216.16,216.18,216.06,216.07,45242
1126,2024-07-01 12:16:00,1719861360,216.06,216.11,216.05,216.11,44294
1127,2024-07-01 12:17:00,1719861420,216.12,216.15,215.92,215.94,108181
1128,2024-07-01 12:18:00,1719861480,215.94,215.94,215.73,215.75,60864
1129,2024-07-01 12:19:00,1719861540,215.75,215.81,215.65,215.78,70310
1130,2024-07-01 12:20:00,1719861600,215.76,215.83,215.57,215.61,76119
1131,2024-07-01 12:21:00,1719861660,215.61,215.64,215.51,215.56,55571
1132,2024-07-01 12:22:00,1719861720,215.56,215.71,215.54,215.56,58577
1133,2024-07-01 12:23:00,1719861780,215.55,215.69,215.51,215.67,52268
1134,2024-07-01 12:24:00,1719861840,215.67,215.71,215.56,215.56,50219
1135,2024-07-01 12:25:00,1719861900,215.57,215.57,215.31,215.33,96287
1136,2024-07-01 12:26:00,1719861960,215.33,215.42,215.17,215.18,95667
1137,2024-07-01 12:27:00,1719862020,215.17,215.4,215.14,215.4,92775
1138,2024-07-01 12:28:00,1719862080,215.39,215.53,215.39,215.45,66743
1139,2024-07-01 12:29:00,1719862140,215.45,215.58,215.44,215.54,48394
1140,2024-07-01 12:30:00,1719862200,215.53,215.61,215.46,215.59,72795
1141,2024-07-01 12:31:00,1719862260,215.59,215.63,215.46,215.53,75885
1142,2024-07-01 12:32:00,1719862320,215.53,215.68,215.53,215.61,78169
1143,2024-07-01 12:33:00,1719862380,215.59,215.75,215.59,215.68,66200
1144,2024-07-01 12:34:00,1719862440,215.69,215.87,215.69,215.79,65596
1145,2024-07-01 12:35:00,1719862500,215.79,216.01,215.79,215.94,81163
1146,2024-07-01 12:36:00,1719862560,215.95,215.95,215.8,215.81,77448
1147,2024-07-01 12:37:00,1719862620,215.8,215.86,215.75,215.86,41687
1148,2024-07-01 12:38:00,1719862680,215.86,216.01,215.85,215.98,69781
1149,2024-07-01 12:39:00,1719862740,215.98,216.03,215.92,216.03,65343
1150,2024-07-01 12:40:00,1719862800,216.03,216.09,215.91,215.98,91646
1151,2024-07-01 12:41:00,1719862860,215.96,216.05,215.96,215.99,55898
1152,2024-07-01 12:42:00,1719862920,216.0,216.02,215.96,215.98,48671
1153,2024-07-01 12:43:00,1719862980,215.97,216.04,215.94,216.02,53281
1154,2024-07-01 12:44:00,1719863040,216.01,216.04,215.94,216.0,62038
1155,2024-07-01 12:45:00,1719863100,216.01,216.1,215.95,215.95,141708
1156,2024-07-01 12:46:00,1719863160,215.95,216.06,215.84,216.02,101157
1157,2024-07-01 12:47:00,1719863220,216.03,216.18,216.0,216.16,104616
1158,2024-07-01 12:48:00,1719863280,216.16,216.34,216.16,216.25,134218
1159,2024-07-01 12:49:00,1719863340,216.25,216.26,216.02,216.07,71293
1160,2024-07-01 12:50:00,1719863400,216.08,216.47,216.08,216.37,162357
1161,2024-07-01 12:51:00,1719863460,216.37,216.48,216.34,216.44,124835
1162,2024-07-01 12:52:00,1719863520,216.44,216.44,216.29,216.4,97790
1163,2024-07-01 12:53:00,1719863580,216.4,216.43,216.13,216.19,133914
1164,2024-07-01 12:54:00,1719863640,216.2,216.62,216.17,216.6,234852
1165,2024-07-01 12:55:00,1719863700,216.61,217.0,216.6,216.95,390978
1166,2024-07-01 12:56:00,1719863760,216.96,217.0,216.8,216.86,285794
1167,2024-07-01 12:57:00,1719863820,216.86,216.97,216.85,216.94,293492
1168,2024-07-01 12:58:00,1719863880,216.94,216.94,216.68,216.77,445287
1169,2024-07-01 12:59:00,1719863940,216.78,216.85,216.57,216.73,855932
1170,2024-07-02 06:30:00,1719927000,216.15,216.47,215.84,215.93,1034909
1171,2024-07-02 06:31:00,1719927060,215.99,216.38,215.54,215.95,151570
1172,2024-07-02 06:32:00,1719927120,215.96,216.12,215.75,215.99,151631
1173,2024-07-02 06:33:00,1719927180,216.0,216.3,215.97,215.98,142674
1174,2024-07-02 06:34:00,1719927240,215.98,216.09,215.56,215.58,149790
1175,2024-07-02 06:35:00,1719927300,215.57,215.94,215.1,215.9,347080
1176,2024-07-02 06:36:00,1719927360,215.9,216.38,215.89,216.32,247108
1177,2024-07-02 06:37:00,1719927420,216.32,216.72,216.3,216.58,271423
1178,2024-07-02 06:38:00,1719927480,216.58,217.14,216.57,217.11,433576
1179,2024-07-02 06:39:00,1719927540,217.09,217.12,216.63,216.72,176284
1180,2024-07-02 06:40:00,1719927600,216.65,217.01,216.47,216.88,183344
1181,2024-07-02 06:41:00,1719927660,216.88,217.04,216.57,216.7,170765
1182,2024-07-02 06:42:00,1719927720,216.68,217.27,216.64,217.24,234538
1183,2024-07-02 06:43:00,1719927780,217.22,217.35,217.04,217.17,194841
1184,2024-07-02 06:44:00,1719927840,217.19,217.46,217.14,217.46,174186
1185,2024-07-02 06:45:00,1719927900,217.47,217.9,217.46,217.88,280081
1186,2024-07-02 06:46:00,1719927960,217.88,217.89,217.45,217.71,207741
1187,2024-07-02 06:47:00,1719928020,217.71,217.97,217.56,217.57,239741
1188,2024-07-02 06:48:00,1719928080,217.58,217.6,217.25,217.33,188788
1189,2024-07-02 06:49:00,1719928140,217.31,217.51,217.27,217.37,130110
1190,2024-07-02 06:50:00,1719928200,217.34,217.43,216.9,216.99,191989
1191,2024-07-02 06:51:00,1719928260,217.02,217.32,216.98,217.23,123687
1192,2024-07-02 06:52:00,1719928320,217.24,217.31,217.04,217.15,75548
1193,2024-07-02 06:53:00,1719928380,217.14,217.15,216.85,217.1,125920
1194,2024-07-02 06:54:00,1719928440,217.12,217.37,216.99,217.3,140354
1195,2024-07-02 06:55:00,1719928500,217.31,217.7,217.29,217.52,166972
1196,2024-07-02 06:56:00,1719928560,217.52,217.68,217.3,217.66,125927
1197,2024-07-02 06:57:00,1719928620,217.66,217.9,217.62,217.8,210990
1198,2024-07-02 06:58:00,1719928680,217.77,217.96,217.7,217.96,130672
1199,2024-07-02 06:59:00,1719928740,217.95,218.01,217.89,217.99,375333
1200,2024-07-02 07:00:00,1719928800,218.0,218.05,217.78,217.92,244212
1201,2024-07-02 07:01:00,1719928860,217.92,217.96,217.67,217.85,113420
1202,2024-07-02 07:02:00,1719928920,217.86,218.25,217.81,218.24,260629
1203,2024-07-02 07:03:00,1719928980,218.24,218.32,218.06,218.19,231684
1204,2024-07-02 07:04:00,1719929040,218.19,218.51,218.15,218.49,179848
1205,2024-07-02 07:05:00,1719929100,218.5,218.51,217.96,218.27,262075
1206,2024-07-02 07:06:00,1719929160,218.28,218.51,218.18,218.45,183753
1207,2024-07-02 07:07:00,1719929220,218.45,218.61,218.34,218.61,167476
1208,2024-07-02 07:08:00,1719929280,218.6,218.84,218.57,218.82,236044
1209,2024-07-02 07:09:00,1719929340,218.82,218.84,218.54,218.54,236800
1210,2024-07-02 07:10:00,1719929400,218.54,218.63,218.32,218.34,201057
1211,2024-07-02 07:11:00,1719929460,218.32,218.62,218.17,218.44,184896
1212,2024-07-02 07:12:00,1719929520,218.43,218.46,218.01,218.01,161190
1213,2024-07-02 07:13:00,1719929580,218.03,218.49,217.9,218.39,221848
1214,2024-07-02 07:14:00,1719929640,218.39,218.64,218.36,218.55,133236
1215,2024-07-02 07:15:00,1719929700,218.57,218.75,218.51,218.63,204412
1216,2024-07-02 07:16:00,1719929760,218.65,218.9,218.63,218.87,175772
1217,2024-07-02 07:17:00,1719929820,218.86,218.89,218.67,218.71,143942
1218,2024-07-02 07:18:00,1719929880,218.71,218.84,218.68,218.74,120089
1219,2024-07-02 07:19:00,1719929940,218.74,218.76,218.36,218.42,141147
1220,2024-07-02 07:20:00,1719930000,218.41,218.42,218.18,218.25,90963
1221,2024-07-02 07:21:00,1719930060,218.25,218.43,218.21,218.24,138626
1222,2024-07-02 07:22:00,1719930120,218.26,218.4,218.19,218.23,85569
1223,2024-07-02 07:23:00,1719930180,218.23,218.53,218.2,218.29,104980
1224,2024-07-02 07:24:00,1719930240,218.28,218.47,218.16,218.4,89251
1225,2024-07-02 07:25:00,1719930300,218.41,218.68,218.35,218.68,98273
1226,2024-07-02 07:26:00,1719930360,218.68,218.83,218.57,218.77,142841
1227,2024-07-02 07:27:00,1719930420,218.77,218.84,218.7,218.77,90716
1228,2024-07-02 07:28:00,1719930480,218.78,218.89,218.69,218.74,125417
1229,2024-07-02 07:29:00,1719930540,218.74,218.82,218.63,218.71,85204
1230,2024-07-02 07:30:00,1719930600,218.71,219.07,218.7,219.03,315654
1231,2024-07-02 07:31:00,1719930660,219.03,219.22,218.96,219.19,248478
1232,2024-07-02 07:32:00,1719930720,219.18,219.23,219.01,219.1,151685
1233,2024-07-02 07:33:00,1719930780,219.1,219.16,219.0,219.06,90060
1234,2024-07-02 07:34:00,1719930840,219.05,219.07,218.75,218.85,106544
1235,2024-07-02 07:35:00,1719930900,218.9,219.07,218.84,219.04,101058
1236,2024-07-02 07:36:00,1719930960,219.05,219.14,219.02,219.07,107093
1237,2024-07-02 07:37:00,1719931020,219.08,219.09,218.73,218.76,141114
1238,2024-07-02 07:38:00,1719931080,218.75,218.8,218.56,218.73,113620
1239,2024-07-02 07:39:00,1719931140,218.72,218.87,218.72,218.85,97615
1240,2024-07-02 07:40:00,1719931200,218.85,219.24,218.84,219.14,198872
1241,2024-07-02 07:41:00,1719931260,219.12,219.16,218.9,218.93,160121
1242,2024-07-02 07:42:00,1719931320,218.93,218.93,218.71,218.76,136698
1243,2024-07-02 07:43:00,1719931380,218.77,218.83,218.7,218.83,64152
1244,2024-07-02 07:44:00,1719931440,218.84,218.93,218.72,218.78,100472
1245,2024-07-02 07:45:00,1719931500,218.74,218.93,218.65,218.92,141595
1246,2024-07-02 07:46:00,1719931560,218.92,219.24,218.92,219.18,177184
1247,2024-07-02 07:47:00,1719931620,219.16,219.16,218.77,218.98,78281
1248,2024-07-02 07:48:00,1719931680,218.98,219.11,218.8,219.11,149376
1249,2024-07-02 07:49:00,1719931740,219.11,219.32,219.11,219.28,180612
1250,2024-07-02 07:50:00,1719931800,219.28,219.62,219.27,219.59,313495
1251,2024-07-02 07:51:00,1719931860,219.59,219.71,219.5,219.71,219838
1252,2024-07-02 07:52:00,1719931920,219.72,219.81,219.63,219.8,354238
1253,2024-07-02 07:53:00,1719931980,219.79,219.8,219.63,219.69,213555
1254,2024-07-02 07:54:00,1719932040,219.68,219.86,219.67,219.79,280611
1255,2024-07-02 07:55:00,1719932100,219.78,219.84,219.58,219.68,164104
1256,2024-07-02 07:56:00,1719932160,219.68,219.72,219.56,219.61,101967
1257,2024-07-02 07:57:00,1719932220,219.62,219.75,219.58,219.75,110728
1258,2024-07-02 07:58:00,1719932280,219.75,219.8,219.62,219.68,84196
1259,2024-07-02 07:59:00,1719932340,219.68,219.7,219.42,219.54,132443
1260,2024-07-02 08:00:00,1719932400,219.54,219.6,219.26,219.34,121361
1261,2024-07-02 08:01:00,1719932460,219.34,219.66,219.34,219.54,109159
1262,2024-07-02 08:02:00,1719932520,219.54,219.63,219.33,219.4,90754
1263,2024-07-02 08:03:00,1719932580,219.39,219.42,219.21,219.23,128137
1264,2024-07-02 08:04:00,1719932640,219.24,219.41,219.19,219.33,167576
1265,2024-07-02 08:05:00,1719932700,219.34,219.65,219.32,219.64,98416
1266,2024-07-02 08:06:00,1719932760,219.64,219.72,219.59,219.69,126249
1267,2024-07-02 08:07:00,1719932820,219.7,219.96,219.69,219.85,242664
1268,2024-07-02 08:08:00,1719932880,219.83,219.95,219.82,219.92,109199
1269,2024-07-02 08:09:00,1719932940,219.92,220.34,219.9,220.24,1270455
1270,2024-07-02 08:10:00,1719933000,220.24,220.33,219.92,220.16,338632
1271,2024-07-02 08:11:00,1719933060,220.16,220.29,220.0,220.21,246470
1272,2024-07-02 08:12:00,1719933120,220.2,220.24,220.05,220.1,156842
1273,2024-07-02 08:13:00,1719933180,220.11,220.13,219.68,219.81,240934
1274,2024-07-02 08:14:00,1719933240,219.81,219.95,219.65,219.9,99561
1275,2024-07-02 08:15:00,1719933300,219.89,219.91,219.71,219.75,112134
1276,2024-07-02 08:16:00,1719933360,219.75,219.79,219.48,219.61,194215
1277,2024-07-02 08:17:00,1719933420,219.61,219.75,219.57,219.75,66868
1278,2024-07-02 08:18:00,1719933480,219.75,219.75,219.55,219.73,99722
1279,2024-07-02 08:19:00,1719933540,219.72,219.79,219.57,219.61,74246
1280,2024-07-02 08:20:00,1719933600,219.62,219.76,219.55,219.56,84526
1281,2024-07-02 08:21:00,1719933660,219.57,219.65,218.99,219.08,196587
1282,2024-07-02 08:22:00,1719933720,219.1,219.38,219.06,219.37,125112
1283,2024-07-02 08:23:00,1719933780,219.36,219.42,219.26,219.31,90197
1284,2024-07-02 08:24:00,1719933840,219.31,219.66,219.29,219.62,116501
1285,2024-07-02 08:25:00,1719933900,219.62,219.7,219.47,219.51,70591
1286,2024-07-02 08:26:00,1719933960,219.51,219.52,219.42,219.48,45460
1287,2024-07-02 08:27:00,1719934020,219.48,219.5,219.28,219.31,81121
1288,2024-07-02 08:28:00,1719934080,219.3,219.52,219.27,219.52,77514
1289,2024-07-02 08:29:00,1719934140,219.52,219.63,219.45,219.51,61329
1290,2024-07-02 08:30:00,1719934200,219.53,219.66,219.53,219.66,72805
1291,2024-07-02 08:31:00,1719934260,219.65,219.75,219.6,219.72,80678
1292,2024-07-02 08:32:00,1719934320,219.75,219.81,219.66,219.79,96369
1293,2024-07-02 08:33:00,1719934380,219.81,219.85,219.56,219.61,69384
1294,2024-07-02 08:34:00,1719934440,219.62,219.66,219.4,219.45,79323
1295,2024-07-02 08:35:00,1719934500,219.45,219.64,219.39,219.62,65763
1296,2024-07-02 08:36:00,1719934560,219.63,219.74,219.62,219.7,57336
1297,2024-07-02 08:37:00,1719934620,219.7,219.99,219.69,219.93,107666
1298,2024-07-02 08:38:00,1719934680,219.94,219.97,219.84,219.9,58050
1299,2024-07-02 08:39:00,1719934740,219.89,219.99,219.86,219.97,77999
1300,2024-07-02 08:40:00,1719934800,219.97,219.98,219.81,219.82,73667
1301,2024-07-02 08:41:00,1719934860,219.82,219.87,219.58,219.86,78892
1302,2024-07-02 08:42:00,1719934920,219.84,220.09,219.78,220.04,195786
1303,2024-07-02 08:43:00,1719934980,220.05,220.08,219.93,219.94,88441
1304,2024-07-02 08:44:00,1719935040,219.95,220.11,219.84,219.99,108873
1305,2024-07-02 08:45:00,1719935100,220.0,220.03,219.87,219.93,80999
1306,2024-07-02 08:46:00,1719935160,219.91,219.97,219.75,219.82,43892
1307,2024-07-02 08:47:00,1719935220,219.82,219.91,219.78,219.9,51594
1308,2024-07-02 08:48:00,1719935280,219.89,219.93,219.77,219.78,43732
1309,2024-07-02 08:49:00,1719935340,219.77,219.83,219.65,219.66,75079
1310,2024-07-02 08:50:00,1719935400,219.66,219.79,219.63,219.78,55405
1311,2024-07-02 08:51:00,1719935460,219.77,219.81,219.73,219.76,59686
1312,2024-07-02 08:52:00,1719935520,219.75,219.78,219.67,219.71,47405
1313,2024-07-02 08:53:00,1719935580,219.71,219.77,219.67,219.72,50518
1314,2024-07-02 08:54:00,1719935640,219.74,219.76,219.56,219.59,59955
1315,2024-07-02 08:55:00,1719935700,219.59,219.59,219.49,219.52,52274
1316,2024-07-02 08:56:00,1719935760,219.51,219.56,219.42,219.56,51724
1317,2024-07-02 08:57:00,1719935820,219.56,219.62,219.26,219.35,84175
1318,2024-07-02 08:58:00,1719935880,219.36,219.37,219.25,219.28,91802
1319,2024-07-02 08:59:00,1719935940,219.29,219.52,219.25,219.27,133462
1320,2024-07-02 09:00:00,1719936000,219.26,219.34,219.25,219.29,64257
1321,2024-07-02 09:01:00,1719936060,219.28,219.38,219.25,219.25,59298
1322,2024-07-02 09:02:00,1719936120,219.27,219.37,219.26,219.34,53358
1323,2024-07-02 09:03:00,1719936180,219.33,219.33,219.25,219.27,56528
1324,2024-07-02 09:04:00,1719936240,219.27,219.44,219.13,219.43,84580
1325,2024-07-02 09:05:00,1719936300,219.44,219.44,219.2,219.26,45052
1326,2024-07-02 09:06:00,1719936360,219.25,219.36,219.24,219.31,35332
1327,2024-07-02 09:07:00,1719936420,219.31,219.37,219.27,219.31,56878
1328,2024-07-02 09:08:00,1719936480,219.31,219.38,219.27,219.36,23697
1329,2024-07-02 09:09:00,1719936540,219.36,219.38,219.13,219.14,43730
1330,2024-07-02 09:10:00,1719936600,219.14,219.15,218.81,219.06,153247
1331,2024-07-02 09:11:00,1719936660,219.07,219.2,219.0,219.06,85364
1332,2024-07-02 09:12:00,1719936720,219.05,219.13,219.03,219.05,52559
1333,2024-07-02 09:13:00,1719936780,219.05,219.08,218.92,218.99,50141
1334,2024-07-02 09:14:00,1719936840,218.96,218.97,218.76,218.82,92028
1335,2024-07-02 09:15:00,1719936900,218.83,218.92,218.79,218.91,74639
1336,2024-07-02 09:16:00,1719936960,218.92,218.98,218.87,218.95,56830
1337,2024-07-02 09:17:00,1719937020,218.95,219.02,218.9,218.95,64630
1338,2024-07-02 09:18:00,1719937080,218.95,219.17,218.94,219.15,63922
1339,2024-07-02 09:19:00,1719937140,219.16,219.19,219.06,219.18,61978
1340,2024-07-02 09:20:00,1719937200,219.19,219.2,219.07,219.18,62880
1341,2024-07-02 09:21:00,1719937260,219.19,219.24,219.14,219.19,45578
1342,2024-07-02 09:22:00,1719937320,219.19,219.28,219.15,219.16,72329
1343,2024-07-02 09:23:00,1719937380,219.18,219.19,219.01,219.03,64293
1344,2024-07-02 09:24:00,1719937440,219.03,219.03,218.92,218.92,48309
1345,2024-07-02 09:25:00,1719937500,218.93,219.05,218.91,218.99,55361
1346,2024-07-02 09:26:00,1719937560,218.99,219.11,218.97,219.09,58811
1347,2024-07-02 09:27:00,1719937620,219.11,219.24,219.11,219.24,68364
1348,2024-07-02 09:28:00,1719937680,219.25,219.25,219.17,219.21,42860
1349,2024-07-02 09:29:00,1719937740,219.22,219.27,219.16,219.17,55928
1350,2024-07-02 09:30:00,1719937800,219.16,219.16,218.93,218.97,80112
1351,2024-07-02 09:31:00,1719937860,218.97,219.03,218.95,219.03,57053
1352,2024-07-02 09:32:00,1719937920,219.02,219.03,218.92,218.95,45440
1353,2024-07-02 09:33:00,1719937980,218.94,219.1,218.92,219.07,45571
1354,2024-07-02 09:34:00,1719938040,219.08,219.18,219.02,219.14,53363
1355,2024-07-02 09:35:00,1719938100,219.16,219.18,219.03,219.04,37644
1356,2024-07-02 09:36:00,1719938160,219.03,219.08,218.99,219.01,35877
1357,2024-07-02 09:37:00,1719938220,219.01,219.17,219.01,219.14,24765
1358,2024-07-02 09:38:00,1719938280,219.14,219.15,219.09,219.14,22450
1359,2024-07-02 09:39:00,1719938340,219.12,219.19,219.06,219.07,29608
1360,2024-07-02 09:40:00,1719938400,219.08,219.12,219.05,219.11,18251
1361,2024-07-02 09:41:00,1719938460,219.12,219.24,219.07,219.23,48591
1362,2024-07-02 09:42:00,1719938520,219.23,219.32,219.22,219.31,73811
1363,2024-07-02 09:43:00,1719938580,219.31,219.4,219.13,219.13,111133
1364,2024-07-02 09:44:00,1719938640,219.14,219.22,219.08,219.09,35874
1365,2024-07-02 09:45:00,1719938700,219.1,219.22,219.06,219.19,52907
1366,2024-07-02 09:46:00,1719938760,219.2,219.23,219.08,219.23,38004
1367,2024-07-02 09:47:00,1719938820,219.23,219.35,219.09,219.09,61361
1368,2024-07-02 09:48:00,1719938880,219.1,219.1,218.96,218.97,88459
1369,2024-07-02 09:49:00,1719938940,218.97,219.11,218.94,219.11,71392
1370,2024-07-02 09:50:00,1719939000,219.12,219.13,219.03,219.1,49745
1371,2024-07-02 09:51:00,1719939060,219.1,219.26,219.09,219.17,39382
1372,2024-07-02 09:52:00,1719939120,219.17,219.19,219.11,219.18,40961
1373,2024-07-02 09:53:00,1719939180,219.18,219.23,219.07,219.09,28430
1374,2024-07-02 09:54:00,1719939240,219.09,219.12,219.05,219.08,31875
1375,2024-07-02 09:55:00,1719939300,219.09,219.09,218.98,219.03,30711
1376,2024-07-02 09:56:00,1719939360,219.03,219.03,218.97,219.0,31904
1377,2024-07-02 09:57:00,1719939420,219.0,219.01,218.92,218.98,50401
1378,2024-07-02 09:58:00,1719939480,218.99,219.04,218.97,219.03,32582
1379,2024-07-02 09:59:00,1719939540,219.03,219.18,219.03,219.17,31935
1380,2024-07-02 10:00:00,1719939600,219.16,219.18,219.01,219.01,30042
1381,2024-07-02 10:01:00,1719939660,219.01,219.01,218.83,218.91,83035
1382,2024-07-02 10:02:00,1719939720,218.91,218.92,218.86,218.91,44997
1383,2024-07-02 10:03:00,1719939780,218.92,219.02,218.91,218.99,36853
1384,2024-07-02 10:04:00,1719939840,218.99,218.99,218.93,218.94,26313
1385,2024-07-02 10:05:00,1719939900,218.95,219.21,218.95,219.2,65638
1386,2024-07-02 10:06:00,1719939960,219.2,219.21,219.08,219.08,38886
1387,2024-07-02 10:07:00,1719940020,219.09,219.19,219.09,219.12,35857
1388,2024-07-02 10:08:00,1719940080,219.12,219.22,219.06,219.2,24739
1389,2024-07-02 10:09:00,1719940140,219.2,219.35,219.19,219.35,52680
1390,2024-07-02 10:10:00,1719940200,219.36,219.4,219.28,219.28,55624
1391,2024-07-02 10:11:00,1719940260,219.29,219.35,219.25,219.34,25632
1392,2024-07-02 10:12:00,1719940320,219.34,219.45,219.33,219.39,42043
1393,2024-07-02 10:13:00,1719940380,219.38,219.45,219.33,219.44,38722
1394,2024-07-02 10:14:00,1719940440,219.44,219.45,219.27,219.37,43581
1395,2024-07-02 10:15:00,1719940500,219.37,219.48,219.35,219.46,36874
1396,2024-07-02 10:16:00,1719940560,219.46,219.5,219.38,219.44,76677
1397,2024-07-02 10:17:00,1719940620,219.43,219.48,219.34,219.39,45172
1398,2024-07-02 10:18:00,1719940680,219.4,219.46,219.39,219.42,32825
1399,2024-07-02 10:19:00,1719940740,219.43,219.45,219.38,219.42,30047
1400,2024-07-02 10:20:00,1719940800,219.42,219.44,219.39,219.43,50321
1401,2024-07-02 10:21:00,1719940860,219.43,219.44,219.31,219.38,68855
1402,2024-07-02 10:22:00,1719940920,219.39,219.44,219.31,219.43,54954
1403,2024-07-02 10:23:00,1719940980,219.44,219.5,219.44,219.46,42880
1404,2024-07-02 10:24:00,1719941040,219.46,219.46,219.26,219.26,41722
1405,2024-07-02 10:25:00,1719941100,219.28,219.33,219.25,219.27,51093
1406,2024-07-02 10:26:00,1719941160,219.26,219.36,219.25,219.35,45072
1407,2024-07-02 10:27:00,1719941220,219.34,219.4,219.33,219.39,20731
1408,2024-07-02 10:28:00,1719941280,219.38,219.39,219.34,219.38,22495
1409,2024-07-02 10:29:00,1719941340,219.38,219.41,219.36,219.4,18551
1410,2024-07-02 10:30:00,1719941400,219.4,219.41,219.27,219.28,41387
1411,2024-07-02 10:31:00,1719941460,219.27,219.37,219.27,219.29,27194
1412,2024-07-02 10:32:00,1719941520,219.3,219.4,219.29,219.4,41895
1413,2024-07-02 10:33:00,1719941580,219.4,219.6,219.38,219.59,67601
1414,2024-07-02 10:34:00,1719941640,219.59,219.61,219.53,219.53,54869
1415,2024-07-02 10:35:00,1719941700,219.52,219.58,219.5,219.51,48484
1416,2024-07-02 10:36:00,1719941760,219.51,219.55,219.41,219.41,31816
1417,2024-07-02 10:37:00,1719941820,219.41,219.49,219.4,219.45,28259
1418,2024-07-02 10:38:00,1719941880,219.44,219.45,219.32,219.4,38390
1419,2024-07-02 10:39:00,1719941940,219.4,219.54,219.4,219.53,25394
1420,2024-07-02 10:40:00,1719942000,219.53,219.71,219.51,219.7,45182
1421,2024-07-02 10:41:00,1719942060,219.7,219.82,219.65,219.67,57076
1422,2024-07-02 10:42:00,1719942120,219.67,219.71,219.64,219.68,46697
1423,2024-07-02 10:43:00,1719942180,219.68,219.75,219.58,219.62,45297
1424,2024-07-02 10:44:00,1719942240,219.62,219.64,219.52,219.63,38319
1425,2024-07-02 10:45:00,1719942300,219.63,219.65,219.56,219.64,29427
1426,2024-07-02 10:46:00,1719942360,219.63,219.7,219.61,219.65,29542
1427,2024-07-02 10:47:00,1719942420,219.65,219.69,219.63,219.69,36744
1428,2024-07-02 10:48:00,1719942480,219.69,219.75,219.66,219.71,42928
1429,2024-07-02 10:49:00,1719942540,219.7,219.71,219.65,219.66,22783
1430,2024-07-02 10:50:00,1719942600,219.66,219.83,219.66,219.71,69120
1431,2024-07-02 10:51:00,1719942660,219.71,219.73,219.66,219.69,24482
1432,2024-07-02 10:52:00,1719942720,219.69,219.79,219.69,219.73,29681
1433,2024-07-02 10:53:00,1719942780,219.73,219.74,219.7,219.71,29470
1434,2024-07-02 10:54:00,1719942840,219.71,219.77,219.59,219.7,61523
1435,2024-07-02 10:55:00,1719942900,219.72,219.78,219.69,219.78,24531
1436,2024-07-02 10:56:00,1719942960,219.78,219.86,219.75,219.78,73176
1437,2024-07-02 10:57:00,1719943020,219.78,219.86,219.78,219.84,43162
1438,2024-07-02 10:58:00,1719943080,219.85,219.87,219.69,219.74,106077
1439,2024-07-02 10:59:00,1719943140,219.76,219.76,219.56,219.6,109707
1440,2024-07-02 11:00:00,1719943200,219.59,219.63,219.47,219.59,81070
1441,2024-07-02 11:01:00,1719943260,219.59,219.72,219.57,219.71,89183
1442,2024-07-02 11:02:00,1719943320,219.71,219.72,219.57,219.57,80601
1443,2024-07-02 11:03:00,1719943380,219.56,219.6,219.47,219.6,47787
1444,2024-07-02 11:04:00,1719943440,219.6,219.83,219.57,219.82,62415
1445,2024-07-02 11:05:00,1719943500,219.83,219.88,219.79,219.84,70186
1446,2024-07-02 11:06:00,1719943560,219.85,219.98,219.84,219.98,76337
1447,2024-07-02 11:07:00,1719943620,219.97,220.01,219.71,219.72,274245
1448,2024-07-02 11:08:00,1719943680,219.73,219.75,219.51,219.65,64571
1449,2024-07-02 11:09:00,1719943740,219.65,219.65,219.56,219.61,56218
1450,2024-07-02 11:10:00,1719943800,219.61,219.78,219.61,219.75,47106
1451,2024-07-02 11:11:00,1719943860,219.8,219.84,219.72,219.83,51538
1452,2024-07-02 11:12:00,1719943920,219.84,219.89,219.78,219.86,39295
1453,2024-07-02 11:13:00,1719943980,219.86,219.87,219.76,219.81,53568
1454,2024-07-02 11:14:00,1719944040,219.79,219.8,219.63,219.72,45461
1455,2024-07-02 11:15:00,1719944100,219.73,219.76,219.66,219.66,20839
1456,2024-07-02 11:16:00,1719944160,219.67,219.85,219.66,219.84,33925
1457,2024-07-02 11:17:00,1719944220,219.83,219.91,219.81,219.87,40262
1458,2024-07-02 11:18:00,1719944280,219.87,219.9,219.81,219.88,21537
1459,2024-07-02 11:19:00,1719944340,219.88,219.89,219.81,219.83,27079
1460,2024-07-02 11:20:00,1719944400,219.84,219.86,219.82,219.85,22693
1461,2024-07-02 11:21:00,1719944460,219.86,219.89,219.82,219.84,29945
1462,2024-07-02 11:22:00,1719944520,219.84,219.89,219.75,219.89,39345
1463,2024-07-02 11:23:00,1719944580,219.88,219.94,219.85,219.93,24173
