,date,time,open,high,low,close,volume
0,2024-06-27 06:30:00,1719495000,195.17,195.71,194.75,195.59,917286
1,2024-06-27 06:31:00,1719495060,195.58,195.87,194.7,195.49,476676
2,2024-06-27 06:32:00,1719495120,195.48,195.77,194.86,195.08,459228
3,2024-06-27 06:33:00,1719495180,195.08,195.78,195.01,195.22,408295
4,2024-06-27 06:34:00,1719495240,195.2,195.66,194.95,195.18,367627
5,2024-06-27 06:35:00,1719495300,195.1,195.48,194.75,194.82,396554
6,2024-06-27 06:36:00,1719495360,194.8,195.49,194.37,194.49,524085
7,2024-06-27 06:37:00,1719495420,194.49,194.82,194.12,194.13,537164
8,2024-06-27 06:38:00,1719495480,194.14,195.19,194.13,194.81,536418
9,2024-06-27 06:39:00,1719495540,194.83,195.49,194.82,194.86,441485
10,2024-06-27 06:40:00,1719495600,194.86,195.3,194.31,194.32,310381
11,2024-06-27 06:41:00,1719495660,194.33,195.14,194.33,195.14,267465
12,2024-06-27 06:42:00,1719495720,195.11,195.67,194.98,195.41,403680
13,2024-06-27 06:43:00,1719495780,195.42,196.35,195.4,196.12,536726
14,2024-06-27 06:44:00,1719495840,196.11,197.1,196.02,196.94,835709
15,2024-06-27 06:45:00,1719495900,196.95,197.07,196.27,196.5,472303
16,2024-06-27 06:46:00,1719495960,196.45,196.91,196.11,196.14,333085
17,2024-06-27 06:47:00,1719496020,196.13,196.34,195.46,195.58,428902
18,2024-06-27 06:48:00,1719496080,195.58,196.1,195.5,195.84,313526
19,2024-06-27 06:49:00,1719496140,195.83,195.98,195.19,195.23,340337
20,2024-06-27 06:50:00,1719496200,195.24,195.24,194.24,194.36,570343
21,2024-06-27 06:51:00,1719496260,194.35,194.68,194.2,194.5,448682
22,2024-06-27 06:52:00,1719496320,194.47,194.77,194.25,194.74,266513
23,2024-06-27 06:53:00,1719496380,194.75,195.71,194.42,195.45,378838
24,2024-06-27 06:54:00,1719496440,195.46,195.83,195.34,195.65,358677
25,2024-06-27 06:55:00,1719496500,195.68,196.58,195.48,196.43,544811
26,2024-06-27 06:56:00,1719496560,196.43,196.84,196.37,196.55,384877
27,2024-06-27 06:57:00,1719496620,196.55,196.57,196.17,196.22,281600
28,2024-06-27 06:58:00,1719496680,196.2,197.1,196.0,196.93,413437
29,2024-06-27 06:59:00,1719496740,196.91,197.49,196.9,197.07,466563
30,2024-06-27 07:00:00,1719496800,197.1,198.31,197.07,198.29,738718
31,2024-06-27 07:01:00,1719496860,198.26,198.36,197.83,198.35,517448
32,2024-06-27 07:02:00,1719496920,198.37,198.72,198.2,198.61,489620
33,2024-06-27 07:03:00,1719496980,198.57,198.62,197.92,198.19,407745
34,2024-06-27 07:04:00,1719497040,198.16,198.3,198.0,198.07,279641
35,2024-06-27 07:05:00,1719497100,198.05,198.35,197.83,197.94,344881
36,2024-06-27 07:06:00,1719497160,197.95,198.01,197.45,197.61,391579
37,2024-06-27 07:07:00,1719497220,197.6,197.73,197.18,197.33,274478
38,2024-06-27 07:08:00,1719497280,197.35,197.35,196.85,197.12,329453
39,2024-06-27 07:09:00,1719497340,197.12,197.31,196.94,197.2,207155
40,2024-06-27 07:10:00,1719497400,197.18,197.18,196.68,196.77,293297
41,2024-06-27 07:11:00,1719497460,196.77,197.29,196.69,197.16,344889
42,2024-06-27 07:12:00,1719497520,197.1,197.56,197.01,197.42,298327
43,2024-06-27 07:13:00,1719497580,197.42,197.55,197.1,197.55,178390
44,2024-06-27 07:14:00,1719497640,197.53,197.6,197.26,197.57,248535
45,2024-06-27 07:15:00,1719497700,197.6,197.75,197.0,197.27,259374
46,2024-06-27 07:16:00,1719497760,197.27,197.27,196.4,196.85,338543
47,2024-06-27 07:17:00,1719497820,196.87,196.92,196.6,196.78,158380
48,2024-06-27 07:18:00,1719497880,196.8,196.8,196.36,196.43,194630
49,2024-06-27 07:19:00,1719497940,196.4,196.48,196.2,196.3,196428
50,2024-06-27 07:20:00,1719498000,196.31,196.67,196.24,196.63,222367
51,2024-06-27 07:21:00,1719498060,196.63,196.81,196.43,196.75,193875
52,2024-06-27 07:22:00,1719498120,196.73,196.95,196.53,196.91,200975
53,2024-06-27 07:23:00,1719498180,196.91,196.95,196.74,196.78,122119
54,2024-06-27 07:24:00,1719498240,196.76,196.88,196.4,196.51,206438
55,2024-06-27 07:25:00,1719498300,196.52,196.6,196.3,196.48,111949
56,2024-06-27 07:26:00,1719498360,196.45,196.79,196.37,196.77,146714
57,2024-06-27 07:27:00,1719498420,196.75,197.07,196.68,196.94,235110
58,2024-06-27 07:28:00,1719498480,196.93,197.27,196.9,197.2,235772
59,2024-06-27 07:29:00,1719498540,197.21,197.25,196.49,196.81,261553
60,2024-06-27 07:30:00,1719498600,196.79,197.06,196.34,196.45,191533
61,2024-06-27 07:31:00,1719498660,196.44,196.47,196.01,196.39,301342
62,2024-06-27 07:32:00,1719498720,196.35,196.75,196.27,196.55,200435
63,2024-06-27 07:33:00,1719498780,196.55,196.8,196.43,196.66,110861
64,2024-06-27 07:34:00,1719498840,196.64,196.94,196.5,196.83,194149
65,2024-06-27 07:35:00,1719498900,196.84,196.88,196.4,196.45,183100
66,2024-06-27 07:36:00,1719498960,196.44,196.66,196.23,196.66,130250
67,2024-06-27 07:37:00,1719499020,196.64,196.69,196.23,196.35,118017
68,2024-06-27 07:38:00,1719499080,196.36,196.46,196.14,196.24,127306
69,2024-06-27 07:39:00,1719499140,196.28,196.33,196.09,196.16,110392
70,2024-06-27 07:40:00,1719499200,196.16,196.4,195.83,196.09,347025
71,2024-06-27 07:41:00,1719499260,196.1,196.55,196.06,196.53,209364
72,2024-06-27 07:42:00,1719499320,196.5,196.8,196.5,196.71,193896
73,2024-06-27 07:43:00,1719499380,196.72,196.84,196.45,196.79,153072
74,2024-06-27 07:44:00,1719499440,196.81,197.05,196.7,196.81,231001
75,2024-06-27 07:45:00,1719499500,196.8,197.03,196.57,196.58,176050
76,2024-06-27 07:46:00,1719499560,196.56,196.77,196.31,196.36,158130
77,2024-06-27 07:47:00,1719499620,196.33,196.79,196.17,196.79,169680
78,2024-06-27 07:48:00,1719499680,196.78,196.79,196.26,196.61,132423
79,2024-06-27 07:49:00,1719499740,196.62,196.62,196.08,196.14,189061
80,2024-06-27 07:50:00,1719499800,196.16,196.28,195.47,195.52,258504
81,2024-06-27 07:51:00,1719499860,195.52,195.84,195.35,195.74,188741
82,2024-06-27 07:52:00,1719499920,195.74,195.74,195.25,195.37,207936
83,2024-06-27 07:53:00,1719499980,195.39,195.68,195.35,195.65,143005
84,2024-06-27 07:54:00,1719500040,195.65,195.85,195.44,195.82,153299
85,2024-06-27 07:55:00,1719500100,195.83,196.05,195.8,195.8,140956
86,2024-06-27 07:56:00,1719500160,195.91,196.02,195.76,195.97,117827
87,2024-06-27 07:57:00,1719500220,195.99,196.07,195.32,195.39,142317
88,2024-06-27 07:58:00,1719500280,195.39,195.39,194.91,195.01,324230
89,2024-06-27 07:59:00,1719500340,195.02,195.16,194.97,195.12,137230
90,2024-06-27 08:00:00,1719500400,195.15,195.24,194.86,194.9,176798
91,2024-06-27 08:01:00,1719500460,194.89,195.31,194.86,195.24,191376
92,2024-06-27 08:02:00,1719500520,195.23,195.28,194.85,194.89,170448
93,2024-06-27 08:03:00,1719500580,194.88,195.29,194.81,195.22,151293
94,2024-06-27 08:04:00,1719500640,195.22,195.47,195.1,195.29,184040
95,2024-06-27 08:05:00,1719500700,195.27,195.48,195.15,195.18,139814
96,2024-06-27 08:06:00,1719500760,195.22,195.49,195.18,195.46,100284
97,2024-06-27 08:07:00,1719500820,195.45,195.68,195.31,195.65,143466
98,2024-06-27 08:08:00,1719500880,195.67,195.69,195.3,195.34,116761
99,2024-06-27 08:09:00,1719500940,195.32,195.47,195.16,195.44,101548
100,2024-06-27 08:10:00,1719501000,195.43,195.49,195.25,195.45,66146
101,2024-06-27 08:11:00,1719501060,195.46,195.76,195.3,195.34,143177
102,2024-06-27 08:12:00,1719501120,195.37,195.48,195.3,195.42,98914
103,2024-06-27 08:13:00,1719501180,195.44,195.46,195.16,195.25,94580
104,2024-06-27 08:14:00,1719501240,195.29,195.3,195.06,195.25,86886
105,2024-06-27 08:15:00,1719501300,195.26,195.5,195.26,195.39,87789
106,2024-06-27 08:16:00,1719501360,195.37,195.71,195.36,195.71,108787
107,2024-06-27 08:17:00,1719501420,195.7,195.82,195.35,195.61,140475
108,2024-06-27 08:18:00,1719501480,195.58,195.76,195.48,195.75,72034
109,2024-06-27 08:19:00,1719501540,195.76,195.85,195.54,195.58,114822
110,2024-06-27 08:20:00,1719501600,195.59,195.76,195.35,195.74,120804
111,2024-06-27 08:21:00,1719501660,195.71,195.75,195.35,195.36,100266
112,2024-06-27 08:22:00,1719501720,195.37,195.41,195.14,195.34,97424
113,2024-06-27 08:23:00,1719501780,195.3,195.48,195.18,195.25,75307
114,2024-06-27 08:24:00,1719501840,195.26,195.33,195.2,195.3,42053
115,2024-06-27 08:25:00,1719501900,195.29,195.43,195.19,195.33,105090
116,2024-06-27 08:26:00,1719501960,195.31,195.66,195.31,195.41,108583
117,2024-06-27 08:27:00,1719502020,195.41,195.42,195.16,195.25,86999
118,2024-06-27 08:28:00,1719502080,195.25,195.42,194.93,194.95,120539
119,2024-06-27 08:29:00,1719502140,194.93,194.99,194.71,194.82,159841
120,2024-06-27 08:30:00,1719502200,194.83,194.86,194.43,194.56,223804
121,2024-06-27 08:31:00,1719502260,194.54,194.57,194.39,194.55,164905
122,2024-06-27 08:32:00,1719502320,194.55,194.81,194.4,194.45,187177
123,2024-06-27 08:33:00,1719502380,194.45,194.52,194.27,194.37,123387
124,2024-06-27 08:34:00,1719502440,194.39,194.39,194.2,194.33,189437
125,2024-06-27 08:35:00,1719502500,194.35,194.53,194.3,194.32,108132
126,2024-06-27 08:36:00,1719502560,194.33,194.6,194.3,194.44,141935
127,2024-06-27 08:37:00,1719502620,194.43,194.76,194.28,194.73,127565
128,2024-06-27 08:38:00,1719502680,194.71,194.85,194.67,194.79,108293
129,2024-06-27 08:39:00,1719502740,194.8,194.94,194.74,194.86,110862
130,2024-06-27 08:40:00,1719502800,194.83,194.96,194.65,194.65,89399
131,2024-06-27 08:41:00,1719502860,194.66,194.95,194.62,194.8,95522
132,2024-06-27 08:42:00,1719502920,194.81,195.03,194.8,194.88,95474
133,2024-06-27 08:43:00,1719502980,194.86,194.88,194.64,194.68,96782
134,2024-06-27 08:44:00,1719503040,194.68,194.95,194.62,194.91,78636
135,2024-06-27 08:45:00,1719503100,194.95,195.09,194.85,195.06,97747
136,2024-06-27 08:46:00,1719503160,195.07,195.12,194.88,195.08,103792
137,2024-06-27 08:47:00,1719503220,195.1,195.17,195.0,195.03,74193
138,2024-06-27 08:48:00,1719503280,195.01,195.09,194.86,194.95,78418
139,2024-06-27 08:49:00,1719503340,194.95,194.96,194.79,194.84,75250
140,2024-06-27 08:50:00,1719503400,194.82,194.85,194.5,194.56,128972
141,2024-06-27 08:51:00,1719503460,194.59,194.75,194.56,194.75,84667
142,2024-06-27 08:52:00,1719503520,194.75,195.1,194.75,195.1,131356
143,2024-06-27 08:53:00,1719503580,195.09,195.42,195.08,195.33,167584
144,2024-06-27 08:54:00,1719503640,195.3,195.4,195.26,195.31,63988
145,2024-06-27 08:55:00,1719503700,195.31,195.31,195.07,195.12,102336
146,2024-06-27 08:56:00,1719503760,195.14,195.23,195.1,195.18,73877
147,2024-06-27 08:57:00,1719503820,195.17,195.18,194.94,195.08,78278
148,2024-06-27 08:58:00,1719503880,195.06,195.15,195.0,195.15,54016
149,2024-06-27 08:59:00,1719503940,195.13,195.28,195.12,195.25,60555
150,2024-06-27 09:00:00,1719504000,195.26,195.3,195.08,195.16,72898
151,2024-06-27 09:01:00,1719504060,195.15,195.43,195.15,195.32,76904
152,2024-06-27 09:02:00,1719504120,195.3,195.43,195.12,195.33,99059
153,2024-06-27 09:03:00,1719504180,195.33,195.52,195.22,195.42,83016
154,2024-06-27 09:04:00,1719504240,195.45,195.67,195.44,195.64,126929
155,2024-06-27 09:05:00,1719504300,195.63,195.73,195.3,195.59,131016
156,2024-06-27 09:06:00,1719504360,195.62,195.74,195.55,195.68,75372
157,2024-06-27 09:07:00,1719504420,195.69,195.7,195.5,195.56,89674
158,2024-06-27 09:08:00,1719504480,195.56,195.68,195.49,195.63,78417
159,2024-06-27 09:09:00,1719504540,195.65,195.67,195.55,195.6,43157
160,2024-06-27 09:10:00,1719504600,195.6,195.65,195.54,195.61,37428
161,2024-06-27 09:11:00,1719504660,195.6,195.78,195.42,195.53,96512
162,2024-06-27 09:12:00,1719504720,195.47,195.55,195.42,195.52,57681
163,2024-06-27 09:13:00,1719504780,195.52,195.56,195.27,195.56,101417
164,2024-06-27 09:14:00,1719504840,195.57,195.72,195.47,195.68,122974
165,2024-06-27 09:15:00,1719504900,195.7,195.78,195.57,195.77,71483
166,2024-06-27 09:16:00,1719504960,195.76,195.87,195.67,195.83,126815
167,2024-06-27 09:17:00,1719505020,195.82,195.96,195.75,195.83,121980
168,2024-06-27 09:18:00,1719505080,195.83,195.95,195.0,195.8,112505
169,2024-06-27 09:19:00,1719505140,195.81,195.84,194.05,195.56,150942
170,2024-06-27 09:20:00,1719505200,195.58,195.73,195.45,195.63,68976
171,2024-06-27 09:21:00,1719505260,195.65,195.91,194.82,195.87,112921
172,2024-06-27 09:22:00,1719505320,195.85,196.0,195.78,195.97,93639
173,2024-06-27 09:23:00,1719505380,195.97,196.09,195.78,196.02,99264
174,2024-06-27 09:24:00,1719505440,196.02,196.23,195.94,196.2,134892
175,2024-06-27 09:25:00,1719505500,196.19,196.44,196.15,196.24,237690
176,2024-06-27 09:26:00,1719505560,196.22,196.23,195.7,195.78,203094
177,2024-06-27 09:27:00,1719505620,195.78,195.93,195.65,195.93,88460
178,2024-06-27 09:28:00,1719505680,195.93,196.04,195.73,195.73,93141
179,2024-06-27 09:29:00,1719505740,195.73,196.07,195.72,196.05,78942
180,2024-06-27 09:30:00,1719505800,196.05,196.16,195.88,196.03,89731
181,2024-06-27 09:31:00,1719505860,196.01,196.24,195.88,195.99,115661
182,2024-06-27 09:32:00,1719505920,195.97,196.18,195.97,196.01,51161
183,2024-06-27 09:33:00,1719505980,196.03,196.28,195.92,196.26,79609
184,2024-06-27 09:34:00,1719506040,196.25,196.45,196.23,196.38,146773
185,2024-06-27 09:35:00,1719506100,196.4,196.44,196.15,196.28,92054
186,2024-06-27 09:36:00,1719506160,196.3,196.42,196.24,196.39,53071
187,2024-06-27 09:37:00,1719506220,196.41,196.44,196.23,196.39,59895
188,2024-06-27 09:38:00,1719506280,196.39,196.45,196.34,196.41,66249
189,2024-06-27 09:39:00,1719506340,196.43,196.48,196.23,196.37,115994
190,2024-06-27 09:40:00,1719506400,196.37,196.4,196.25,196.3,70052
191,2024-06-27 09:41:00,1719506460,196.3,196.4,196.26,196.31,46348
192,2024-06-27 09:42:00,1719506520,196.29,196.36,196.24,196.29,52325
193,2024-06-27 09:43:00,1719506580,196.29,196.31,196.05,196.12,79851
194,2024-06-27 09:44:00,1719506640,196.12,196.33,196.06,196.29,71395
195,2024-06-27 09:45:00,1719506700,196.31,196.39,196.18,196.2,57616
196,2024-06-27 09:46:00,1719506760,196.19,196.28,196.01,196.04,49641
197,2024-06-27 09:47:00,1719506820,196.04,196.15,195.82,195.9,134232
198,2024-06-27 09:48:00,1719506880,195.9,195.96,195.85,195.91,72268
199,2024-06-27 09:49:00,1719506940,195.89,196.14,195.89,196.0,80142
200,2024-06-27 09:50:00,1719507000,196.02,196.19,196.01,196.05,53900
201,2024-06-27 09:51:00,1719507060,196.03,196.24,196.02,196.13,63757
202,2024-06-27 09:52:00,1719507120,196.12,196.36,196.07,196.27,77620
203,2024-06-27 09:53:00,1719507180,196.27,196.45,196.2,196.44,72590
204,2024-06-27 09:54:00,1719507240,196.45,196.64,196.44,196.61,117671
205,2024-06-27 09:55:00,1719507300,196.61,196.68,196.44,196.53,101999
206,2024-06-27 09:56:00,1719507360,196.54,196.62,196.48,196.58,58692
207,2024-06-27 09:57:00,1719507420,196.52,196.6,196.39,196.43,58394
208,2024-06-27 09:58:00,1719507480,196.44,196.57,196.4,196.56,55423
209,2024-06-27 09:59:00,1719507540,196.56,196.57,196.3,196.32,90195
210,2024-06-27 10:00:00,1719507600,196.33,196.6,196.32,196.6,67842
211,2024-06-27 10:01:00,1719507660,196.6,196.84,196.57,196.74,160794
212,2024-06-27 10:02:00,1719507720,196.74,196.88,196.68,196.76,109715
213,2024-06-27 10:03:00,1719507780,196.78,196.84,196.66,196.71,58531
214,2024-06-27 10:04:00,1719507840,196.7,196.77,196.62,196.7,54711
215,2024-06-27 10:05:00,1719507900,196.7,196.82,196.65,196.74,56927
216,2024-06-27 10:06:00,1719507960,196.75,196.76,196.57,196.7,54550
217,2024-06-27 10:07:00,1719508020,196.69,196.8,196.63,196.65,51216
218,2024-06-27 10:08:00,1719508080,196.63,196.71,196.52,196.71,62415
219,2024-06-27 10:09:00,1719508140,196.71,196.73,196.62,196.64,39836
220,2024-06-27 10:10:00,1719508200,196.67,196.73,196.42,196.45,92589
221,2024-06-27 10:11:00,1719508260,196.45,196.55,196.35,196.54,80765
222,2024-06-27 10:12:00,1719508320,196.51,196.58,196.4,196.53,49961
223,2024-06-27 10:13:00,1719508380,196.53,196.56,196.37,196.37,53533
224,2024-06-27 10:14:00,1719508440,196.39,196.43,196.27,196.34,68408
225,2024-06-27 10:15:00,1719508500,196.34,196.48,196.25,196.33,86513
226,2024-06-27 10:16:00,1719508560,196.34,196.5,196.27,196.39,64564
227,2024-06-27 10:17:00,1719508620,196.39,196.58,196.31,196.4,101537
228,2024-06-27 10:18:00,1719508680,196.38,196.53,196.38,196.4,47894
229,2024-06-27 10:19:00,1719508740,196.42,196.42,196.05,196.06,120346
230,2024-06-27 10:20:00,1719508800,196.1,196.42,196.03,196.3,83208
231,2024-06-27 10:21:00,1719508860,196.31,196.65,196.3,196.57,106682
232,2024-06-27 10:22:00,1719508920,196.59,196.71,196.52,196.68,71876
233,2024-06-27 10:23:00,1719508980,196.7,196.74,196.56,196.66,83870
234,2024-06-27 10:24:00,1719509040,196.66,196.69,196.61,196.66,30973
235,2024-06-27 10:25:00,1719509100,196.67,196.76,196.65,196.73,76961
236,2024-06-27 10:26:00,1719509160,196.74,196.79,196.69,196.7,45853
237,2024-06-27 10:27:00,1719509220,196.7,196.82,196.68,196.76,72633
238,2024-06-27 10:28:00,1719509280,196.76,196.78,196.57,196.66,58254
239,2024-06-27 10:29:00,1719509340,196.65,196.78,196.6,196.72,57753
240,2024-06-27 10:30:00,1719509400,196.73,196.84,196.65,196.69,71415
241,2024-06-27 10:31:00,1719509460,196.67,196.68,196.55,196.57,55691
242,2024-06-27 10:32:00,1719509520,196.59,196.71,196.58,196.62,49582
243,2024-06-27 10:33:00,1719509580,196.61,196.67,196.58,196.67,27974
244,2024-06-27 10:34:00,1719509640,196.67,196.91,196.66,196.88,95069
245,2024-06-27 10:35:00,1719509700,196.91,197.08,196.87,197.04,209200
246,2024-06-27 10:36:00,1719509760,197.03,197.07,196.97,197.0,127964
247,2024-06-27 10:37:00,1719509820,197.0,197.12,196.99,197.07,90857
248,2024-06-27 10:38:00,1719509880,197.07,197.09,196.65,196.76,139321
249,2024-06-27 10:39:00,1719509940,196.77,196.84,196.7,196.74,80221
250,2024-06-27 10:40:00,1719510000,196.74,196.83,196.69,196.73,54637
251,2024-06-27 10:41:00,1719510060,196.76,196.87,196.7,196.77,53997
252,2024-06-27 10:42:00,1719510120,196.77,196.86,196.71,196.83,37299
253,2024-06-27 10:43:00,1719510180,196.83,196.96,196.68,196.69,70010
254,2024-06-27 10:44:00,1719510240,196.68,196.69,196.42,196.48,158134
255,2024-06-27 10:45:00,1719510300,196.51,196.6,196.46,196.56,37635
256,2024-06-27 10:46:00,1719510360,196.55,196.79,196.53,196.75,61635
257,2024-06-27 10:47:00,1719510420,196.73,196.77,196.68,196.74,43602
258,2024-06-27 10:48:00,1719510480,196.73,196.78,196.66,196.68,51163
259,2024-06-27 10:49:00,1719510540,196.69,196.79,196.62,196.77,29665
260,2024-06-27 10:50:00,1719510600,196.77,196.79,196.67,196.77,36229
261,2024-06-27 10:51:00,1719510660,196.77,196.86,196.75,196.8,46226
262,2024-06-27 10:52:00,1719510720,196.8,196.83,196.74,196.81,29909
263,2024-06-27 10:53:00,1719510780,196.81,196.82,196.68,196.74,33897
264,2024-06-27 10:54:00,1719510840,196.73,196.74,196.61,196.64,32140
265,2024-06-27 10:55:00,1719510900,196.64,196.73,196.54,196.59,78619
266,2024-06-27 10:56:00,1719510960,196.59,196.61,196.41,196.52,64497
267,2024-06-27 10:57:00,1719511020,196.53,196.61,196.45,196.54,44385
268,2024-06-27 10:58:00,1719511080,196.52,196.52,196.43,196.45,26015
269,2024-06-27 10:59:00,1719511140,196.45,196.45,196.23,196.33,105694
270,2024-06-27 11:00:00,1719511200,196.31,196.37,196.09,196.24,93563
271,2024-06-27 11:01:00,1719511260,196.2,196.23,195.88,196.06,123719
272,2024-06-27 11:02:00,1719511320,196.05,196.09,195.75,195.87,96981
273,2024-06-27 11:03:00,1719511380,195.86,195.86,195.56,195.71,107811
274,2024-06-27 11:04:00,1719511440,195.71,195.89,195.54,195.85,118994
275,2024-06-27 11:05:00,1719511500,195.86,195.87,195.7,195.71,81419
276,2024-06-27 11:06:00,1719511560,195.74,195.85,195.66,195.83,49654
277,2024-06-27 11:07:00,1719511620,195.83,196.04,195.78,196.04,108057
278,2024-06-27 11:08:00,1719511680,196.0,196.2,195.98,196.08,91165
279,2024-06-27 11:09:00,1719511740,196.05,196.11,196.01,196.11,52256
280,2024-06-27 11:10:00,1719511800,196.1,196.22,196.09,196.14,49056
281,2024-06-27 11:11:00,1719511860,196.13,196.15,196.0,196.06,61523
282,2024-06-27 11:12:00,1719511920,196.06,196.08,195.84,195.91,77615
283,2024-06-27 11:13:00,1719511980,195.91,196.0,195.84,195.86,48460
284,2024-06-27 11:14:00,1719512040,195.85,195.97,195.76,195.88,66858
285,2024-06-27 11:15:00,1719512100,195.88,195.98,195.87,195.88,39592
286,2024-06-27 11:16:00,1719512160,195.87,195.89,195.56,195.6,108346
287,2024-06-27 11:17:00,1719512220,195.57,195.69,195.52,195.56,75915
288,2024-06-27 11:18:00,1719512280,195.58,195.62,195.48,195.62,81628
289,2024-06-27 11:19:00,1719512340,195.62,195.62,195.15,195.59,189516
290,2024-06-27 11:20:00,1719512400,195.62,195.81,195.52,195.75,96217
291,2024-06-27 11:21:00,1719512460,195.75,195.93,195.73,195.74,76627
292,2024-06-27 11:22:00,1719512520,195.75,195.83,195.67,195.83,46743
293,2024-06-27 11:23:00,1719512580,195.82,195.95,195.81,195.93,64975
294,2024-06-27 11:24:00,1719512640,195.95,196.0,195.93,195.93,57741
295,2024-06-27 11:25:00,1719512700,195.92,195.97,195.74,195.8,56354
296,2024-06-27 11:26:00,1719512760,195.76,195.88,195.6,195.84,68908
297,2024-06-27 11:27:00,1719512820,195.83,195.95,195.83,195.93,33606
298,2024-06-27 11:28:00,1719512880,195.95,195.97,195.85,195.9,48316
299,2024-06-27 11:29:00,1719512940,195.92,196.0,195.81,195.81,46522
300,2024-06-27 11:30:00,1719513000,195.83,195.86,195.68,195.8,62526
301,2024-06-27 11:31:00,1719513060,195.8,195.92,195.78,195.87,41433
302,2024-06-27 11:32:00,1719513120,195.88,195.99,195.86,195.92,42149
303,2024-06-27 11:33:00,1719513180,195.92,196.0,195.85,195.97,54969
304,2024-06-27 11:34:00,1719513240,195.97,196.01,195.88,195.91,40150
305,2024-06-27 11:35:00,1719513300,195.91,196.04,195.81,195.82,58946
306,2024-06-27 11:36:00,1719513360,195.81,195.83,195.65,195.72,74635
307,2024-06-27 11:37:00,1719513420,195.72,195.78,195.69,195.75,59463
308,2024-06-27 11:38:00,1719513480,195.78,195.88,195.73,195.8,56470
309,2024-06-27 11:39:00,1719513540,195.81,195.89,195.71,195.74,36932
310,2024-06-27 11:40:00,1719513600,195.75,195.85,195.71,195.74,57988
311,2024-06-27 11:41:00,1719513660,195.73,195.84,195.69,195.77,56287
312,2024-06-27 11:42:00,1719513720,195.76,195.77,195.67,195.7,45530
313,2024-06-27 11:43:00,1719513780,195.66,195.79,195.66,195.73,30427
314,2024-06-27 11:44:00,1719513840,195.73,195.85,195.66,195.77,46149
315,2024-06-27 11:45:00,1719513900,195.75,195.84,195.72,195.76,39170
316,2024-06-27 11:46:00,1719513960,195.77,195.86,195.75,195.81,55046
317,2024-06-27 11:47:00,1719514020,195.82,195.94,195.82,195.89,62644
318,2024-06-27 11:48:00,1719514080,195.91,195.97,195.84,195.87,86300
319,2024-06-27 11:49:00,1719514140,195.85,196.0,195.85,195.99,60717
320,2024-06-27 11:50:00,1719514200,195.97,196.33,195.95,196.31,104079
321,2024-06-27 11:51:00,1719514260,196.31,196.36,196.2,196.3,69607
322,2024-06-27 11:52:00,1719514320,196.28,196.32,196.23,196.3,58957
323,2024-06-27 11:53:00,1719514380,196.32,196.36,196.28,196.3,74369
324,2024-06-27 11:54:00,1719514440,196.29,196.31,196.16,196.19,55228
325,2024-06-27 11:55:00,1719514500,196.2,196.28,196.18,196.25,53880
326,2024-06-27 11:56:00,1719514560,196.25,196.27,196.18,196.23,28985
327,2024-06-27 11:57:00,1719514620,196.21,196.28,196.18,196.22,42330
328,2024-06-27 11:58:00,1719514680,196.24,196.4,196.2,196.39,119707
329,2024-06-27 11:59:00,1719514740,196.38,196.41,196.35,196.38,78149
330,2024-06-27 12:00:00,1719514800,196.38,196.49,196.36,196.45,91192
331,2024-06-27 12:01:00,1719514860,196.48,196.6,196.43,196.55,99188
332,2024-06-27 12:02:00,1719514920,196.54,196.61,196.41,196.46,91406
333,2024-06-27 12:03:00,1719514980,196.46,196.5,196.35,196.44,58480
334,2024-06-27 12:04:00,1719515040,196.44,196.64,196.39,196.59,89491
335,2024-06-27 12:05:00,1719515100,196.58,196.6,196.39,196.4,55959
336,2024-06-27 12:06:00,1719515160,196.39,196.47,196.32,196.42,67640
337,2024-06-27 12:07:00,1719515220,196.43,196.57,196.41,196.52,86011
338,2024-06-27 12:08:00,1719515280,196.49,196.5,196.4,196.44,29880
339,2024-06-27 12:09:00,1719515340,196.44,196.45,196.25,196.31,89309
340,2024-06-27 12:10:00,1719515400,196.33,196.7,196.32,196.64,154108
341,2024-06-27 12:11:00,1719515460,196.65,196.67,196.34,196.55,55850
342,2024-06-27 12:12:00,1719515520,196.54,196.61,196.48,196.55,46545
343,2024-06-27 12:13:00,1719515580,196.55,196.64,196.46,196.6,56494
344,2024-06-27 12:14:00,1719515640,196.6,196.7,196.58,196.62,55073
345,2024-06-27 12:15:00,1719515700,196.64,196.91,196.57,196.85,148634
346,2024-06-27 12:16:00,1719515760,196.87,196.97,196.75,196.91,108859
347,2024-06-27 12:17:00,1719515820,196.92,197.02,196.83,196.85,100332
348,2024-06-27 12:18:00,1719515880,196.82,196.86,196.73,196.81,78866
349,2024-06-27 12:19:00,1719515940,196.82,196.83,196.67,196.78,73060
350,2024-06-27 12:20:00,1719516000,196.79,196.96,196.75,196.94,107523
351,2024-06-27 12:21:00,1719516060,196.94,196.94,196.65,196.74,80656
352,2024-06-27 12:22:00,1719516120,196.74,196.78,196.61,196.7,66024
353,2024-06-27 12:23:00,1719516180,196.7,196.75,196.48,196.52,80433
354,2024-06-27 12:24:00,1719516240,196.49,196.64,196.44,196.56,80982
355,2024-06-27 12:25:00,1719516300,196.56,196.72,196.56,196.72,45048
356,2024-06-27 12:26:00,1719516360,196.71,196.89,196.7,196.87,100457
357,2024-06-27 12:27:00,1719516420,196.89,196.89,196.74,196.75,46310
358,2024-06-27 12:28:00,1719516480,196.76,196.83,196.72,196.79,43336
359,2024-06-27 12:29:00,1719516540,196.78,196.93,196.78,196.9,73832
360,2024-06-27 12:30:00,1719516600,196.89,196.96,196.81,196.95,58710
361,2024-06-27 12:31:00,1719516660,196.95,197.04,196.9,196.98,159607
362,2024-06-27 12:32:00,1719516720,196.98,197.02,196.92,196.95,85047
363,2024-06-27 12:33:00,1719516780,196.94,197.08,196.91,196.97,100124
364,2024-06-27 12:34:00,1719516840,196.97,197.06,196.96,197.0,78859
365,2024-06-27 12:35:00,1719516900,197.01,197.04,196.96,196.96,88026
366,2024-06-27 12:36:00,1719516960,196.97,197.02,196.91,196.93,67882
367,2024-06-27 12:37:00,1719517020,196.93,196.97,196.85,196.85,81938
368,2024-06-27 12:38:00,1719517080,196.86,196.92,196.84,196.91,41191
369,2024-06-27 12:39:00,1719517140,196.91,196.99,196.86,196.97,88566
370,2024-06-27 12:40:00,1719517200,196.96,197.11,196.91,197.11,112145
371,2024-06-27 12:41:00,1719517260,197.11,197.36,197.06,197.26,181660
372,2024-06-27 12:42:00,1719517320,197.25,197.42,197.21,197.39,110019
373,2024-06-27 12:43:00,1719517380,197.4,197.56,197.36,197.48,168468
374,2024-06-27 12:44:00,1719517440,197.48,197.71,197.45,197.7,150871
375,2024-06-27 12:45:00,1719517500,197.69,197.78,197.62,197.76,194190
376,2024-06-27 12:46:00,1719517560,197.75,197.99,197.53,197.58,261591
377,2024-06-27 12:47:00,1719517620,197.59,197.67,197.45,197.49,152605
378,2024-06-27 12:48:00,1719517680,197.48,197.5,197.08,197.23,184823
379,2024-06-27 12:49:00,1719517740,197.23,197.35,197.11,197.25,123925
380,2024-06-27 12:50:00,1719517800,197.24,197.62,197.2,197.43,192201
381,2024-06-27 12:51:00,1719517860,197.41,197.44,196.94,197.11,182393
382,2024-06-27 12:52:00,1719517920,197.1,197.48,196.97,197.39,135996
383,2024-06-27 12:53:00,1719517980,197.4,197.55,197.26,197.35,157420
384,2024-06-27 12:54:00,1719518040,197.37,197.47,197.11,197.24,149292
385,2024-06-27 12:55:00,1719518100,197.25,197.9,197.25,197.86,284064
386,2024-06-27 12:56:00,1719518160,197.86,197.87,197.54,197.62,177804
387,2024-06-27 12:57:00,1719518220,197.62,197.68,197.38,197.4,160577
388,2024-06-27 12:58:00,1719518280,197.41,197.43,197.22,197.3,155401
389,2024-06-27 12:59:00,1719518340,197.3,197.48,197.2,197.48,439768
390,2024-06-28 06:30:00,1719581400,199.58,200.0,198.97,200.0,1277770
391,2024-06-28 06:31:00,1719581460,200.14,201.18,199.29,199.53,1084898
392,2024-06-28 06:32:00,1719581520,199.6,199.71,198.58,199.18,616041
393,2024-06-28 06:33:00,1719581580,199.18,200.38,199.13,199.83,487024
394,2024-06-28 06:34:00,1719581640,199.81,200.55,199.27,199.3,535446
395,2024-06-28 06:35:00,1719581700,199.27,200.04,198.85,199.71,462777
396,2024-06-28 06:36:00,1719581760,199.68,200.7,199.5,200.34,536658
397,2024-06-28 06:37:00,1719581820,200.37,201.16,200.15,201.08,607692
398,2024-06-28 06:38:00,1719581880,201.05,201.53,200.72,201.3,784625
399,2024-06-28 06:39:00,1719581940,201.3,201.71,200.92,201.54,589725
400,2024-06-28 06:40:00,1719582000,201.62,202.0,201.13,201.37,677947
401,2024-06-28 06:41:00,1719582060,201.37,201.5,200.67,201.2,465580
402,2024-06-28 06:42:00,1719582120,201.19,201.63,201.06,201.4,382156
403,2024-06-28 06:43:00,1719582180,201.46,201.69,200.99,201.27,388420
404,2024-06-28 06:44:00,1719582240,201.31,201.89,200.81,200.84,484897
405,2024-06-28 06:45:00,1719582300,200.81,201.76,200.44,201.55,608247
406,2024-06-28 06:46:00,1719582360,201.5,202.27,201.5,202.13,734238
407,2024-06-28 06:47:00,1719582420,202.1,202.41,201.7,202.03,479192
408,2024-06-28 06:48:00,1719582480,202.05,202.25,201.74,202.18,395481
409,2024-06-28 06:49:00,1719582540,202.18,202.5,202.07,202.2,449642
410,2024-06-28 06:50:00,1719582600,202.19,202.37,201.61,201.97,458222
411,2024-06-28 06:51:00,1719582660,201.97,202.0,201.43,201.67,292964
412,2024-06-28 06:52:00,1719582720,201.68,201.79,201.23,201.43,268996
413,2024-06-28 06:53:00,1719582780,201.47,201.9,201.31,201.88,218349
414,2024-06-28 06:54:00,1719582840,201.9,202.25,201.7,202.05,389498
415,2024-06-28 06:55:00,1719582900,202.01,202.22,201.91,202.05,268305
416,2024-06-28 06:56:00,1719582960,202.06,202.21,201.64,201.74,326250
417,2024-06-28 06:57:00,1719583020,201.78,202.13,201.64,202.08,219243
418,2024-06-28 06:58:00,1719583080,202.08,202.3,201.94,202.06,279070
419,2024-06-28 06:59:00,1719583140,202.06,202.14,201.97,202.03,147777
420,2024-06-28 07:00:00,1719583200,202.05,202.79,202.05,202.25,673379
421,2024-06-28 07:01:00,1719583260,202.26,202.62,201.85,202.53,427562
422,2024-06-28 07:02:00,1719583320,202.53,202.85,202.3,202.46,470047
423,2024-06-28 07:03:00,1719583380,202.5,202.59,201.94,202.06,293116
424,2024-06-28 07:04:00,1719583440,202.1,202.13,201.62,201.78,352087
425,2024-06-28 07:05:00,1719583500,201.74,202.09,201.68,201.85,239829
426,2024-06-28 07:06:00,1719583560,201.84,202.26,201.6,201.87,257708
427,2024-06-28 07:07:00,1719583620,201.89,201.97,201.62,201.72,205589
428,2024-06-28 07:08:00,1719583680,201.72,201.91,201.35,201.68,286585
429,2024-06-28 07:09:00,1719583740,201.69,201.99,201.56,201.94,175898
430,2024-06-28 07:10:00,1719583800,201.93,202.46,201.93,202.32,399833
431,2024-06-28 07:11:00,1719583860,202.3,202.69,202.27,202.37,311180
432,2024-06-28 07:12:00,1719583920,202.37,202.44,202.09,202.18,197559
433,2024-06-28 07:13:00,1719583980,202.16,202.72,202.0,202.64,283650
434,2024-06-28 07:14:00,1719584040,202.69,202.98,202.63,202.73,559737
435,2024-06-28 07:15:00,1719584100,202.74,202.89,201.73,201.9,434241
436,2024-06-28 07:16:00,1719584160,201.93,202.04,201.41,201.72,343677
437,2024-06-28 07:17:00,1719584220,201.71,201.82,200.87,201.07,476765
438,2024-06-28 07:18:00,1719584280,201.1,201.29,200.85,200.97,297726
439,2024-06-28 07:19:00,1719584340,200.98,201.28,200.85,201.25,224965
440,2024-06-28 07:20:00,1719584400,201.28,201.55,201.27,201.35,245282
441,2024-06-28 07:21:00,1719584460,201.35,201.4,201.12,201.14,272091
442,2024-06-28 07:22:00,1719584520,201.15,201.62,200.94,201.58,258965
443,2024-06-28 07:23:00,1719584580,201.58,201.76,201.43,201.67,240920
444,2024-06-28 07:24:00,1719584640,201.66,201.7,201.2,201.3,183301
445,2024-06-28 07:25:00,1719584700,201.29,201.38,200.43,200.59,357607
446,2024-06-28 07:26:00,1719584760,200.59,200.94,200.22,200.52,378003
447,2024-06-28 07:27:00,1719584820,200.54,201.04,200.47,200.91,239720
448,2024-06-28 07:28:00,1719584880,200.91,201.0,200.5,200.54,206354
449,2024-06-28 07:29:00,1719584940,200.53,200.65,200.38,200.42,207063
450,2024-06-28 07:30:00,1719585000,200.4,200.8,200.36,200.58,210300
451,2024-06-28 07:31:00,1719585060,200.59,201.1,200.54,200.96,178980
452,2024-06-28 07:32:00,1719585120,200.98,201.39,200.9,201.31,173995
453,2024-06-28 07:33:00,1719585180,201.33,201.56,201.16,201.44,237573
454,2024-06-28 07:34:00,1719585240,201.45,201.54,201.17,201.18,184584
455,2024-06-28 07:35:00,1719585300,201.18,201.35,201.16,201.32,86845
456,2024-06-28 07:36:00,1719585360,201.32,201.54,201.05,201.33,229096
457,2024-06-28 07:37:00,1719585420,201.34,201.48,201.28,201.37,103377
458,2024-06-28 07:38:00,1719585480,201.35,201.51,201.16,201.23,129378
459,2024-06-28 07:39:00,1719585540,201.23,201.55,201.21,201.46,148398
460,2024-06-28 07:40:00,1719585600,201.49,201.56,201.21,201.24,186203
461,2024-06-28 07:41:00,1719585660,201.25,201.46,201.07,201.37,140393
462,2024-06-28 07:42:00,1719585720,201.39,201.67,201.33,201.52,215373
463,2024-06-28 07:43:00,1719585780,201.54,201.98,201.5,201.88,258416
464,2024-06-28 07:44:00,1719585840,201.88,201.98,201.74,201.86,179210
465,2024-06-28 07:45:00,1719585900,201.88,202.06,201.78,201.93,184328
466,2024-06-28 07:46:00,1719585960,201.94,202.12,201.85,202.08,139976
467,2024-06-28 07:47:00,1719586020,202.06,202.6,202.0,202.52,256874
468,2024-06-28 07:48:00,1719586080,202.52,202.62,202.3,202.41,210670
469,2024-06-28 07:49:00,1719586140,202.41,202.79,202.41,202.75,272287
470,2024-06-28 07:50:00,1719586200,202.79,203.2,202.5,202.53,549861
471,2024-06-28 07:51:00,1719586260,202.54,203.15,202.37,203.11,359230
472,2024-06-28 07:52:00,1719586320,203.13,203.13,202.28,202.28,347066
473,2024-06-28 07:53:00,1719586380,202.28,202.59,202.11,202.43,219564
474,2024-06-28 07:54:00,1719586440,202.43,202.44,202.01,202.11,198156
475,2024-06-28 07:55:00,1719586500,202.06,202.64,201.98,202.5,243423
476,2024-06-28 07:56:00,1719586560,202.53,202.86,202.47,202.8,170761
477,2024-06-28 07:57:00,1719586620,202.82,202.91,202.26,202.33,214450
478,2024-06-28 07:58:00,1719586680,202.36,202.78,202.33,202.53,121865
479,2024-06-28 07:59:00,1719586740,202.52,202.85,202.5,202.78,122679
480,2024-06-28 08:00:00,1719586800,202.82,202.91,202.51,202.89,136943
481,2024-06-28 08:01:00,1719586860,202.88,203.08,202.1,202.18,391885
482,2024-06-28 08:02:00,1719586920,202.17,202.54,201.97,202.09,217254
483,2024-06-28 08:03:00,1719586980,202.08,202.09,201.78,201.87,157420
484,2024-06-28 08:04:00,1719587040,201.84,201.91,201.56,201.7,188167
485,2024-06-28 08:05:00,1719587100,201.71,202.04,201.69,201.84,224133
486,2024-06-28 08:06:00,1719587160,201.84,201.86,201.5,201.57,154155
487,2024-06-28 08:07:00,1719587220,201.59,201.88,201.42,201.84,147785
488,2024-06-28 08:08:00,1719587280,201.82,202.09,201.77,202.05,152488
489,2024-06-28 08:09:00,1719587340,202.05,202.08,201.6,201.6,140753
490,2024-06-28 08:10:00,1719587400,201.58,201.77,201.36,201.36,175980
491,2024-06-28 08:11:00,1719587460,201.37,201.39,201.16,201.32,230355
492,2024-06-28 08:12:00,1719587520,201.31,201.31,200.87,201.07,274677
493,2024-06-28 08:13:00,1719587580,201.04,201.12,200.99,201.05,108201
494,2024-06-28 08:14:00,1719587640,201.05,201.08,200.81,200.97,145406
495,2024-06-28 08:15:00,1719587700,200.95,201.0,200.7,200.83,182701
496,2024-06-28 08:16:00,1719587760,200.83,200.94,200.79,200.93,126086
497,2024-06-28 08:17:00,1719587820,200.92,201.08,200.88,201.05,124281
498,2024-06-28 08:18:00,1719587880,201.04,201.22,200.91,201.16,152310
499,2024-06-28 08:19:00,1719587940,201.15,201.33,201.05,201.28,151699
500,2024-06-28 08:20:00,1719588000,201.3,201.45,200.92,200.96,191333
501,2024-06-28 08:21:00,1719588060,200.98,201.0,200.51,200.73,285844
502,2024-06-28 08:22:00,1719588120,200.72,200.83,200.53,200.71,146891
503,2024-06-28 08:23:00,1719588180,200.73,201.05,200.68,201.03,152723
504,2024-06-28 08:24:00,1719588240,201.03,201.12,200.84,200.96,173265
505,2024-06-28 08:25:00,1719588300,200.94,201.11,200.87,200.89,94338
506,2024-06-28 08:26:00,1719588360,200.87,200.97,200.36,200.62,260091
507,2024-06-28 08:27:00,1719588420,200.6,200.72,200.48,200.57,84532
508,2024-06-28 08:28:00,1719588480,200.59,200.86,200.55,200.6,121865
509,2024-06-28 08:29:00,1719588540,200.6,200.88,200.58,200.87,103973
510,2024-06-28 08:30:00,1719588600,200.84,200.95,200.56,200.62,93023
511,2024-06-28 08:31:00,1719588660,200.61,201.0,200.55,200.99,145369
512,2024-06-28 08:32:00,1719588720,201.0,201.3,200.95,201.16,188624
513,2024-06-28 08:33:00,1719588780,201.13,201.31,201.12,201.25,87609
514,2024-06-28 08:34:00,1719588840,201.23,201.35,201.1,201.31,129935
515,2024-06-28 08:35:00,1719588900,201.27,201.27,200.8,200.89,150926
516,2024-06-28 08:36:00,1719588960,200.87,200.88,200.58,200.8,136503
517,2024-06-28 08:37:00,1719589020,200.79,200.83,200.42,200.56,135126
518,2024-06-28 08:38:00,1719589080,200.6,200.62,200.01,200.18,266039
519,2024-06-28 08:39:00,1719589140,200.2,200.35,200.05,200.15,192535
520,2024-06-28 08:40:00,1719589200,200.16,200.43,200.04,200.32,197131
521,2024-06-28 08:41:00,1719589260,200.36,200.48,200.04,200.09,123429
522,2024-06-28 08:42:00,1719589320,200.08,200.29,199.72,199.77,307859
523,2024-06-28 08:43:00,1719589380,199.79,199.98,199.64,199.9,235711
524,2024-06-28 08:44:00,1719589440,199.88,200.16,199.83,200.16,176609
525,2024-06-28 08:45:00,1719589500,200.16,200.25,200.07,200.15,90999
526,2024-06-28 08:46:00,1719589560,200.13,200.19,199.84,199.99,146570
527,2024-06-28 08:47:00,1719589620,199.98,200.07,199.77,199.82,145382
528,2024-06-28 08:48:00,1719589680,199.81,200.32,199.72,200.3,196155
529,2024-06-28 08:49:00,1719589740,200.29,200.32,200.07,200.17,108884
530,2024-06-28 08:50:00,1719589800,200.19,200.54,200.16,200.51,189135
531,2024-06-28 08:51:00,1719589860,200.43,200.44,199.93,200.01,194213
532,2024-06-28 08:52:00,1719589920,200.02,200.02,199.78,199.8,137194
533,2024-06-28 08:53:00,1719589980,199.81,199.82,199.44,199.52,287659
534,2024-06-28 08:54:00,1719590040,199.51,199.56,199.29,199.4,226542
535,2024-06-28 08:55:00,1719590100,199.4,199.76,199.26,199.74,262630
536,2024-06-28 08:56:00,1719590160,199.74,199.79,199.56,199.77,95328
537,2024-06-28 08:57:00,1719590220,199.77,199.8,199.61,199.7,66700
538,2024-06-28 08:58:00,1719590280,199.71,199.73,199.24,199.36,219214
539,2024-06-28 08:59:00,1719590340,199.34,199.73,199.34,199.71,136676
540,2024-06-28 09:00:00,1719590400,199.7,199.82,199.62,199.66,98309
541,2024-06-28 09:01:00,1719590460,199.66,199.86,199.62,199.64,104692
542,2024-06-28 09:02:00,1719590520,199.68,199.74,199.59,199.63,97149
543,2024-06-28 09:03:00,1719590580,199.61,199.79,199.45,199.47,116753
544,2024-06-28 09:04:00,1719590640,199.49,199.51,198.87,198.92,360332
545,2024-06-28 09:05:00,1719590700,198.97,199.14,198.92,199.06,182841
546,2024-06-28 09:06:00,1719590760,199.03,199.11,198.71,198.82,234849
547,2024-06-28 09:07:00,1719590820,198.81,198.88,198.65,198.68,202385
548,2024-06-28 09:08:00,1719590880,198.67,198.67,198.12,198.15,440454
549,2024-06-28 09:09:00,1719590940,198.17,198.19,197.74,197.74,498624
550,2024-06-28 09:10:00,1719591000,197.73,197.88,197.34,197.76,516452
551,2024-06-28 09:11:00,1719591060,197.79,198.11,197.75,198.07,357590
552,2024-06-28 09:12:00,1719591120,198.06,198.06,197.6,197.72,209005
553,2024-06-28 09:13:00,1719591180,197.72,197.77,197.56,197.63,167493
554,2024-06-28 09:14:00,1719591240,197.6,197.61,197.22,197.42,282765
555,2024-06-28 09:15:00,1719591300,197.36,197.99,197.34,197.96,289562
556,2024-06-28 09:16:00,1719591360,197.97,198.08,197.73,197.74,189833
557,2024-06-28 09:17:00,1719591420,197.76,197.89,197.42,197.48,155681
558,2024-06-28 09:18:00,1719591480,197.46,197.47,197.22,197.28,176992
559,2024-06-28 09:19:00,1719591540,197.26,197.78,197.26,197.75,164646
560,2024-06-28 09:20:00,1719591600,197.8,197.86,197.53,197.56,113149
561,2024-06-28 09:21:00,1719591660,197.59,197.65,197.13,197.54,227460
562,2024-06-28 09:22:00,1719591720,197.52,197.73,197.51,197.54,153487
563,2024-06-28 09:23:00,1719591780,197.52,197.98,197.51,197.94,170035
564,2024-06-28 09:24:00,1719591840,197.93,197.96,197.68,197.81,102395
565,2024-06-28 09:25:00,1719591900,197.82,197.89,197.64,197.66,101175
566,2024-06-28 09:26:00,1719591960,197.65,197.76,197.46,197.55,124054
567,2024-06-28 09:27:00,1719592020,197.56,197.63,197.17,197.2,168372
568,2024-06-28 09:28:00,1719592080,197.25,197.78,197.24,197.68,185073
569,2024-06-28 09:29:00,1719592140,197.65,197.76,197.5,197.57,101035
570,2024-06-28 09:30:00,1719592200,197.55,197.74,197.34,197.36,151509
571,2024-06-28 09:31:00,1719592260,197.37,197.47,197.28,197.29,96388
572,2024-06-28 09:32:00,1719592320,197.33,197.39,196.7,196.89,355280
573,2024-06-28 09:33:00,1719592380,196.89,196.96,196.57,196.59,194630
574,2024-06-28 09:34:00,1719592440,196.6,196.63,196.26,196.59,283471
575,2024-06-28 09:35:00,1719592500,196.59,196.68,196.47,196.61,124749
576,2024-06-28 09:36:00,1719592560,196.6,196.63,196.35,196.47,187292
577,2024-06-28 09:37:00,1719592620,196.47,196.84,196.45,196.65,136965
578,2024-06-28 09:38:00,1719592680,196.63,196.63,196.1,196.12,213009
579,2024-06-28 09:39:00,1719592740,196.12,196.16,195.43,195.51,351743
580,2024-06-28 09:40:00,1719592800,195.53,195.77,195.37,195.68,501901
581,2024-06-28 09:41:00,1719592860,195.65,195.91,195.5,195.86,184125
582,2024-06-28 09:42:00,1719592920,195.86,196.45,195.86,196.4,229473
583,2024-06-28 09:43:00,1719592980,196.37,196.49,196.12,196.24,168922
584,2024-06-28 09:44:00,1719593040,196.23,196.24,195.95,196.06,127328
585,2024-06-28 09:45:00,1719593100,196.02,196.11,195.76,195.77,210900
586,2024-06-28 09:46:00,1719593160,195.79,196.09,195.76,195.99,130878
587,2024-06-28 09:47:00,1719593220,195.99,196.3,195.9,196.27,134577
588,2024-06-28 09:48:00,1719593280,196.24,196.38,196.15,196.23,128320
589,2024-06-28 09:49:00,1719593340,196.25,196.42,196.25,196.3,93705
590,2024-06-28 09:50:00,1719593400,196.33,196.47,196.25,196.25,101195
591,2024-06-28 09:51:00,1719593460,196.25,196.48,196.2,196.25,84812
592,2024-06-28 09:52:00,1719593520,196.23,196.38,196.08,196.34,86090
593,2024-06-28 09:53:00,1719593580,196.32,196.44,196.23,196.32,73314
594,2024-06-28 09:54:00,1719593640,196.32,196.37,196.17,196.2,65682
595,2024-06-28 09:55:00,1719593700,196.21,196.22,195.95,196.03,134391
596,2024-06-28 09:56:00,1719593760,196.0,196.19,195.96,196.1,80052
597,2024-06-28 09:57:00,1719593820,196.11,196.24,196.06,196.13,98337
598,2024-06-28 09:58:00,1719593880,196.15,196.57,196.12,196.51,119131
599,2024-06-28 09:59:00,1719593940,196.5,196.59,196.26,196.26,115344
600,2024-06-28 10:00:00,1719594000,196.25,196.5,196.21,196.41,79358
601,2024-06-28 10:01:00,1719594060,196.43,196.59,196.4,196.46,113667
602,2024-06-28 10:02:00,1719594120,196.43,196.46,196.28,196.36,113707
603,2024-06-28 10:03:00,1719594180,196.33,196.43,196.24,196.32,88329
604,2024-06-28 10:04:00,1719594240,196.32,196.51,195.99,196.04,167850
605,2024-06-28 10:05:00,1719594300,196.04,196.14,195.75,196.07,218628
606,2024-06-28 10:06:00,1719594360,196.06,196.09,195.74,195.96,138781
607,2024-06-28 10:07:00,1719594420,195.96,196.26,195.88,196.25,142707
608,2024-06-28 10:08:00,1719594480,196.24,196.34,196.18,196.25,125965
609,2024-06-28 10:09:00,1719594540,196.26,196.35,196.1,196.26,90037
610,2024-06-28 10:10:00,1719594600,196.24,196.27,196.02,196.04,51128
611,2024-06-28 10:11:00,1719594660,196.04,196.3,196.0,196.17,64505
612,2024-06-28 10:12:00,1719594720,196.16,196.29,196.15,196.16,72227
613,2024-06-28 10:13:00,1719594780,196.15,196.3,196.02,196.3,74206
614,2024-06-28 10:14:00,1719594840,196.31,196.55,196.29,196.49,131309
615,2024-06-28 10:15:00,1719594900,196.5,196.57,196.41,196.55,61766
616,2024-06-28 10:16:00,1719594960,196.53,196.66,196.46,196.61,116038
617,2024-06-28 10:17:00,1719595020,196.61,196.68,196.5,196.53,108359
618,2024-06-28 10:18:00,1719595080,196.53,196.73,196.47,196.68,102796
619,2024-06-28 10:19:00,1719595140,196.68,197.03,196.67,196.99,183813
620,2024-06-28 10:20:00,1719595200,197.0,197.17,196.97,197.06,180312
621,2024-06-28 10:21:00,1719595260,197.04,197.2,197.04,197.16,87297
622,2024-06-28 10:22:00,1719595320,197.16,197.19,196.91,197.0,135130
623,2024-06-28 10:23:00,1719595380,197.01,197.17,196.98,197.09,65215
624,2024-06-28 10:24:00,1719595440,197.1,197.12,196.88,196.98,116640
625,2024-06-28 10:25:00,1719595500,196.97,197.07,196.83,197.03,86488
626,2024-06-28 10:26:00,1719595560,197.03,197.14,197.01,197.1,67076
627,2024-06-28 10:27:00,1719595620,197.11,197.2,197.05,197.14,78404
628,2024-06-28 10:28:00,1719595680,197.13,197.19,196.92,196.98,75046
629,2024-06-28 10:29:00,1719595740,196.97,197.0,196.72,196.84,132575
630,2024-06-28 10:30:00,1719595800,196.85,196.94,196.38,196.39,141928
631,2024-06-28 10:31:00,1719595860,196.41,196.73,196.4,196.63,106249
632,2024-06-28 10:32:00,1719595920,196.61,196.88,196.61,196.84,88552
633,2024-06-28 10:33:00,1719595980,196.81,196.86,196.75,196.82,59088
634,2024-06-28 10:34:00,1719596040,196.81,196.83,196.52,196.56,63712
635,2024-06-28 10:35:00,1719596100,196.57,196.76,196.5,196.72,105586
636,2024-06-28 10:36:00,1719596160,196.71,196.93,196.7,196.93,57793
637,2024-06-28 10:37:00,1719596220,196.93,197.1,196.93,197.04,77434
638,2024-06-28 10:38:00,1719596280,197.06,197.06,196.84,196.88,59542
639,2024-06-28 10:39:00,1719596340,196.87,196.93,196.84,196.89,46784
640,2024-06-28 10:40:00,1719596400,196.88,196.94,196.74,196.87,56041
641,2024-06-28 10:41:00,1719596460,196.88,196.88,196.62,196.66,50241
642,2024-06-28 10:42:00,1719596520,196.66,196.9,196.55,196.88,72293
643,2024-06-28 10:43:00,1719596580,196.88,196.96,196.76,196.95,49964
644,2024-06-28 10:44:00,1719596640,196.95,196.95,196.7,196.81,57690
645,2024-06-28 10:45:00,1719596700,196.8,196.9,196.77,196.83,39265
646,2024-06-28 10:46:00,1719596760,196.85,196.93,196.81,196.88,30648
647,2024-06-28 10:47:00,1719596820,196.88,196.93,196.78,196.79,31798
648,2024-06-28 10:48:00,1719596880,196.79,197.04,196.78,196.98,68196
649,2024-06-28 10:49:00,1719596940,196.99,196.99,196.85,196.93,41608
650,2024-06-28 10:50:00,1719597000,196.95,196.97,196.82,196.85,34687
651,2024-06-28 10:51:00,1719597060,196.84,196.96,196.82,196.83,27204
652,2024-06-28 10:52:00,1719597120,196.86,196.91,196.85,196.85,23412
653,2024-06-28 10:53:00,1719597180,196.86,196.94,196.84,196.93,27334
654,2024-06-28 10:54:00,1719597240,196.94,197.09,196.82,196.83,97114
655,2024-06-28 10:55:00,1719597300,196.84,196.89,196.66,196.75,88950
656,2024-06-28 10:56:00,1719597360,196.75,196.76,196.61,196.62,50028
657,2024-06-28 10:57:00,1719597420,196.62,196.69,196.55,196.65,65375
658,2024-06-28 10:58:00,1719597480,196.64,196.9,196.64,196.85,65611
659,2024-06-28 10:59:00,1719597540,196.83,196.9,196.79,196.87,48743
660,2024-06-28 11:00:00,1719597600,196.86,197.02,196.76,196.96,72001
661,2024-06-28 11:01:00,1719597660,196.98,197.36,196.93,197.35,133311
662,2024-06-28 11:02:00,1719597720,197.37,197.39,197.2,197.3,115911
663,2024-06-28 11:03:00,1719597780,197.29,197.41,197.22,197.39,78008
664,2024-06-28 11:04:00,1719597840,197.4,197.57,197.35,197.55,137464
665,2024-06-28 11:05:00,1719597900,197.54,197.56,197.31,197.46,104548
666,2024-06-28 11:06:00,1719597960,197.44,197.54,197.4,197.52,54059
667,2024-06-28 11:07:00,1719598020,197.53,197.53,197.33,197.36,37769
668,2024-06-28 11:08:00,1719598080,197.38,197.43,197.26,197.33,53891
669,2024-06-28 11:09:00,1719598140,197.32,197.46,197.27,197.45,52080
670,2024-06-28 11:10:00,1719598200,197.45,197.51,197.31,197.35,44404
671,2024-06-28 11:11:00,1719598260,197.35,197.39,197.3,197.33,34105
672,2024-06-28 11:12:00,1719598320,197.32,197.38,197.23,197.23,62969
673,2024-06-28 11:13:00,1719598380,197.23,197.39,197.2,197.39,63662
674,2024-06-28 11:14:00,1719598440,197.39,197.42,197.34,197.39,54502
675,2024-06-28 11:15:00,1719598500,197.39,197.58,197.33,197.34,108448
676,2024-06-28 11:16:00,1719598560,197.35,197.49,197.34,197.44,35050
677,2024-06-28 11:17:00,1719598620,197.44,197.51,197.38,197.39,39325
678,2024-06-28 11:18:00,1719598680,197.38,197.54,197.35,197.45,62125
679,2024-06-28 11:19:00,1719598740,197.45,197.47,197.35,197.43,26798
680,2024-06-28 11:20:00,1719598800,197.43,197.48,197.37,197.45,54846
681,2024-06-28 11:21:00,1719598860,197.46,197.46,197.34,197.37,51111
682,2024-06-28 11:22:00,1719598920,197.39,197.43,196.87,196.97,167754
683,2024-06-28 11:23:00,1719598980,196.98,197.11,196.91,197.03,126321
684,2024-06-28 11:24:00,1719599040,197.04,197.15,197.01,197.05,87138
685,2024-06-28 11:25:00,1719599100,197.06,197.26,197.04,197.2,96348
686,2024-06-28 11:26:00,1719599160,197.21,197.39,197.18,197.27,104007
687,2024-06-28 11:27:00,1719599220,197.28,197.36,197.01,197.05,87457
688,2024-06-28 11:28:00,1719599280,197.02,197.15,196.95,197.05,92539
689,2024-06-28 11:29:00,1719599340,197.05,197.18,196.74,196.77,118014
690,2024-06-28 11:30:00,1719599400,196.79,196.84,196.66,196.79,111393
691,2024-06-28 11:31:00,1719599460,196.8,196.89,196.56,196.62,81082
692,2024-06-28 11:32:00,1719599520,196.59,196.8,196.53,196.7,65275
693,2024-06-28 11:33:00,1719599580,196.71,196.8,196.64,196.67,52588
694,2024-06-28 11:34:00,1719599640,196.68,196.83,196.64,196.79,67599
695,2024-06-28 11:35:00,1719599700,196.8,196.95,196.69,196.71,64739
696,2024-06-28 11:36:00,1719599760,196.71,196.92,196.71,196.83,40973
697,2024-06-28 11:37:00,1719599820,196.81,196.92,196.65,196.69,54013
698,2024-06-28 11:38:00,1719599880,196.69,196.7,196.54,196.61,92300
699,2024-06-28 11:39:00,1719599940,196.62,196.71,196.48,196.58,96759
700,2024-06-28 11:40:00,1719600000,196.56,196.69,196.55,196.61,56589
701,2024-06-28 11:41:00,1719600060,196.62,196.85,196.62,196.69,88241
702,2024-06-28 11:42:00,1719600120,196.68,196.72,196.45,196.49,85187
703,2024-06-28 11:43:00,1719600180,196.48,196.56,196.37,196.45,84846
704,2024-06-28 11:44:00,1719600240,196.46,196.51,196.23,196.25,100791
705,2024-06-28 11:45:00,1719600300,196.24,196.27,196.11,196.18,113684
706,2024-06-28 11:46:00,1719600360,196.16,196.16,195.83,195.88,218227
707,2024-06-28 11:47:00,1719600420,195.88,195.95,195.82,195.87,115288
708,2024-06-28 11:48:00,1719600480,195.88,196.18,195.88,196.1,105947
709,2024-06-28 11:49:00,1719600540,196.11,196.22,196.1,196.13,60032
710,2024-06-28 11:50:00,1719600600,196.13,196.23,196.02,196.21,84623
711,2024-06-28 11:51:00,1719600660,196.18,196.23,196.02,196.08,83096
712,2024-06-28 11:52:00,1719600720,196.08,196.34,196.06,196.17,113240
713,2024-06-28 11:53:00,1719600780,196.2,196.42,196.19,196.41,90314
714,2024-06-28 11:54:00,1719600840,196.4,196.52,196.35,196.43,101291
715,2024-06-28 11:55:00,1719600900,196.42,196.43,196.2,196.39,96347
716,2024-06-28 11:56:00,1719600960,196.41,196.41,196.27,196.37,46477
717,2024-06-28 11:57:00,1719601020,196.35,196.5,196.34,196.37,54211
718,2024-06-28 11:58:00,1719601080,196.39,196.44,196.29,196.29,41147
719,2024-06-28 11:59:00,1719601140,196.29,196.35,196.15,196.25,68202
720,2024-06-28 12:00:00,1719601200,196.24,196.31,195.96,196.01,102509
721,2024-06-28 12:01:00,1719601260,196.02,196.16,196.01,196.09,85738
722,2024-06-28 12:02:00,1719601320,196.1,196.13,195.92,195.93,72364
723,2024-06-28 12:03:00,1719601380,195.93,196.17,195.91,196.04,74800
724,2024-06-28 12:04:00,1719601440,196.03,196.23,196.02,196.08,72758
725,2024-06-28 12:05:00,1719601500,196.06,196.18,196.02,196.04,47135
726,2024-06-28 12:06:00,1719601560,196.06,196.22,196.0,196.19,51423
727,2024-06-28 12:07:00,1719601620,196.17,196.3,196.11,196.12,55392
728,2024-06-28 12:08:00,1719601680,196.14,196.22,196.08,196.12,41200
729,2024-06-28 12:09:00,1719601740,196.12,196.35,196.12,196.3,62906
730,2024-06-28 12:10:00,1719601800,196.31,196.34,196.15,196.16,59617
731,2024-06-28 12:11:00,1719601860,196.17,196.23,196.12,196.2,53138
732,2024-06-28 12:12:00,1719601920,196.19,196.29,196.16,196.21,44279
733,2024-06-28 12:13:00,1719601980,196.21,196.34,196.19,196.22,58406
734,2024-06-28 12:14:00,1719602040,196.24,196.3,196.21,196.23,37060
735,2024-06-28 12:15:00,1719602100,196.23,196.27,196.12,196.23,54031
736,2024-06-28 12:16:00,1719602160,196.23,196.33,196.19,196.29,30414
737,2024-06-28 12:17:00,1719602220,196.29,196.32,196.15,196.28,35786
738,2024-06-28 12:18:00,1719602280,196.28,196.38,196.26,196.33,50694
739,2024-06-28 12:19:00,1719602340,196.34,196.47,196.3,196.46,49694
740,2024-06-28 12:20:00,1719602400,196.47,196.52,196.34,196.42,82147
741,2024-06-28 12:21:00,1719602460,196.43,196.49,196.31,196.36,47623
742,2024-06-28 12:22:00,1719602520,196.38,196.4,196.11,196.14,97673
743,2024-06-28 12:23:00,1719602580,196.13,196.23,196.11,196.17,60218
744,2024-06-28 12:24:00,1719602640,196.2,196.22,196.12,196.17,46405
745,2024-06-28 12:25:00,1719602700,196.16,196.21,196.12,196.15,48867
746,2024-06-28 12:26:00,1719602760,196.15,196.24,196.09,196.09,65028
747,2024-06-28 12:27:00,1719602820,196.1,196.19,196.09,196.14,79394
748,2024-06-28 12:28:00,1719602880,196.12,196.17,196.07,196.11,41012
749,2024-06-28 12:29:00,1719602940,196.1,196.13,196.02,196.11,80130
750,2024-06-28 12:30:00,1719603000,196.11,196.2,196.03,196.05,73509
751,2024-06-28 12:31:00,1719603060,196.04,196.09,195.52,195.55,202243
752,2024-06-28 12:32:00,1719603120,195.53,195.56,195.35,195.54,230782
753,2024-06-28 12:33:00,1719603180,195.52,195.58,195.3,195.37,159872
754,2024-06-28 12:34:00,1719603240,195.36,195.78,195.26,195.71,149430
755,2024-06-28 12:35:00,1719603300,195.72,195.83,195.52,195.56,117246
756,2024-06-28 12:36:00,1719603360,195.54,195.83,195.5,195.81,108989
757,2024-06-28 12:37:00,1719603420,195.83,195.91,195.8,195.88,103458
758,2024-06-28 12:38:00,1719603480,195.87,195.98,195.81,195.95,75033
759,2024-06-28 12:39:00,1719603540,195.95,195.98,195.82,195.89,72321
760,2024-06-28 12:40:00,1719603600,195.88,196.14,195.84,196.0,131590
761,2024-06-28 12:41:00,1719603660,196.02,196.15,195.87,195.99,149559
762,2024-06-28 12:42:00,1719603720,195.99,196.26,195.98,196.22,78670
763,2024-06-28 12:43:00,1719603780,196.25,196.48,196.23,196.43,136447
764,2024-06-28 12:44:00,1719603840,196.41,196.55,196.31,196.31,122971
765,2024-06-28 12:45:00,1719603900,196.35,196.57,196.35,196.52,113918
766,2024-06-28 12:46:00,1719603960,196.57,196.9,196.54,196.78,250127
767,2024-06-28 12:47:00,1719604020,196.78,196.79,196.56,196.6,178295
768,2024-06-28 12:48:00,1719604080,196.57,196.69,196.46,196.54,142214
769,2024-06-28 12:49:00,1719604140,196.54,196.85,196.53,196.84,131844
770,2024-06-28 12:50:00,1719604200,196.8,197.6,196.72,197.37,423336
771,2024-06-28 12:51:00,1719604260,197.39,197.47,197.11,197.14,206149
772,2024-06-28 12:52:00,1719604320,197.16,197.25,196.77,196.94,226109
773,2024-06-28 12:53:00,1719604380,196.94,197.15,196.9,197.08,169949
774,2024-06-28 12:54:00,1719604440,197.07,197.92,196.95,197.92,369747
775,2024-06-28 12:55:00,1719604500,197.92,198.09,197.81,197.92,375382
776,2024-06-28 12:56:00,1719604560,197.95,198.01,197.86,197.98,321034
777,2024-06-28 12:57:00,1719604620,197.98,198.08,197.86,197.95,319543
778,2024-06-28 12:58:00,1719604680,197.95,198.03,197.7,197.74,405038
779,2024-06-28 12:59:00,1719604740,197.75,198.0,197.71,198.0,845356
780,2024-07-01 06:30:00,1719840600,201.02,202.38,200.85,201.93,1258500
781,2024-07-01 06:31:00,1719840660,201.95,203.53,201.91,203.05,1027358
782,2024-07-01 06:32:00,1719840720,203.05,203.73,202.98,203.55,789761
783,2024-07-01 06:33:00,1719840780,203.58,203.78,203.21,203.66,721494
784,2024-07-01 06:34:00,1719840840,203.66,203.75,203.13,203.7,594588
785,2024-07-01 06:35:00,1719840900,203.67,204.57,203.39,204.45,894082
786,2024-07-01 06:36:00,1719840960,204.45,204.68,204.02,204.64,735618
787,2024-07-01 06:37:00,1719841020,204.64,205.0,204.33,204.91,772734
788,2024-07-01 06:38:00,1719841080,204.91,205.36,204.87,205.16,825327
789,2024-07-01 06:39:00,1719841140,205.14,205.25,204.85,205.0,641443
790,2024-07-01 06:40:00,1719841200,204.99,205.1,203.98,204.34,705051
791,2024-07-01 06:41:00,1719841260,204.31,205.8,204.26,205.45,773871
792,2024-07-01 06:42:00,1719841320,205.49,205.94,205.31,205.49,697544
793,2024-07-01 06:43:00,1719841380,205.5,206.0,205.44,205.72,417584
794,2024-07-01 06:44:00,1719841440,205.7,206.0,205.42,205.84,648232
795,2024-07-01 06:45:00,1719841500,205.84,206.69,205.44,206.63,868274
796,2024-07-01 06:46:00,1719841560,206.67,207.55,206.55,206.82,1042560
797,2024-07-01 06:47:00,1719841620,206.81,206.95,206.1,206.36,698418
798,2024-07-01 06:48:00,1719841680,206.36,206.44,204.92,205.47,722974
799,2024-07-01 06:49:00,1719841740,205.49,206.5,204.97,205.03,696566
800,2024-07-01 06:50:00,1719841800,205.08,205.3,204.24,204.6,619694
801,2024-07-01 06:51:00,1719841860,204.6,205.78,204.57,205.78,530209
802,2024-07-01 06:52:00,1719841920,205.75,206.0,205.27,205.42,381861
803,2024-07-01 06:53:00,1719841980,205.37,206.67,205.32,206.47,496918
804,2024-07-01 06:54:00,1719842040,206.48,206.5,205.91,206.09,318384
805,2024-07-01 06:55:00,1719842100,206.11,206.6,206.0,206.57,386932
806,2024-07-01 06:56:00,1719842160,206.58,206.92,206.42,206.79,438379
807,2024-07-01 06:57:00,1719842220,206.77,206.95,206.6,206.82,345875
808,2024-07-01 06:58:00,1719842280,206.76,207.05,206.25,206.69,507812
809,2024-07-01 06:59:00,1719842340,206.66,206.75,205.84,206.25,417635
810,2024-07-01 07:00:00,1719842400,206.25,207.37,206.24,207.32,534393
811,2024-07-01 07:01:00,1719842460,207.32,208.78,207.3,208.74,1039581
812,2024-07-01 07:02:00,1719842520,208.72,208.82,208.18,208.56,592994
813,2024-07-01 07:03:00,1719842580,208.56,208.57,207.98,208.08,464457
814,2024-07-01 07:04:00,1719842640,208.09,208.47,208.02,208.12,354699
815,2024-07-01 07:05:00,1719842700,208.14,208.15,207.6,207.76,380418
816,2024-07-01 07:06:00,1719842760,207.72,207.95,207.16,207.47,376323
817,2024-07-01 07:07:00,1719842820,207.46,208.0,207.17,208.0,453308
818,2024-07-01 07:08:00,1719842880,207.95,208.9,207.95,208.86,645687
819,2024-07-01 07:09:00,1719842940,208.85,209.0,208.62,208.98,567419
820,2024-07-01 07:10:00,1719843000,208.95,209.05,208.41,208.72,550032
821,2024-07-01 07:11:00,1719843060,208.72,208.73,207.81,207.96,470876
822,2024-07-01 07:12:00,1719843120,207.97,208.73,207.95,208.66,446859
823,2024-07-01 07:13:00,1719843180,208.72,208.81,208.12,208.48,412060
824,2024-07-01 07:14:00,1719843240,208.46,208.48,207.66,207.76,365150
825,2024-07-01 07:15:00,1719843300,207.79,207.8,206.89,207.03,587747
826,2024-07-01 07:16:00,1719843360,207.04,208.32,206.99,207.81,571341
827,2024-07-01 07:17:00,1719843420,207.81,208.08,207.67,207.97,236291
828,2024-07-01 07:18:00,1719843480,207.97,208.68,207.93,208.35,384795
829,2024-07-01 07:19:00,1719843540,208.33,208.75,208.1,208.67,325142
830,2024-07-01 07:20:00,1719843600,208.67,209.45,208.64,209.13,704062
831,2024-07-01 07:21:00,1719843660,209.12,209.16,208.68,208.97,442346
832,2024-07-01 07:22:00,1719843720,208.98,209.54,208.85,209.32,455918
833,2024-07-01 07:23:00,1719843780,209.31,209.97,209.22,209.9,649815
834,2024-07-01 07:24:00,1719843840,209.89,209.93,208.83,208.87,408987
835,2024-07-01 07:25:00,1719843900,208.85,209.2,208.76,209.07,394977
836,2024-07-01 07:26:00,1719843960,209.07,209.99,209.05,209.72,472741
837,2024-07-01 07:27:00,1719844020,209.79,209.94,209.45,209.78,298171
838,2024-07-01 07:28:00,1719844080,209.77,210.0,209.73,209.99,439002
839,2024-07-01 07:29:00,1719844140,209.97,209.99,209.58,209.8,230500
840,2024-07-01 07:30:00,1719844200,209.77,209.99,209.31,209.9,410374
841,2024-07-01 07:31:00,1719844260,209.89,210.7,209.88,210.69,713047
842,2024-07-01 07:32:00,1719844320,210.7,211.08,210.56,210.88,630237
843,2024-07-01 07:33:00,1719844380,210.88,211.48,210.86,211.38,575411
844,2024-07-01 07:34:00,1719844440,211.38,211.47,210.77,210.78,585934
845,2024-07-01 07:35:00,1719844500,210.77,211.21,210.5,210.85,477903
846,2024-07-01 07:36:00,1719844560,210.86,211.55,210.82,211.4,420757
847,2024-07-01 07:37:00,1719844620,211.39,211.4,210.38,210.49,427028
848,2024-07-01 07:38:00,1719844680,210.47,210.58,210.15,210.31,436471
849,2024-07-01 07:39:00,1719844740,210.31,210.35,209.43,209.51,467679
850,2024-07-01 07:40:00,1719844800,209.49,210.29,209.26,210.21,516838
851,2024-07-01 07:41:00,1719844860,210.22,210.33,208.83,208.87,532660
852,2024-07-01 07:42:00,1719844920,208.88,209.67,208.83,209.57,288981
853,2024-07-01 07:43:00,1719844980,209.58,209.9,209.45,209.48,294838
854,2024-07-01 07:44:00,1719845040,209.48,210.42,209.48,210.16,340545
855,2024-07-01 07:45:00,1719845100,210.16,210.28,209.63,209.7,275218
856,2024-07-01 07:46:00,1719845160,209.69,209.73,208.92,209.11,349678
857,2024-07-01 07:47:00,1719845220,209.11,209.48,209.0,209.39,220145
858,2024-07-01 07:48:00,1719845280,209.39,209.6,208.91,209.18,258050
859,2024-07-01 07:49:00,1719845340,209.1,209.17,208.63,208.7,287833
860,2024-07-01 07:50:00,1719845400,208.72,208.92,208.5,208.86,293877
861,2024-07-01 07:51:00,1719845460,208.86,209.84,208.85,209.58,413311
862,2024-07-01 07:52:00,1719845520,209.58,209.73,208.74,208.89,266623
863,2024-07-01 07:53:00,1719845580,208.92,208.98,208.27,208.33,275750
864,2024-07-01 07:54:00,1719845640,208.34,208.38,207.78,207.8,486565
865,2024-07-01 07:55:00,1719845700,207.81,208.03,207.65,207.96,312381
866,2024-07-01 07:56:00,1719845760,207.96,208.78,207.95,208.68,353261
867,2024-07-01 07:57:00,1719845820,208.65,208.99,208.05,208.05,290456
868,2024-07-01 07:58:00,1719845880,208.08,208.6,207.97,208.58,208967
869,2024-07-01 07:59:00,1719845940,208.55,208.55,207.98,208.03,172013
870,2024-07-01 08:00:00,1719846000,208.0,208.53,207.94,208.3,267390
871,2024-07-01 08:01:00,1719846060,208.34,208.88,208.19,208.83,262068
872,2024-07-01 08:02:00,1719846120,208.81,209.4,208.18,208.29,401255
873,2024-07-01 08:03:00,1719846180,208.3,208.72,208.1,208.58,201603
874,2024-07-01 08:04:00,1719846240,208.55,208.7,208.32,208.58,132489
875,2024-07-01 08:05:00,1719846300,208.65,209.12,208.57,208.94,292098
876,2024-07-01 08:06:00,1719846360,208.94,209.16,208.5,208.74,175097
877,2024-07-01 08:07:00,1719846420,208.75,209.02,208.55,208.98,141251
878,2024-07-01 08:08:00,1719846480,208.98,209.27,208.9,209.03,254191
879,2024-07-01 08:09:00,1719846540,209.13,209.64,208.95,209.37,334857
880,2024-07-01 08:10:00,1719846600,209.37,209.73,209.3,209.72,263536
881,2024-07-01 08:11:00,1719846660,209.73,210.3,209.68,210.13,487986
882,2024-07-01 08:12:00,1719846720,210.15,210.24,209.48,209.52,324178
883,2024-07-01 08:13:00,1719846780,209.5,210.19,209.36,210.16,259166
884,2024-07-01 08:14:00,1719846840,210.16,210.7,210.02,210.64,389394
885,2024-07-01 08:15:00,1719846900,210.63,210.63,210.05,210.16,254635
886,2024-07-01 08:16:00,1719846960,210.15,210.15,209.91,210.11,184628
887,2024-07-01 08:17:00,1719847020,210.12,210.37,210.05,210.28,191537
888,2024-07-01 08:18:00,1719847080,210.28,210.55,210.24,210.46,196584
889,2024-07-01 08:19:00,1719847140,210.46,210.5,209.75,210.0,247523
890,2024-07-01 08:20:00,1719847200,209.99,210.15,209.63,209.97,222196
891,2024-07-01 08:21:00,1719847260,209.99,210.04,209.52,209.55,138532
892,2024-07-01 08:22:00,1719847320,209.57,209.58,208.78,208.96,269708
893,2024-07-01 08:23:00,1719847380,208.96,209.35,208.9,209.17,200325
894,2024-07-01 08:24:00,1719847440,209.17,209.49,208.92,209.47,212273
895,2024-07-01 08:25:00,1719847500,209.47,210.15,209.44,210.15,336727
896,2024-07-01 08:26:00,1719847560,210.14,210.44,209.95,210.37,278578
897,2024-07-01 08:27:00,1719847620,210.35,210.94,210.31,210.88,366428
898,2024-07-01 08:28:00,1719847680,210.89,210.93,210.65,210.83,263608
899,2024-07-01 08:29:00,1719847740,210.82,210.85,210.26,210.36,218643
900,2024-07-01 08:30:00,1719847800,210.36,210.38,209.91,209.94,205251
901,2024-07-01 08:31:00,1719847860,209.93,210.04,209.75,209.97,164062
902,2024-07-01 08:32:00,1719847920,209.92,210.23,209.9,210.1,184255
903,2024-07-01 08:33:00,1719847980,210.07,210.48,209.94,210.42,212082
904,2024-07-01 08:34:00,1719848040,210.41,211.0,210.41,210.88,366432
905,2024-07-01 08:35:00,1719848100,210.85,211.0,210.64,210.84,261192
906,2024-07-01 08:36:00,1719848160,210.82,211.34,210.82,211.16,305492
907,2024-07-01 08:37:00,1719848220,211.16,211.18,210.67,210.91,264648
908,2024-07-01 08:38:00,1719848280,210.84,211.07,210.65,210.68,223135
909,2024-07-01 08:39:00,1719848340,210.67,210.97,210.55,210.88,201664
910,2024-07-01 08:40:00,1719848400,210.91,210.99,210.67,210.73,136114
911,2024-07-01 08:41:00,1719848460,210.73,211.09,210.71,210.83,209810
912,2024-07-01 08:42:00,1719848520,210.83,211.03,210.44,210.69,233519
913,2024-07-01 08:43:00,1719848580,210.68,210.68,210.31,210.31,162344
914,2024-07-01 08:44:00,1719848640,210.33,210.49,209.93,210.07,204302
915,2024-07-01 08:45:00,1719848700,210.04,210.21,209.98,210.11,131614
916,2024-07-01 08:46:00,1719848760,210.12,210.2,209.85,210.0,159880
917,2024-07-01 08:47:00,1719848820,209.99,210.09,209.82,209.92,142588
918,2024-07-01 08:48:00,1719848880,209.93,210.19,209.82,210.16,167675
919,2024-07-01 08:49:00,1719848940,210.17,210.25,209.92,210.01,121625
920,2024-07-01 08:50:00,1719849000,210.01,210.33,210.0,210.23,161699
921,2024-07-01 08:51:00,1719849060,210.24,210.24,209.51,209.74,221707
922,2024-07-01 08:52:00,1719849120,209.74,209.95,209.44,209.49,180811
923,2024-07-01 08:53:00,1719849180,209.5,209.69,209.4,209.67,167005
924,2024-07-01 08:54:00,1719849240,209.65,209.74,209.27,209.71,266817
925,2024-07-01 08:55:00,1719849300,209.71,210.05,209.57,209.98,221772
926,2024-07-01 08:56:00,1719849360,209.99,210.14,209.88,210.08,171247
927,2024-07-01 08:57:00,1719849420,210.07,210.73,210.04,210.71,264279
928,2024-07-01 08:58:00,1719849480,210.72,210.8,210.44,210.7,200733
929,2024-07-01 08:59:00,1719849540,210.7,210.9,210.64,210.88,162095
930,2024-07-01 09:00:00,1719849600,210.86,211.15,210.7,210.97,383476
931,2024-07-01 09:01:00,1719849660,210.95,211.11,210.81,210.94,166367
932,2024-07-01 09:02:00,1719849720,210.94,211.07,210.73,210.92,174386
933,2024-07-01 09:03:00,1719849780,210.9,211.09,210.9,210.95,141010
934,2024-07-01 09:04:00,1719849840,210.96,210.99,210.5,210.62,165025
935,2024-07-01 09:05:00,1719849900,210.62,210.93,210.51,210.83,135542
936,2024-07-01 09:06:00,1719849960,210.81,210.93,210.53,210.59,124172
937,2024-07-01 09:07:00,1719850020,210.62,210.86,210.47,210.66,126569
938,2024-07-01 09:08:00,1719850080,210.65,210.95,210.55,210.91,126112
939,2024-07-01 09:09:00,1719850140,210.94,211.01,210.86,210.98,166641
940,2024-07-01 09:10:00,1719850200,210.98,210.98,210.48,210.59,153897
941,2024-07-01 09:11:00,1719850260,210.57,210.82,210.36,210.43,153793
942,2024-07-01 09:12:00,1719850320,210.46,210.71,210.28,210.61,145794
943,2024-07-01 09:13:00,1719850380,210.6,210.71,210.3,210.33,114717
944,2024-07-01 09:14:00,1719850440,210.3,210.31,209.95,210.06,157990
945,2024-07-01 09:15:00,1719850500,210.09,210.24,209.86,210.24,149498
946,2024-07-01 09:16:00,1719850560,210.21,210.42,210.14,210.26,160807
947,2024-07-01 09:17:00,1719850620,210.27,210.35,209.88,209.94,122469
948,2024-07-01 09:18:00,1719850680,209.95,210.2,209.84,210.03,167221
949,2024-07-01 09:19:00,1719850740,210.08,210.11,209.82,209.96,126314
950,2024-07-01 09:20:00,1719850800,209.98,210.15,209.72,210.04,170075
951,2024-07-01 09:21:00,1719850860,210.02,210.17,209.92,210.05,95305
952,2024-07-01 09:22:00,1719850920,210.07,210.15,209.96,210.04,99726
953,2024-07-01 09:23:00,1719850980,210.05,210.2,209.93,210.0,151417
954,2024-07-01 09:24:00,1719851040,209.99,210.11,209.93,210.09,106522
955,2024-07-01 09:25:00,1719851100,210.06,210.58,210.02,210.53,191415
956,2024-07-01 09:26:00,1719851160,210.53,210.54,209.94,210.17,243739
957,2024-07-01 09:27:00,1719851220,210.19,210.47,210.11,210.45,112054
958,2024-07-01 09:28:00,1719851280,210.42,210.47,209.98,210.0,139493
959,2024-07-01 09:29:00,1719851340,210.02,210.28,209.98,210.25,136907
960,2024-07-01 09:30:00,1719851400,210.22,210.27,209.93,209.96,141206
961,2024-07-01 09:31:00,1719851460,209.98,210.47,209.87,210.38,194213
962,2024-07-01 09:32:00,1719851520,210.38,210.43,210.29,210.39,108593
963,2024-07-01 09:33:00,1719851580,210.4,210.41,210.08,210.13,104557
964,2024-07-01 09:34:00,1719851640,210.12,210.36,209.99,210.36,124596
965,2024-07-01 09:35:00,1719851700,210.36,210.44,209.91,210.31,211384
966,2024-07-01 09:36:00,1719851760,210.32,210.74,210.04,210.68,244971
967,2024-07-01 09:37:00,1719851820,210.71,210.85,209.96,210.2,264612
968,2024-07-01 09:38:00,1719851880,210.2,210.26,209.96,210.1,116658
969,2024-07-01 09:39:00,1719851940,210.13,210.3,209.93,210.02,174882
970,2024-07-01 09:40:00,1719852000,210.02,210.15,209.86,210.03,157360
971,2024-07-01 09:41:00,1719852060,210.05,210.2,209.94,210.01,113380
972,2024-07-01 09:42:00,1719852120,210.0,210.12,209.88,210.06,112646
973,2024-07-01 09:43:00,1719852180,210.07,210.2,209.96,210.03,147362
974,2024-07-01 09:44:00,1719852240,209.96,209.99,209.6,209.68,213529
975,2024-07-01 09:45:00,1719852300,209.68,210.04,209.59,209.93,129890
976,2024-07-01 09:46:00,1719852360,209.93,209.95,209.4,209.42,160020
977,2024-07-01 09:47:00,1719852420,209.43,209.7,209.43,209.55,103301
978,2024-07-01 09:48:00,1719852480,209.58,210.02,209.52,209.97,164366
979,2024-07-01 09:49:00,1719852540,210.0,210.1,209.8,209.81,172041
980,2024-07-01 09:50:00,1719852600,209.83,210.24,209.83,210.07,176508
981,2024-07-01 09:51:00,1719852660,210.06,210.2,209.76,209.89,112024
982,2024-07-01 09:52:00,1719852720,209.89,210.18,209.84,210.13,68284
983,2024-07-01 09:53:00,1719852780,210.11,210.11,209.65,209.72,94056
984,2024-07-01 09:54:00,1719852840,209.72,209.8,209.41,209.78,195074
985,2024-07-01 09:55:00,1719852900,209.78,209.87,209.5,209.67,116055
986,2024-07-01 09:56:00,1719852960,209.73,209.88,209.66,209.78,79024
987,2024-07-01 09:57:00,1719853020,209.75,209.81,209.58,209.77,91748
988,2024-07-01 09:58:00,1719853080,209.77,209.87,209.6,209.69,99070
989,2024-07-01 09:59:00,1719853140,209.69,209.74,209.42,209.64,154081
990,2024-07-01 10:00:00,1719853200,209.66,209.8,209.59,209.73,93206
991,2024-07-01 10:01:00,1719853260,209.75,209.84,209.34,209.35,146905
992,2024-07-01 10:02:00,1719853320,209.37,209.37,208.98,209.01,279166
993,2024-07-01 10:03:00,1719853380,209.01,209.11,208.99,209.08,102556
994,2024-07-01 10:04:00,1719853440,209.05,209.32,209.04,209.31,109779
995,2024-07-01 10:05:00,1719853500,209.29,209.5,209.26,209.31,146359
996,2024-07-01 10:06:00,1719853560,209.29,209.5,209.2,209.36,97645
997,2024-07-01 10:07:00,1719853620,209.34,209.65,209.34,209.56,122334
998,2024-07-01 10:08:00,1719853680,209.57,209.63,209.35,209.51,84625
999,2024-07-01 10:09:00,1719853740,209.5,209.69,209.45,209.6,92008
1000,2024-07-01 10:10:00,1719853800,209.63,209.83,209.5,209.8,101965
1001,2024-07-01 10:11:00,1719853860,209.78,210.0,209.5,209.9,220844
1002,2024-07-01 10:12:00,1719853920,209.88,210.05,209.8,209.85,116909
1003,2024-07-01 10:13:00,1719853980,209.87,209.98,209.7,209.97,72936
1004,2024-07-01 10:14:00,1719854040,209.95,210.0,209.8,209.9,80802
1005,2024-07-01 10:15:00,1719854100,209.92,210.05,209.8,209.99,108707
1006,2024-07-01 10:16:00,1719854160,209.97,210.06,209.8,209.93,78684
1007,2024-07-01 10:17:00,1719854220,209.93,210.12,209.9,209.97,94515
1008,2024-07-01 10:18:00,1719854280,209.95,210.04,209.8,210.04,87826
1009,2024-07-01 10:19:00,1719854340,210.04,210.09,209.8,209.88,73540
1010,2024-07-01 10:20:00,1719854400,209.86,209.96,209.6,209.63,97934
1011,2024-07-01 10:21:00,1719854460,209.63,209.86,209.6,209.86,63331
1012,2024-07-01 10:22:00,1719854520,209.85,209.94,209.5,209.63,109301
1013,2024-07-01 10:23:00,1719854580,209.63,209.63,209.05,209.15,160488
1014,2024-07-01 10:24:00,1719854640,209.14,209.41,209.07,209.35,111989
1015,2024-07-01 10:25:00,1719854700,209.39,209.8,209.37,209.8,137794
1016,2024-07-01 10:26:00,1719854760,209.76,210.13,209.76,209.93,209200
1017,2024-07-01 10:27:00,1719854820,209.91,209.97,209.79,209.85,79288
1018,2024-07-01 10:28:00,1719854880,209.87,209.89,209.75,209.84,74243
1019,2024-07-01 10:29:00,1719854940,209.84,209.9,209.61,209.78,112351
1020,2024-07-01 10:30:00,1719855000,209.77,209.8,209.54,209.77,82463
1021,2024-07-01 10:31:00,1719855060,209.78,209.79,209.37,209.61,111939
1022,2024-07-01 10:32:00,1719855120,209.58,209.64,209.32,209.37,80686
1023,2024-07-01 10:33:00,1719855180,209.34,209.42,209.15,209.32,121758
1024,2024-07-01 10:34:00,1719855240,209.33,209.5,209.29,209.39,83842
1025,2024-07-01 10:35:00,1719855300,209.39,209.41,209.16,209.27,82061
1026,2024-07-01 10:36:00,1719855360,209.25,209.72,209.22,209.62,112251
1027,2024-07-01 10:37:00,1719855420,209.61,209.63,209.1,209.22,121683
1028,2024-07-01 10:38:00,1719855480,209.19,209.75,209.19,209.49,157805
1029,2024-07-01 10:39:00,1719855540,209.48,209.67,209.32,209.49,95862
1030,2024-07-01 10:40:00,1719855600,209.46,209.58,209.36,209.48,76996
1031,2024-07-01 10:41:00,1719855660,209.49,209.6,209.39,209.44,71654
1032,2024-07-01 10:42:00,1719855720,209.44,209.44,209.15,209.27,94507
1033,2024-07-01 10:43:00,1719855780,209.31,209.36,209.1,209.23,128246
1034,2024-07-01 10:44:00,1719855840,209.25,209.35,209.08,209.12,90754
1035,2024-07-01 10:45:00,1719855900,209.12,209.41,209.12,209.16,89248
1036,2024-07-01 10:46:00,1719855960,209.14,209.35,209.0,209.28,156123
1037,2024-07-01 10:47:00,1719856020,209.29,209.38,208.97,209.11,177770
1038,2024-07-01 10:48:00,1719856080,209.15,209.38,209.12,209.17,115169
1039,2024-07-01 10:49:00,1719856140,209.17,209.37,209.04,209.32,113787
1040,2024-07-01 10:50:00,1719856200,209.32,209.69,209.29,209.64,182392
1041,2024-07-01 10:51:00,1719856260,209.64,209.94,209.56,209.91,206174
1042,2024-07-01 10:52:00,1719856320,209.9,210.23,209.82,210.21,320792
1043,2024-07-01 10:53:00,1719856380,210.21,210.52,210.2,210.46,285830
1044,2024-07-01 10:54:00,1719856440,210.46,210.59,210.4,210.48,154751
1045,2024-07-01 10:55:00,1719856500,210.47,210.78,210.41,210.77,258249
1046,2024-07-01 10:56:00,1719856560,210.77,210.87,210.62,210.82,264606
1047,2024-07-01 10:57:00,1719856620,210.83,210.85,210.68,210.82,152816
1048,2024-07-01 10:58:00,1719856680,210.82,210.89,210.73,210.78,178410
1049,2024-07-01 10:59:00,1719856740,210.79,210.83,210.7,210.78,133243
1050,2024-07-01 11:00:00,1719856800,210.78,210.88,210.73,210.87,142585
1051,2024-07-01 11:01:00,1719856860,210.87,211.18,210.8,211.17,399656
1052,2024-07-01 11:02:00,1719856920,211.16,212.27,211.16,212.2,708985
1053,2024-07-01 11:03:00,1719856980,212.22,212.22,211.75,211.94,349396
1054,2024-07-01 11:04:00,1719857040,211.9,211.96,211.71,211.89,209900
1055,2024-07-01 11:05:00,1719857100,211.89,212.2,211.79,212.04,320539
1056,2024-07-01 11:06:00,1719857160,212.03,212.43,211.89,212.42,391005
1057,2024-07-01 11:07:00,1719857220,212.41,212.59,212.26,212.31,447276
1058,2024-07-01 11:08:00,1719857280,212.3,212.67,212.3,212.49,320041
1059,2024-07-01 11:09:00,1719857340,212.47,212.55,212.3,212.48,232085
1060,2024-07-01 11:10:00,1719857400,212.48,212.87,212.3,212.83,353567
1061,2024-07-01 11:11:00,1719857460,212.82,212.83,212.64,212.78,231641
1062,2024-07-01 11:12:00,1719857520,212.78,212.94,212.7,212.94,250999
1063,2024-07-01 11:13:00,1719857580,212.94,212.99,212.48,212.57,431167
1064,2024-07-01 11:14:00,1719857640,212.59,213.19,212.59,213.01,446801
1065,2024-07-01 11:15:00,1719857700,213.02,213.23,212.89,213.09,313626
1066,2024-07-01 11:16:00,1719857760,213.09,213.14,212.72,213.11,346164
1067,2024-07-01 11:17:00,1719857820,213.11,213.19,212.78,212.88,196874
1068,2024-07-01 11:18:00,1719857880,212.86,213.0,212.8,212.98,131427
1069,2024-07-01 11:19:00,1719857940,212.96,213.19,212.9,213.18,183535
1070,2024-07-01 11:20:00,1719858000,213.18,213.2,212.88,212.97,218379
1071,2024-07-01 11:21:00,1719858060,212.91,213.19,212.91,213.19,191439
1072,2024-07-01 11:22:00,1719858120,213.19,213.21,212.57,212.74,283174
1073,2024-07-01 11:23:00,1719858180,212.74,212.74,212.52,212.72,189441
1074,2024-07-01 11:24:00,1719858240,212.71,212.86,212.53,212.59,164877
1075,2024-07-01 11:25:00,1719858300,212.62,212.7,212.42,212.44,186349
1076,2024-07-01 11:26:00,1719858360,212.44,212.59,212.31,212.44,203228
1077,2024-07-01 11:27:00,1719858420,212.44,212.53,212.12,212.31,285070
1078,2024-07-01 11:28:00,1719858480,212.34,212.38,212.05,212.06,192846
1079,2024-07-01 11:29:00,1719858540,212.06,212.27,212.04,212.18,183030
1080,2024-07-01 11:30:00,1719858600,212.17,212.3,212.03,212.13,131446
1081,2024-07-01 11:31:00,1719858660,212.12,212.41,212.1,212.36,177559
1082,2024-07-01 11:32:00,1719858720,212.37,212.43,212.11,212.36,155171
1083,2024-07-01 11:33:00,1719858780,212.35,212.55,212.21,212.53,155063
1084,2024-07-01 11:34:00,1719858840,212.47,212.84,212.39,212.81,306679
1085,2024-07-01 11:35:00,1719858900,212.81,212.87,212.4,212.75,276912
1086,2024-07-01 11:36:00,1719858960,212.75,212.75,212.23,212.32,191190
1087,2024-07-01 11:37:00,1719859020,212.32,212.33,212.01,212.07,207077
1088,2024-07-01 11:38:00,1719859080,212.05,212.3,212.03,212.18,141081
1089,2024-07-01 11:39:00,1719859140,212.18,212.19,211.91,212.09,250876
1090,2024-07-01 11:40:00,1719859200,212.09,212.29,212.01,212.27,128856
1091,2024-07-01 11:41:00,1719859260,212.27,212.43,212.08,212.2,193439
1092,2024-07-01 11:42:00,1719859320,212.18,212.32,211.85,212.05,186580
1093,2024-07-01 11:43:00,1719859380,212.04,212.22,211.97,212.19,120342
1094,2024-07-01 11:44:00,1719859440,212.21,212.22,211.95,212.03,101882
1095,2024-07-01 11:45:00,1719859500,211.99,212.07,211.88,211.91,110395
1096,2024-07-01 11:46:00,1719859560,211.91,211.99,211.7,211.74,196778
1097,2024-07-01 11:47:00,1719859620,211.72,211.88,211.63,211.72,161022
1098,2024-07-01 11:48:00,1719859680,211.74,211.76,211.61,211.69,131354
1099,2024-07-01 11:49:00,1719859740,211.68,211.85,211.53,211.77,159647
1100,2024-07-01 11:50:00,1719859800,211.78,211.94,211.63,211.65,170877
1101,2024-07-01 11:51:00,1719859860,211.65,211.87,211.49,211.63,173677
1102,2024-07-01 11:52:00,1719859920,211.63,211.64,211.36,211.48,159399
1103,2024-07-01 11:53:00,1719859980,211.5,211.58,211.26,211.56,214508
1104,2024-07-01 11:54:00,1719860040,211.56,211.59,211.28,211.44,144582
1105,2024-07-01 11:55:00,1719860100,211.44,211.5,211.13,211.18,247307
1106,2024-07-01 11:56:00,1719860160,211.2,211.48,211.16,211.22,180402
1107,2024-07-01 11:57:00,1719860220,211.22,211.24,211.02,211.05,156628
1108,2024-07-01 11:58:00,1719860280,211.04,211.11,210.86,211.08,284106
1109,2024-07-01 11:59:00,1719860340,211.06,211.46,211.02,211.34,210782
1110,2024-07-01 12:00:00,1719860400,211.34,211.41,211.0,211.06,173917
1111,2024-07-01 12:01:00,1719860460,211.06,211.08,210.82,210.88,209776
1112,2024-07-01 12:02:00,1719860520,210.87,211.0,210.5,210.56,355155
1113,2024-07-01 12:03:00,1719860580,210.57,210.84,210.56,210.58,213718
1114,2024-07-01 12:04:00,1719860640,210.57,210.7,210.36,210.53,289496
1115,2024-07-01 12:05:00,1719860700,210.57,211.1,210.54,210.86,337674
1116,2024-07-01 12:06:00,1719860760,210.88,211.07,210.27,210.44,330397
1117,2024-07-01 12:07:00,1719860820,210.44,210.55,209.96,210.33,397406
1118,2024-07-01 12:08:00,1719860880,210.36,210.57,210.24,210.5,217008
1119,2024-07-01 12:09:00,1719860940,210.49,210.59,210.25,210.32,158534
1120,2024-07-01 12:10:00,1719861000,210.35,210.4,210.17,210.28,128226
1121,2024-07-01 12:11:00,1719861060,210.3,210.32,209.9,209.91,258140
1122,2024-07-01 12:12:00,1719861120,209.92,210.0,209.6,209.78,314228
1123,2024-07-01 12:13:00,1719861180,209.78,209.98,209.65,209.88,246176
1124,2024-07-01 12:14:00,1719861240,209.88,210.1,209.86,209.93,219581
1125,2024-07-01 12:15:00,1719861300,209.92,210.11,209.85,210.1,142311
1126,2024-07-01 12:16:00,1719861360,210.1,210.32,209.98,210.22,269399
1127,2024-07-01 12:17:00,1719861420,210.23,210.55,210.2,210.45,236693
1128,2024-07-01 12:18:00,1719861480,210.42,210.48,210.34,210.46,148416
1129,2024-07-01 12:19:00,1719861540,210.46,210.66,210.41,210.65,178669
1130,2024-07-01 12:20:00,1719861600,210.65,210.68,210.4,210.62,208993
1131,2024-07-01 12:21:00,1719861660,210.61,210.78,210.4,210.76,261400
1132,2024-07-01 12:22:00,1719861720,210.75,210.77,210.0,210.06,338811
1133,2024-07-01 12:23:00,1719861780,210.04,210.62,210.01,210.46,290743
1134,2024-07-01 12:24:00,1719861840,210.48,210.69,210.42,210.55,214691
1135,2024-07-01 12:25:00,1719861900,210.57,210.74,210.37,210.65,212666
1136,2024-07-01 12:26:00,1719861960,210.66,210.67,209.82,209.82,318665
1137,2024-07-01 12:27:00,1719862020,209.8,210.11,209.77,210.05,207678
1138,2024-07-01 12:28:00,1719862080,210.05,210.27,209.92,210.23,187442
1139,2024-07-01 12:29:00,1719862140,210.23,210.7,210.19,210.63,232170
1140,2024-07-01 12:30:00,1719862200,210.61,210.66,210.36,210.41,149683
1141,2024-07-01 12:31:00,1719862260,210.42,210.56,210.35,210.38,116173
1142,2024-07-01 12:32:00,1719862320,210.38,210.47,210.22,210.29,132940
1143,2024-07-01 12:33:00,1719862380,210.27,210.66,210.24,210.63,198166
1144,2024-07-01 12:34:00,1719862440,210.62,211.25,210.6,211.2,434232
1145,2024-07-01 12:35:00,1719862500,211.21,211.42,211.21,211.42,238735
1146,2024-07-01 12:36:00,1719862560,211.42,211.55,211.3,211.55,353866
1147,2024-07-01 12:37:00,1719862620,211.52,212.05,211.45,211.85,524365
1148,2024-07-01 12:38:00,1719862680,211.81,211.96,211.55,211.93,266547
1149,2024-07-01 12:39:00,1719862740,211.91,211.95,211.27,211.35,319566
1150,2024-07-01 12:40:00,1719862800,211.36,211.73,211.22,211.57,334164
1151,2024-07-01 12:41:00,1719862860,211.59,211.6,211.27,211.3,167445
1152,2024-07-01 12:42:00,1719862920,211.31,211.64,211.25,211.49,243176
1153,2024-07-01 12:43:00,1719862980,211.51,211.52,211.29,211.39,123716
1154,2024-07-01 12:44:00,1719863040,211.39,211.49,211.02,211.09,269110
1155,2024-07-01 12:45:00,1719863100,211.08,211.17,210.64,210.73,334811
1156,2024-07-01 12:46:00,1719863160,210.72,211.03,210.56,210.58,287411
1157,2024-07-01 12:47:00,1719863220,210.56,210.58,210.15,210.21,239636
1158,2024-07-01 12:48:00,1719863280,210.22,210.22,209.9,209.94,346706
1159,2024-07-01 12:49:00,1719863340,209.93,210.18,209.88,209.96,263955
1160,2024-07-01 12:50:00,1719863400,209.96,210.49,209.96,210.08,312616
1161,2024-07-01 12:51:00,1719863460,210.06,210.95,210.06,210.91,349997
1162,2024-07-01 12:52:00,1719863520,210.93,210.93,210.35,210.81,326635
1163,2024-07-01 12:53:00,1719863580,210.83,210.84,210.41,210.72,222933
1164,2024-07-01 12:54:00,1719863640,210.72,210.72,210.33,210.36,200674
1165,2024-07-01 12:55:00,1719863700,210.28,210.32,209.66,209.82,451610
1166,2024-07-01 12:56:00,1719863760,209.84,210.35,209.79,209.96,359595
1167,2024-07-01 12:57:00,1719863820,209.93,210.1,209.72,209.77,282688
1168,2024-07-01 12:58:00,1719863880,209.77,209.77,209.4,209.43,371155
1169,2024-07-01 12:59:00,1719863940,209.43,210.55,209.32,209.86,1030512
1170,2024-07-02 06:30:00,1719927000,218.82,221.2,218.15,221.13,3284835
1171,2024-07-02 06:31:00,1719927060,221.14,221.5,218.39,218.97,1614248
1172,2024-07-02 06:32:00,1719927120,218.89,219.69,218.06,218.76,1081576
1173,2024-07-02 06:33:00,1719927180,218.81,220.6,218.71,219.19,985691
1174,2024-07-02 06:34:00,1719927240,219.14,220.77,218.66,220.75,856907
1175,2024-07-02 06:35:00,1719927300,220.68,220.85,219.72,220.65,943506
1176,2024-07-02 06:36:00,1719927360,220.62,221.15,219.86,219.86,983613
1177,2024-07-02 06:37:00,1719927420,219.87,221.48,219.6,220.96,1025300
1178,2024-07-02 06:38:00,1719927480,220.91,221.5,219.82,219.9,765286
1179,2024-07-02 06:39:00,1719927540,219.94,220.22,219.11,219.35,695984
1180,2024-07-02 06:40:00,1719927600,219.3,219.54,218.93,219.13,663122
1181,2024-07-02 06:41:00,1719927660,219.13,219.91,219.03,219.53,488072
1182,2024-07-02 06:42:00,1719927720,219.53,220.69,219.43,220.47,702971
1183,2024-07-02 06:43:00,1719927780,220.46,220.98,219.93,220.65,630698
1184,2024-07-02 06:44:00,1719927840,220.64,221.8,220.58,221.27,1013389
1185,2024-07-02 06:45:00,1719927900,221.26,221.41,220.12,220.68,732533
1186,2024-07-02 06:46:00,1719927960,220.68,221.27,220.57,221.04,451091
1187,2024-07-02 06:47:00,1719928020,221.05,221.92,220.84,221.69,840258
1188,2024-07-02 06:48:00,1719928080,221.66,222.75,221.52,222.61,1130952
1189,2024-07-02 06:49:00,1719928140,222.61,222.87,222.16,222.35,823084
1190,2024-07-02 06:50:00,1719928200,222.35,222.59,221.95,222.37,757664
1191,2024-07-02 06:51:00,1719928260,222.35,223.55,221.98,223.44,1253697
1192,2024-07-02 06:52:00,1719928320,223.43,224.1,223.21,223.94,1067120
1193,2024-07-02 06:53:00,1719928380,223.96,224.76,223.76,224.68,1125486
1194,2024-07-02 06:54:00,1719928440,224.66,225.63,224.55,225.62,1612968
1195,2024-07-02 06:55:00,1719928500,225.63,225.66,224.33,224.42,1190889
1196,2024-07-02 06:56:00,1719928560,224.44,224.69,223.95,224.62,824234
1197,2024-07-02 06:57:00,1719928620,224.64,224.75,224.03,224.1,636079
1198,2024-07-02 06:58:00,1719928680,224.11,224.5,224.02,224.44,480380
1199,2024-07-02 06:59:00,1719928740,224.45,224.53,224.1,224.19,359507
1200,2024-07-02 07:00:00,1719928800,224.19,224.73,223.89,224.41,677398
1201,2024-07-02 07:01:00,1719928860,224.36,225.44,224.15,225.02,811981
1202,2024-07-02 07:02:00,1719928920,225.15,225.2,224.45,225.2,455569
1203,2024-07-02 07:03:00,1719928980,225.2,226.0,225.15,225.63,856579
1204,2024-07-02 07:04:00,1719929040,225.63,226.07,225.46,225.96,665365
1205,2024-07-02 07:05:00,1719929100,225.95,226.5,225.85,226.14,794754
1206,2024-07-02 07:06:00,1719929160,226.13,226.18,225.57,226.05,623388
1207,2024-07-02 07:07:00,1719929220,226.06,226.45,225.92,226.39,505422
1208,2024-07-02 07:08:00,1719929280,226.37,227.15,226.13,227.07,1000138
1209,2024-07-02 07:09:00,1719929340,227.03,227.72,226.93,227.67,862855
1210,2024-07-02 07:10:00,1719929400,227.65,227.75,226.3,226.34,1136592
1211,2024-07-02 07:11:00,1719929460,226.32,226.7,226.03,226.31,749302
1212,2024-07-02 07:12:00,1719929520,226.32,226.4,225.47,225.64,769930
1213,2024-07-02 07:13:00,1719929580,225.63,226.46,225.57,226.45,518015
1214,2024-07-02 07:14:00,1719929640,226.45,227.45,226.41,226.95,768468
1215,2024-07-02 07:15:00,1719929700,226.94,227.2,226.6,227.16,528744
1216,2024-07-02 07:16:00,1719929760,227.17,227.45,226.61,226.85,602836
1217,2024-07-02 07:17:00,1719929820,226.86,227.4,226.64,227.22,488489
1218,2024-07-02 07:18:00,1719929880,227.22,227.38,226.5,227.32,510689
1219,2024-07-02 07:19:00,1719929940,227.31,227.86,226.94,227.72,798956
1220,2024-07-02 07:20:00,1719930000,227.75,228.38,227.7,228.13,1108716
1221,2024-07-02 07:21:00,1719930060,228.12,228.25,227.4,227.55,597736
1222,2024-07-02 07:22:00,1719930120,227.55,228.06,227.46,228.06,534823
1223,2024-07-02 07:23:00,1719930180,228.06,228.07,227.35,227.63,539771
1224,2024-07-02 07:24:00,1719930240,227.63,227.67,227.09,227.55,575148
1225,2024-07-02 07:25:00,1719930300,227.51,228.21,227.4,228.08,562755
1226,2024-07-02 07:26:00,1719930360,228.08,228.2,227.64,227.93,484844
1227,2024-07-02 07:27:00,1719930420,227.9,228.68,227.9,228.56,747264
1228,2024-07-02 07:28:00,1719930480,228.56,228.88,228.03,228.84,642858
1229,2024-07-02 07:29:00,1719930540,228.85,229.55,228.74,229.44,1046303
1230,2024-07-02 07:30:00,1719930600,229.44,229.87,229.34,229.81,833308
1231,2024-07-02 07:31:00,1719930660,229.8,230.29,229.78,229.97,1614047
1232,2024-07-02 07:32:00,1719930720,229.97,230.49,229.82,230.01,951850
1233,2024-07-02 07:33:00,1719930780,230.03,230.14,229.5,229.67,784931
1234,2024-07-02 07:34:00,1719930840,229.67,230.19,229.33,230.04,747313
1235,2024-07-02 07:35:00,1719930900,230.03,230.92,230.02,230.79,902385
1236,2024-07-02 07:36:00,1719930960,230.8,231.15,230.44,231.13,885963
1237,2024-07-02 07:37:00,1719931020,231.14,231.14,230.74,230.95,599267
1238,2024-07-02 07:38:00,1719931080,230.96,230.98,229.92,230.12,854316
1239,2024-07-02 07:39:00,1719931140,230.13,230.14,229.41,229.57,695819
1240,2024-07-02 07:40:00,1719931200,229.59,230.42,229.06,229.09,857149
1241,2024-07-02 07:41:00,1719931260,229.12,229.46,228.71,228.78,694979
1242,2024-07-02 07:42:00,1719931320,228.81,229.07,228.59,228.73,616468
1243,2024-07-02 07:43:00,1719931380,228.73,229.2,228.61,228.84,582333
1244,2024-07-02 07:44:00,1719931440,228.86,229.43,228.65,228.97,601040
1245,2024-07-02 07:45:00,1719931500,228.94,228.97,228.6,228.86,353946
1246,2024-07-02 07:46:00,1719931560,228.84,229.26,228.4,228.57,567532
1247,2024-07-02 07:47:00,1719931620,228.58,228.69,227.72,228.21,937813
1248,2024-07-02 07:48:00,1719931680,228.22,228.28,228.01,228.2,401141
1249,2024-07-02 07:49:00,1719931740,228.21,228.28,227.56,227.85,545808
1250,2024-07-02 07:50:00,1719931800,227.86,228.49,227.82,228.2,553735
1251,2024-07-02 07:51:00,1719931860,228.21,228.3,227.6,227.84,410302
1252,2024-07-02 07:52:00,1719931920,227.85,227.9,227.35,227.77,528817
1253,2024-07-02 07:53:00,1719931980,227.77,228.53,227.46,228.44,759990
1254,2024-07-02 07:54:00,1719932040,228.43,228.43,227.82,228.14,352653
1255,2024-07-02 07:55:00,1719932100,228.12,228.25,227.76,228.06,354455
1256,2024-07-02 07:56:00,1719932160,228.06,228.18,227.88,228.05,266565
1257,2024-07-02 07:57:00,1719932220,228.06,228.69,228.02,228.56,494833
1258,2024-07-02 07:58:00,1719932280,228.58,228.6,227.64,227.64,497748
1259,2024-07-02 07:59:00,1719932340,227.66,227.78,227.25,227.37,578952
1260,2024-07-02 08:00:00,1719932400,227.37,227.87,227.3,227.8,455872
1261,2024-07-02 08:01:00,1719932460,227.82,228.09,227.69,227.81,380077
1262,2024-07-02 08:02:00,1719932520,227.78,228.07,227.7,227.97,273735
1263,2024-07-02 08:03:00,1719932580,228.03,228.03,227.53,227.95,257516
1264,2024-07-02 08:04:00,1719932640,227.92,228.37,227.92,228.17,431446
1265,2024-07-02 08:05:00,1719932700,228.19,228.45,228.17,228.3,323070
1266,2024-07-02 08:06:00,1719932760,228.31,228.94,228.06,228.91,587118
1267,2024-07-02 08:07:00,1719932820,228.93,229.1,228.58,228.65,520955
1268,2024-07-02 08:08:00,1719932880,228.66,228.74,228.13,228.19,396294
1269,2024-07-02 08:09:00,1719932940,228.2,228.6,227.87,228.31,479363
1270,2024-07-02 08:10:00,1719933000,228.3,228.34,227.52,227.53,507374
1271,2024-07-02 08:11:00,1719933060,227.52,227.75,227.31,227.73,388911
1272,2024-07-02 08:12:00,1719933120,227.75,228.29,227.55,228.21,379265
1273,2024-07-02 08:13:00,1719933180,228.2,228.25,227.84,227.97,271853
1274,2024-07-02 08:14:00,1719933240,227.99,228.4,227.81,228.34,259704
1275,2024-07-02 08:15:00,1719933300,228.34,229.08,228.31,228.92,706709
1276,2024-07-02 08:16:00,1719933360,228.92,229.0,228.69,228.93,321720
1277,2024-07-02 08:17:00,1719933420,228.94,229.17,228.81,229.04,442239
1278,2024-07-02 08:18:00,1719933480,229.04,229.37,228.86,229.31,397891
1279,2024-07-02 08:19:00,1719933540,229.31,229.34,228.98,228.99,278741
1280,2024-07-02 08:20:00,1719933600,229.0,229.27,228.36,228.78,476770
1281,2024-07-02 08:21:00,1719933660,228.77,228.85,228.3,228.71,306726
1282,2024-07-02 08:22:00,1719933720,228.72,228.99,228.51,228.98,273769
1283,2024-07-02 08:23:00,1719933780,228.99,229.4,228.94,229.14,448066
1284,2024-07-02 08:24:00,1719933840,229.12,229.97,229.12,229.82,580064
1285,2024-07-02 08:25:00,1719933900,229.83,229.9,229.47,229.63,375578
1286,2024-07-02 08:26:00,1719933960,229.68,229.9,229.59,229.68,310198
1287,2024-07-02 08:27:00,1719934020,229.65,229.77,229.32,229.57,336183
1288,2024-07-02 08:28:00,1719934080,229.57,229.76,229.44,229.68,245599
1289,2024-07-02 08:29:00,1719934140,229.7,229.89,229.43,229.58,336984
1290,2024-07-02 08:30:00,1719934200,229.59,229.86,229.41,229.77,288494
1291,2024-07-02 08:31:00,1719934260,229.77,229.77,229.26,229.27,356062
1292,2024-07-02 08:32:00,1719934320,229.28,229.32,228.8,229.05,409238
1293,2024-07-02 08:33:00,1719934380,229.07,229.15,228.43,228.76,375134
1294,2024-07-02 08:34:00,1719934440,228.77,228.78,228.46,228.63,244418
1295,2024-07-02 08:35:00,1719934500,228.6,228.97,228.37,228.95,341536
1296,2024-07-02 08:36:00,1719934560,228.95,229.45,228.92,229.07,431782
1297,2024-07-02 08:37:00,1719934620,229.11,229.11,228.6,228.76,323909
1298,2024-07-02 08:38:00,1719934680,228.73,228.83,228.13,228.44,391395
1299,2024-07-02 08:39:00,1719934740,228.45,228.73,228.38,228.68,260379
1300,2024-07-02 08:40:00,1719934800,228.66,229.08,228.54,228.94,313609
1301,2024-07-02 08:41:00,1719934860,228.93,228.96,228.48,228.89,224183
1302,2024-07-02 08:42:00,1719934920,228.88,229.07,228.61,228.83,299062
1303,2024-07-02 08:43:00,1719934980,228.83,228.95,228.43,228.82,259746
1304,2024-07-02 08:44:00,1719935040,228.81,229.07,228.55,228.93,293939
1305,2024-07-02 08:45:00,1719935100,228.96,228.99,228.65,228.88,179091
1306,2024-07-02 08:46:00,1719935160,228.9,228.98,228.54,228.94,236932
1307,2024-07-02 08:47:00,1719935220,228.94,229.38,228.93,229.13,373060
1308,2024-07-02 08:48:00,1719935280,229.12,229.33,228.8,228.89,428368
1309,2024-07-02 08:49:00,1719935340,228.91,229.0,228.65,228.99,232932
1310,2024-07-02 08:50:00,1719935400,229.0,229.24,228.9,229.1,226802
1311,2024-07-02 08:51:00,1719935460,229.07,229.61,229.05,229.51,492651
1312,2024-07-02 08:52:00,1719935520,229.52,229.64,229.38,229.48,306880
1313,2024-07-02 08:53:00,1719935580,229.47,229.62,229.23,229.32,264153
1314,2024-07-02 08:54:00,1719935640,229.36,229.5,228.91,229.06,271388
1315,2024-07-02 08:55:00,1719935700,229.07,229.07,228.33,228.51,345136
1316,2024-07-02 08:56:00,1719935760,228.5,228.62,227.76,228.01,522661
1317,2024-07-02 08:57:00,1719935820,228.03,228.38,227.92,228.09,288485
1318,2024-07-02 08:58:00,1719935880,228.1,228.25,227.92,228.22,261479
1319,2024-07-02 08:59:00,1719935940,228.23,228.29,227.64,227.81,346111
1320,2024-07-02 09:00:00,1719936000,227.82,227.95,227.35,227.35,395345
1321,2024-07-02 09:01:00,1719936060,227.35,227.39,226.82,227.18,582877
1322,2024-07-02 09:02:00,1719936120,227.16,227.6,227.02,227.51,389243
1323,2024-07-02 09:03:00,1719936180,227.51,227.69,227.34,227.43,264846
1324,2024-07-02 09:04:00,1719936240,227.44,227.83,227.27,227.79,276372
1325,2024-07-02 09:05:00,1719936300,227.79,228.2,227.62,228.07,342003
1326,2024-07-02 09:06:00,1719936360,228.07,228.23,227.94,228.06,185193
1327,2024-07-02 09:07:00,1719936420,228.07,228.14,227.72,227.76,223746
1328,2024-07-02 09:08:00,1719936480,227.81,228.14,227.65,228.02,227073
1329,2024-07-02 09:09:00,1719936540,228.02,228.03,227.7,227.73,139958
1330,2024-07-02 09:10:00,1719936600,227.73,227.76,227.31,227.54,340343
1331,2024-07-02 09:11:00,1719936660,227.56,227.77,227.31,227.47,228527
1332,2024-07-02 09:12:00,1719936720,227.49,227.99,227.32,227.92,250271
1333,2024-07-02 09:13:00,1719936780,227.95,228.13,227.68,227.73,258869
1334,2024-07-02 09:14:00,1719936840,227.71,227.92,227.55,227.9,137058
1335,2024-07-02 09:15:00,1719936900,227.9,228.66,227.86,228.45,538817
1336,2024-07-02 09:16:00,1719936960,228.41,228.63,228.37,228.59,206002
1337,2024-07-02 09:17:00,1719937020,228.62,228.63,228.4,228.4,178044
1338,2024-07-02 09:18:00,1719937080,228.44,228.56,228.2,228.55,247346
1339,2024-07-02 09:19:00,1719937140,228.54,228.66,228.33,228.65,207663
1340,2024-07-02 09:20:00,1719937200,228.65,228.67,228.41,228.47,158475
1341,2024-07-02 09:21:00,1719937260,228.5,228.65,228.45,228.54,143563
1342,2024-07-02 09:22:00,1719937320,228.54,228.61,228.31,228.46,152412
1343,2024-07-02 09:23:00,1719937380,228.43,228.43,227.99,228.15,222850
1344,2024-07-02 09:24:00,1719937440,228.16,228.65,228.06,228.61,261562
1345,2024-07-02 09:25:00,1719937500,228.62,228.85,228.35,228.59,347163
1346,2024-07-02 09:26:00,1719937560,228.62,228.9,228.6,228.86,269584
1347,2024-07-02 09:27:00,1719937620,228.86,229.27,228.83,229.15,363046
1348,2024-07-02 09:28:00,1719937680,229.15,229.2,228.96,229.09,247372
1349,2024-07-02 09:29:00,1719937740,229.08,229.15,228.91,229.02,214191
1350,2024-07-02 09:30:00,1719937800,229.04,229.18,228.98,229.09,191406
1351,2024-07-02 09:31:00,1719937860,229.09,229.43,229.03,229.37,273935
1352,2024-07-02 09:32:00,1719937920,229.36,229.45,229.28,229.4,215256
1353,2024-07-02 09:33:00,1719937980,229.39,229.53,229.26,229.45,237443
1354,2024-07-02 09:34:00,1719938040,229.46,229.48,229.23,229.37,188764
1355,2024-07-02 09:35:00,1719938100,229.4,229.47,229.01,229.22,241335
1356,2024-07-02 09:36:00,1719938160,229.25,229.5,229.17,229.18,185761
1357,2024-07-02 09:37:00,1719938220,229.2,229.28,229.01,229.14,173388
1358,2024-07-02 09:38:00,1719938280,229.16,229.21,228.93,229.04,200774
1359,2024-07-02 09:39:00,1719938340,229.04,229.16,229.0,229.01,116760
1360,2024-07-02 09:40:00,1719938400,229.03,229.55,229.0,229.55,351422
1361,2024-07-02 09:41:00,1719938460,229.54,229.84,228.71,228.74,522817
1362,2024-07-02 09:42:00,1719938520,228.75,229.19,228.7,228.92,240939
1363,2024-07-02 09:43:00,1719938580,228.9,229.01,228.7,228.79,290113
1364,2024-07-02 09:44:00,1719938640,228.82,229.03,228.69,228.98,193012
1365,2024-07-02 09:45:00,1719938700,228.98,229.19,228.7,229.07,286048
1366,2024-07-02 09:46:00,1719938760,229.06,229.1,228.87,228.97,124217
1367,2024-07-02 09:47:00,1719938820,229.0,229.15,228.82,229.06,173590
1368,2024-07-02 09:48:00,1719938880,229.05,229.07,228.78,228.88,132333
1369,2024-07-02 09:49:00,1719938940,228.9,229.21,228.44,229.19,390591
1370,2024-07-02 09:50:00,1719939000,229.19,229.45,229.09,229.2,347771
1371,2024-07-02 09:51:00,1719939060,229.2,229.21,228.74,228.78,271080
1372,2024-07-02 09:52:00,1719939120,228.76,228.94,228.57,228.73,182317
1373,2024-07-02 09:53:00,1719939180,228.74,228.78,228.62,228.69,88628
1374,2024-07-02 09:54:00,1719939240,228.66,228.91,228.59,228.91,176296
1375,2024-07-02 09:55:00,1719939300,228.9,229.2,228.81,229.0,177915
1376,2024-07-02 09:56:00,1719939360,228.98,229.17,228.89,229.08,142758
1377,2024-07-02 09:57:00,1719939420,229.07,229.08,228.87,229.01,130753
1378,2024-07-02 09:58:00,1719939480,228.99,229.18,228.97,229.06,150991
1379,2024-07-02 09:59:00,1719939540,229.07,229.13,228.94,229.09,119657
1380,2024-07-02 10:00:00,1719939600,229.08,229.31,229.0,229.21,189105
1381,2024-07-02 10:01:00,1719939660,229.18,229.24,228.82,229.06,187464
1382,2024-07-02 10:02:00,1719939720,229.06,229.13,228.77,228.95,105323
1383,2024-07-02 10:03:00,1719939780,228.94,229.0,228.72,228.84,117397
1384,2024-07-02 10:04:00,1719939840,228.86,228.9,228.61,228.89,127982
1385,2024-07-02 10:05:00,1719939900,228.86,229.07,228.75,228.85,156729
1386,2024-07-02 10:06:00,1719939960,228.84,228.97,228.72,228.89,96453
1387,2024-07-02 10:07:00,1719940020,228.91,229.27,228.87,228.92,239767
1388,2024-07-02 10:08:00,1719940080,228.92,228.94,228.62,228.92,187587
1389,2024-07-02 10:09:00,1719940140,228.92,229.09,228.82,229.03,153596
1390,2024-07-02 10:10:00,1719940200,229.03,229.03,228.81,228.92,95748
1391,2024-07-02 10:11:00,1719940260,228.92,229.16,228.82,229.06,136156
1392,2024-07-02 10:12:00,1719940320,229.08,229.22,228.93,229.21,190177
1393,2024-07-02 10:13:00,1719940380,229.23,229.34,229.0,229.09,202640
1394,2024-07-02 10:14:00,1719940440,229.11,229.12,228.86,228.95,140007
1395,2024-07-02 10:15:00,1719940500,228.97,229.02,228.65,228.77,205947
1396,2024-07-02 10:16:00,1719940560,228.75,229.0,228.3,228.31,293370
1397,2024-07-02 10:17:00,1719940620,228.33,228.36,228.15,228.16,201687
1398,2024-07-02 10:18:00,1719940680,228.18,228.32,228.14,228.2,198550
1399,2024-07-02 10:19:00,1719940740,228.22,228.4,228.02,228.22,258227
1400,2024-07-02 10:20:00,1719940800,228.24,228.39,228.12,228.21,176095
1401,2024-07-02 10:21:00,1719940860,228.22,228.27,227.87,228.04,248639
1402,2024-07-02 10:22:00,1719940920,228.05,228.16,227.7,227.96,205271
1403,2024-07-02 10:23:00,1719940980,227.94,228.12,227.83,228.05,162474
1404,2024-07-02 10:24:00,1719941040,228.08,228.27,228.03,228.19,155294
1405,2024-07-02 10:25:00,1719941100,228.24,228.29,228.04,228.04,136401
1406,2024-07-02 10:26:00,1719941160,228.05,228.08,227.9,227.96,186643
1407,2024-07-02 10:27:00,1719941220,227.98,227.98,227.57,227.72,190461
1408,2024-07-02 10:28:00,1719941280,227.73,227.85,227.59,227.82,160182
1409,2024-07-02 10:29:00,1719941340,227.8,227.81,227.23,227.34,320397
1410,2024-07-02 10:30:00,1719941400,227.36,227.54,227.16,227.22,273608
1411,2024-07-02 10:31:00,1719941460,227.2,227.25,227.01,227.11,298053
1412,2024-07-02 10:32:00,1719941520,227.13,227.18,226.72,226.74,379317
1413,2024-07-02 10:33:00,1719941580,226.75,227.23,226.68,227.05,341864
1414,2024-07-02 10:34:00,1719941640,227.09,227.14,227.02,227.09,146498
1415,2024-07-02 10:35:00,1719941700,227.09,227.13,226.72,226.91,243143
1416,2024-07-02 10:36:00,1719941760,226.9,226.98,226.43,226.56,301346
1417,2024-07-02 10:37:00,1719941820,226.55,226.96,226.13,226.95,515656
1418,2024-07-02 10:38:00,1719941880,226.91,226.92,226.36,226.74,316202
1419,2024-07-02 10:39:00,1719941940,226.73,226.77,226.23,226.3,292326
1420,2024-07-02 10:40:00,1719942000,226.32,226.41,226.07,226.16,252822
1421,2024-07-02 10:41:00,1719942060,226.14,226.34,225.87,225.89,404247
1422,2024-07-02 10:42:00,1719942120,225.9,226.8,225.87,226.55,564998
1423,2024-07-02 10:43:00,1719942180,226.55,226.75,226.35,226.58,253887
1424,2024-07-02 10:44:00,1719942240,226.58,226.71,226.37,226.53,218450
1425,2024-07-02 10:45:00,1719942300,226.53,226.78,226.4,226.66,210758
1426,2024-07-02 10:46:00,1719942360,226.66,226.79,226.14,226.33,341401
1427,2024-07-02 10:47:00,1719942420,226.34,227.23,226.02,227.11,553691
1428,2024-07-02 10:48:00,1719942480,227.13,227.2,226.81,226.93,234961
1429,2024-07-02 10:49:00,1719942540,226.91,226.94,226.61,226.8,187974
1430,2024-07-02 10:50:00,1719942600,226.82,226.92,226.61,226.64,149926
1431,2024-07-02 10:51:00,1719942660,226.67,226.78,226.15,226.33,236846
1432,2024-07-02 10:52:00,1719942720,226.36,226.83,226.29,226.55,207960
1433,2024-07-02 10:53:00,1719942780,226.58,226.87,226.51,226.85,143077
1434,2024-07-02 10:54:00,1719942840,226.8,227.1,226.75,227.07,218195
1435,2024-07-02 10:55:00,1719942900,227.11,227.14,226.9,227.08,192149
1436,2024-07-02 10:56:00,1719942960,227.09,227.33,227.09,227.26,221678
1437,2024-07-02 10:57:00,1719943020,227.24,227.39,227.23,227.32,168822
1438,2024-07-02 10:58:00,1719943080,227.32,227.48,227.23,227.26,209044
1439,2024-07-02 10:59:00,1719943140,227.27,227.38,227.01,227.37,189129
1440,2024-07-02 11:00:00,1719943200,227.37,227.37,227.08,227.23,154348
1441,2024-07-02 11:01:00,1719943260,227.2,227.64,227.06,227.53,234655
1442,2024-07-02 11:02:00,1719943320,227.52,227.7,227.44,227.54,225880
1443,2024-07-02 11:03:00,1719943380,227.54,227.56,227.14,227.35,164730
1444,2024-07-02 11:04:00,1719943440,227.36,227.54,227.24,227.42,119211
1445,2024-07-02 11:05:00,1719943500,227.44,227.68,227.29,227.67,180622
1446,2024-07-02 11:06:00,1719943560,227.67,227.88,227.58,227.84,203420
1447,2024-07-02 11:07:00,1719943620,227.84,227.91,227.77,227.86,173959
1448,2024-07-02 11:08:00,1719943680,227.88,227.92,227.74,227.82,180338
1449,2024-07-02 11:09:00,1719943740,227.83,227.94,227.79,227.84,154219
1450,2024-07-02 11:10:00,1719943800,227.85,227.9,227.61,227.68,183844
1451,2024-07-02 11:11:00,1719943860,227.69,227.81,227.54,227.8,138057
1452,2024-07-02 11:12:00,1719943920,227.82,228.01,227.7,227.96,229887
1453,2024-07-02 11:13:00,1719943980,227.95,228.01,227.8,228.0,156748
1454,2024-07-02 11:14:00,1719944040,228.0,228.05,227.75,227.85,153984
1455,2024-07-02 11:15:00,1719944100,227.88,227.99,227.8,227.97,119861
1456,2024-07-02 11:16:00,1719944160,227.97,228.27,227.97,228.13,340332
1457,2024-07-02 11:17:00,1719944220,228.1,228.14,227.75,228.09,226019
1458,2024-07-02 11:18:00,1719944280,228.12,228.48,228.07,228.45,341548
1459,2024-07-02 11:19:00,1719944340,228.43,228.67,228.36,228.58,368583
1460,2024-07-02 11:20:00,1719944400,228.59,228.62,228.37,228.51,217047
1461,2024-07-02 11:21:00,1719944460,228.52,228.59,228.38,228.49,198050
1462,2024-07-02 11:22:00,1719944520,228.48,228.58,228.43,228.52,123665
1463,2024-07-02 11:23:00,1719944580,228.52,228.87,228.49,228.83,255282
