,date,time,open,high,low,close,volume
0,2024-08-16 06:30:00,1723815000,224.1,224.55,223.7,223.7,2650721
1,2024-08-16 06:31:00,1723815060,223.7,224.35,223.65,224.19,143526
2,2024-08-16 06:32:00,1723815120,224.12,224.12,223.79,223.97,70221
3,2024-08-16 06:33:00,1723815180,223.94,224.0,223.66,223.97,78735
4,2024-08-16 06:34:00,1723815240,223.96,224.0,223.79,223.88,73592
5,2024-08-16 06:35:00,1723815300,223.94,224.01,223.83,224.01,159872
6,2024-08-16 06:36:00,1723815360,224.01,224.39,223.99,224.15,147710
7,2024-08-16 06:37:00,1723815420,224.16,224.3,224.0,224.18,100983
8,2024-08-16 06:38:00,1723815480,224.19,224.25,223.99,224.13,89899
9,2024-08-16 06:39:00,1723815540,224.14,224.46,224.11,224.39,116672
10,2024-08-16 06:40:00,1723815600,224.38,224.59,224.27,224.47,105618
11,2024-08-16 06:41:00,1723815660,224.45,224.65,224.28,224.39,95752
12,2024-08-16 06:42:00,1723815720,224.38,224.52,224.13,224.21,83107
13,2024-08-16 06:43:00,1723815780,224.18,224.21,224.02,224.1,80991
14,2024-08-16 06:44:00,1723815840,224.11,224.12,223.94,224.11,73897
15,2024-08-16 06:45:00,1723815900,224.1,224.18,223.97,224.06,84350
16,2024-08-16 06:46:00,1723815960,224.05,224.28,223.98,224.25,70118
17,2024-08-16 06:47:00,1723816020,224.24,224.39,224.0,224.19,85549
18,2024-08-16 06:48:00,1723816080,224.21,224.41,224.04,224.29,63636
19,2024-08-16 06:49:00,1723816140,224.29,224.35,224.18,224.27,47367
20,2024-08-16 06:50:00,1723816200,224.27,224.69,224.21,224.58,106866
21,2024-08-16 06:51:00,1723816260,224.58,224.61,224.24,224.31,70698
22,2024-08-16 06:52:00,1723816320,224.32,224.34,224.05,224.11,58325
23,2024-08-16 06:53:00,1723816380,224.1,224.16,223.99,224.07,64312
24,2024-08-16 06:54:00,1723816440,224.07,224.17,224.0,224.09,77393
25,2024-08-16 06:55:00,1723816500,224.08,224.12,223.98,224.09,72542
26,2024-08-16 06:56:00,1723816560,224.08,224.2,224.04,224.06,52132
27,2024-08-16 06:57:00,1723816620,224.07,224.21,224.07,224.09,55340
28,2024-08-16 06:58:00,1723816680,224.09,224.16,223.99,224.05,79973
29,2024-08-16 06:59:00,1723816740,224.05,224.15,224.01,224.12,60950
30,2024-08-16 07:00:00,1723816800,224.08,224.38,224.02,224.27,112189
31,2024-08-16 07:01:00,1723816860,224.28,224.53,224.2,224.44,56465
32,2024-08-16 07:02:00,1723816920,224.43,224.67,224.4,224.49,98825
33,2024-08-16 07:03:00,1723816980,224.49,224.51,224.25,224.46,62885
34,2024-08-16 07:04:00,1723817040,224.51,224.55,224.41,224.54,54357
35,2024-08-16 07:05:00,1723817100,224.54,224.66,224.4,224.54,58023
36,2024-08-16 07:06:00,1723817160,224.54,224.65,224.44,224.65,55650
37,2024-08-16 07:07:00,1723817220,224.66,224.69,224.49,224.61,47501
38,2024-08-16 07:08:00,1723817280,224.61,224.62,224.42,224.44,63866
39,2024-08-16 07:09:00,1723817340,224.45,224.58,224.43,224.57,47960
40,2024-08-16 07:10:00,1723817400,224.56,224.69,224.53,224.65,52270
41,2024-08-16 07:11:00,1723817460,224.65,224.76,224.62,224.7,60778
42,2024-08-16 07:12:00,1723817520,224.71,224.83,224.63,224.81,64275
43,2024-08-16 07:13:00,1723817580,224.81,224.87,224.66,224.72,72483
44,2024-08-16 07:14:00,1723817640,224.73,224.78,224.61,224.75,83813
45,2024-08-16 07:15:00,1723817700,224.75,224.96,224.73,224.93,75002
46,2024-08-16 07:16:00,1723817760,224.92,224.99,224.86,224.92,60472
47,2024-08-16 07:17:00,1723817820,224.91,224.95,224.79,224.91,56854
48,2024-08-16 07:18:00,1723817880,224.9,225.02,224.77,225.02,102295
49,2024-08-16 07:19:00,1723817940,225.03,225.03,224.81,224.87,46622
50,2024-08-16 07:20:00,1723818000,224.85,224.95,224.66,224.74,68637
51,2024-08-16 07:21:00,1723818060,224.73,224.77,224.68,224.75,26368
52,2024-08-16 07:22:00,1723818120,224.75,224.81,224.53,224.56,59771
53,2024-08-16 07:23:00,1723818180,224.55,224.72,224.54,224.68,63574
54,2024-08-16 07:24:00,1723818240,224.67,224.69,224.55,224.63,39848
55,2024-08-16 07:25:00,1723818300,224.63,224.66,224.45,224.55,41282
56,2024-08-16 07:26:00,1723818360,224.54,224.61,224.5,224.55,29870
57,2024-08-16 07:27:00,1723818420,224.54,224.59,224.48,224.53,23802
58,2024-08-16 07:28:00,1723818480,224.53,224.57,224.4,224.55,29991
59,2024-08-16 07:29:00,1723818540,224.57,224.6,224.38,224.39,49700
60,2024-08-16 07:30:00,1723818600,224.39,224.57,224.37,224.53,41886
61,2024-08-16 07:31:00,1723818660,224.5,224.66,224.49,224.64,47667
62,2024-08-16 07:32:00,1723818720,224.62,224.65,224.34,224.48,50989
63,2024-08-16 07:33:00,1723818780,224.48,224.55,224.41,224.47,24918
64,2024-08-16 07:34:00,1723818840,224.47,224.55,224.43,224.55,32128
65,2024-08-16 07:35:00,1723818900,224.55,224.63,224.5,224.59,34672
66,2024-08-16 07:36:00,1723818960,224.58,224.61,224.45,224.56,42907
67,2024-08-16 07:37:00,1723819020,224.56,224.61,224.26,224.37,70301
68,2024-08-16 07:38:00,1723819080,224.37,224.54,224.36,224.52,35752
69,2024-08-16 07:39:00,1723819140,224.54,224.59,224.51,224.56,27691
70,2024-08-16 07:40:00,1723819200,224.56,224.56,224.41,224.41,32497
71,2024-08-16 07:41:00,1723819260,224.41,224.47,224.34,224.43,42241
72,2024-08-16 07:42:00,1723819320,224.43,224.49,224.4,224.44,22115
73,2024-08-16 07:43:00,1723819380,224.42,224.58,224.41,224.5,35288
74,2024-08-16 07:44:00,1723819440,224.51,224.51,224.41,224.5,26573
75,2024-08-16 07:45:00,1723819500,224.51,224.56,224.45,224.5,34060
76,2024-08-16 07:46:00,1723819560,224.51,224.51,224.42,224.47,30154
77,2024-08-16 07:47:00,1723819620,224.47,224.5,224.4,224.49,20430
78,2024-08-16 07:48:00,1723819680,224.49,224.51,224.08,224.11,82813
79,2024-08-16 07:49:00,1723819740,224.11,224.2,223.96,224.02,112381
80,2024-08-16 07:50:00,1723819800,224.04,224.14,224.04,224.13,41549
81,2024-08-16 07:51:00,1723819860,224.14,224.5,224.12,224.47,65699
82,2024-08-16 07:52:00,1723819920,224.47,224.53,224.4,224.53,46996
83,2024-08-16 07:53:00,1723819980,224.53,224.53,224.22,224.25,52920
84,2024-08-16 07:54:00,1723820040,224.24,224.26,223.99,224.09,67924
85,2024-08-16 07:55:00,1723820100,224.11,224.16,224.01,224.11,54398
86,2024-08-16 07:56:00,1723820160,224.11,224.3,224.1,224.23,68410
87,2024-08-16 07:57:00,1723820220,224.23,224.23,224.06,224.13,46854
88,2024-08-16 07:58:00,1723820280,224.14,224.2,224.07,224.08,32526
89,2024-08-16 07:59:00,1723820340,224.1,224.18,224.06,224.16,33088
90,2024-08-16 08:00:00,1723820400,224.15,224.24,224.05,224.19,31144
91,2024-08-16 08:01:00,1723820460,224.16,224.18,224.0,224.08,28579
92,2024-08-16 08:02:00,1723820520,224.09,224.19,224.07,224.13,35417
93,2024-08-16 08:03:00,1723820580,224.15,224.25,224.04,224.06,31100
94,2024-08-16 08:04:00,1723820640,224.05,224.15,223.99,224.15,45987
95,2024-08-16 08:05:00,1723820700,224.13,224.17,224.0,224.05,31532
96,2024-08-16 08:06:00,1723820760,224.06,224.25,224.05,224.24,32414
97,2024-08-16 08:07:00,1723820820,224.23,224.27,224.09,224.23,28648
98,2024-08-16 08:08:00,1723820880,224.23,224.37,224.14,224.36,47212
99,2024-08-16 08:09:00,1723820940,224.37,224.38,224.25,224.36,44157
100,2024-08-16 08:10:00,1723821000,224.36,224.42,224.27,224.36,66234
101,2024-08-16 08:11:00,1723821060,224.38,224.48,224.27,224.46,47259
102,2024-08-16 08:12:00,1723821120,224.47,224.5,224.38,224.4,54049
103,2024-08-16 08:13:00,1723821180,224.41,224.43,224.3,224.36,32981
104,2024-08-16 08:14:00,1723821240,224.37,224.51,224.37,224.5,90865
105,2024-08-16 08:15:00,1723821300,224.49,224.5,224.35,224.43,68860
106,2024-08-16 08:16:00,1723821360,224.43,224.48,224.25,224.41,48368
107,2024-08-16 08:17:00,1723821420,224.41,224.48,224.37,224.44,57343
108,2024-08-16 08:18:00,1723821480,224.44,224.48,224.38,224.4,67893
109,2024-08-16 08:19:00,1723821540,224.4,224.5,224.39,224.47,25120
110,2024-08-16 08:20:00,1723821600,224.49,224.5,224.25,224.41,39053
111,2024-08-16 08:21:00,1723821660,224.42,224.51,224.37,224.49,56102
112,2024-08-16 08:22:00,1723821720,224.47,224.51,224.42,224.48,43945
113,2024-08-16 08:23:00,1723821780,224.48,224.69,224.43,224.61,103668
114,2024-08-16 08:24:00,1723821840,224.62,224.81,224.61,224.81,64250
115,2024-08-16 08:25:00,1723821900,224.8,224.81,224.73,224.8,66767
116,2024-08-16 08:26:00,1723821960,224.81,224.89,224.78,224.89,89535
117,2024-08-16 08:27:00,1723822020,224.88,225.02,224.86,225.0,90567
118,2024-08-16 08:28:00,1723822080,224.99,225.02,224.91,225.0,69903
119,2024-08-16 08:29:00,1723822140,224.98,224.99,224.85,224.91,47518
120,2024-08-16 08:30:00,1723822200,224.91,225.04,224.91,224.99,61076
121,2024-08-16 08:31:00,1723822260,224.99,225.03,224.91,225.02,36194
122,2024-08-16 08:32:00,1723822320,225.02,225.03,224.95,224.97,32576
123,2024-08-16 08:33:00,1723822380,224.98,225.07,224.96,225.05,57046
124,2024-08-16 08:34:00,1723822440,225.05,225.21,225.02,225.12,79400
125,2024-08-16 08:35:00,1723822500,225.13,225.31,225.12,225.31,76317
126,2024-08-16 08:36:00,1723822560,225.31,225.36,225.26,225.34,70211
127,2024-08-16 08:37:00,1723822620,225.33,225.35,225.3,225.34,61961
128,2024-08-16 08:38:00,1723822680,225.34,225.47,225.33,225.45,105824
129,2024-08-16 08:39:00,1723822740,225.45,225.48,225.41,225.46,79444
130,2024-08-16 08:40:00,1723822800,225.47,225.6,225.46,225.51,93127
131,2024-08-16 08:41:00,1723822860,225.51,225.53,225.44,225.47,68438
132,2024-08-16 08:42:00,1723822920,225.47,225.52,225.45,225.51,37985
133,2024-08-16 08:43:00,1723822980,225.51,225.55,225.48,225.53,70447
134,2024-08-16 08:44:00,1723823040,225.54,225.69,225.53,225.63,61346
135,2024-08-16 08:45:00,1723823100,225.63,225.73,225.6,225.71,64258
136,2024-08-16 08:46:00,1723823160,225.71,225.71,225.63,225.67,70897
137,2024-08-16 08:47:00,1723823220,225.66,225.7,225.65,225.69,34171
138,2024-08-16 08:48:00,1723823280,225.69,225.73,225.65,225.72,57373
139,2024-08-16 08:49:00,1723823340,225.72,225.78,225.55,225.55,102891
140,2024-08-16 08:50:00,1723823400,225.55,225.58,225.46,225.49,110237
141,2024-08-16 08:51:00,1723823460,225.48,225.5,225.43,225.47,64195
142,2024-08-16 08:52:00,1723823520,225.47,225.59,225.46,225.59,45602
143,2024-08-16 08:53:00,1723823580,225.59,225.77,225.58,225.77,54077
144,2024-08-16 08:54:00,1723823640,225.77,225.89,225.73,225.86,84681
145,2024-08-16 08:55:00,1723823700,225.87,225.98,225.86,225.97,62656
146,2024-08-16 08:56:00,1723823760,225.96,225.97,225.9,225.93,54673
147,2024-08-16 08:57:00,1723823820,225.94,225.94,225.87,225.87,52691
148,2024-08-16 08:58:00,1723823880,225.87,225.99,225.85,225.97,69322
149,2024-08-16 08:59:00,1723823940,225.97,226.04,225.9,225.92,131429
150,2024-08-16 09:00:00,1723824000,225.91,225.99,225.86,225.96,62903
151,2024-08-16 09:01:00,1723824060,225.96,225.98,225.78,225.84,49209
152,2024-08-16 09:02:00,1723824120,225.83,225.86,225.8,225.86,37059
153,2024-08-16 09:03:00,1723824180,225.86,225.99,225.83,225.94,51737
154,2024-08-16 09:04:00,1723824240,225.93,226.02,225.93,226.0,59840
155,2024-08-16 09:05:00,1723824300,226.0,226.09,225.95,226.07,68176
156,2024-08-16 09:06:00,1723824360,226.06,226.09,225.89,225.93,77713
157,2024-08-16 09:07:00,1723824420,225.94,225.98,225.89,225.92,81789
158,2024-08-16 09:08:00,1723824480,225.92,226.19,225.89,226.17,97901
159,2024-08-16 09:09:00,1723824540,226.17,226.17,226.06,226.08,51561
160,2024-08-16 09:10:00,1723824600,226.08,226.19,226.06,226.14,49736
161,2024-08-16 09:11:00,1723824660,226.15,226.23,226.13,226.17,65615
162,2024-08-16 09:12:00,1723824720,226.18,226.19,226.11,226.12,40866
163,2024-08-16 09:13:00,1723824780,226.12,226.19,226.11,226.19,51648
164,2024-08-16 09:14:00,1723824840,226.19,226.24,226.14,226.24,44684
165,2024-08-16 09:15:00,1723824900,226.24,226.27,226.21,226.22,77100
166,2024-08-16 09:16:00,1723824960,226.24,226.29,226.22,226.27,47829
167,2024-08-16 09:17:00,1723825020,226.26,226.3,226.26,226.3,36747
168,2024-08-16 09:18:00,1723825080,226.3,226.4,226.27,226.4,86785
169,2024-08-16 09:19:00,1723825140,226.4,226.45,226.31,226.36,76174
170,2024-08-16 09:20:00,1723825200,226.36,226.38,226.26,226.28,66215
171,2024-08-16 09:21:00,1723825260,226.28,226.32,226.25,226.31,44816
172,2024-08-16 09:22:00,1723825320,226.31,226.39,226.3,226.39,44677
173,2024-08-16 09:23:00,1723825380,226.38,226.4,226.28,226.36,62315
174,2024-08-16 09:24:00,1723825440,226.36,226.37,226.3,226.3,49971
175,2024-08-16 09:25:00,1723825500,226.31,226.38,226.11,226.13,75131
176,2024-08-16 09:26:00,1723825560,226.12,226.14,226.1,226.12,80910
177,2024-08-16 09:27:00,1723825620,226.12,226.25,226.1,226.24,64836
178,2024-08-16 09:28:00,1723825680,226.25,226.25,226.16,226.21,61903
179,2024-08-16 09:29:00,1723825740,226.21,226.35,226.21,226.34,63937
180,2024-08-16 09:30:00,1723825800,226.35,226.47,226.31,226.46,86318
181,2024-08-16 09:31:00,1723825860,226.46,226.49,226.35,226.43,60741
182,2024-08-16 09:32:00,1723825920,226.43,226.5,226.43,226.45,65419
183,2024-08-16 09:33:00,1723825980,226.46,226.48,226.42,226.44,42401
184,2024-08-16 09:34:00,1723826040,226.45,226.49,226.43,226.48,29187
185,2024-08-16 09:35:00,1723826100,226.47,226.51,226.44,226.5,60377
186,2024-08-16 09:36:00,1723826160,226.5,226.68,226.49,226.65,89069
187,2024-08-16 09:37:00,1723826220,226.65,226.69,226.62,226.69,66143
188,2024-08-16 09:38:00,1723826280,226.69,226.69,226.54,226.56,62848
189,2024-08-16 09:39:00,1723826340,226.57,226.64,226.56,226.64,60890
190,2024-08-16 09:40:00,1723826400,226.63,226.63,226.52,226.56,37851
191,2024-08-16 09:41:00,1723826460,226.57,226.64,226.54,226.63,37839
192,2024-08-16 09:42:00,1723826520,226.63,226.65,226.55,226.62,44625
193,2024-08-16 09:43:00,1723826580,226.62,226.68,226.61,226.65,50634
194,2024-08-16 09:44:00,1723826640,226.64,226.68,226.64,226.66,44328
195,2024-08-16 09:45:00,1723826700,226.65,226.66,226.59,226.6,45899
196,2024-08-16 09:46:00,1723826760,226.6,226.64,226.54,226.64,42776
197,2024-08-16 09:47:00,1723826820,226.63,226.68,226.63,226.63,68688
198,2024-08-16 09:48:00,1723826880,226.64,226.76,226.64,226.71,91155
199,2024-08-16 09:49:00,1723826940,226.71,226.79,226.71,226.79,60420
200,2024-08-16 09:50:00,1723827000,226.78,226.83,226.74,226.75,96168
201,2024-08-16 09:51:00,1723827060,226.74,226.8,226.74,226.8,40950
202,2024-08-16 09:52:00,1723827120,226.8,226.8,226.65,226.69,47203
203,2024-08-16 09:53:00,1723827180,226.67,226.67,226.54,226.57,55998
204,2024-08-16 09:54:00,1723827240,226.57,226.62,226.54,226.56,36185
205,2024-08-16 09:55:00,1723827300,226.55,226.59,226.46,226.48,88455
206,2024-08-16 09:56:00,1723827360,226.49,226.53,226.47,226.49,38669
207,2024-08-16 09:57:00,1723827420,226.49,226.55,226.48,226.54,46606
208,2024-08-16 09:58:00,1723827480,226.55,226.69,226.55,226.65,55041
209,2024-08-16 09:59:00,1723827540,226.65,226.66,226.58,226.61,23730
210,2024-08-16 10:00:00,1723827600,226.61,226.66,226.56,226.57,17284
211,2024-08-16 10:01:00,1723827660,226.57,226.58,226.42,226.44,67725
212,2024-08-16 10:02:00,1723827720,226.44,226.49,226.36,226.37,73504
213,2024-08-16 10:03:00,1723827780,226.37,226.48,226.36,226.47,40088
214,2024-08-16 10:04:00,1723827840,226.48,226.48,226.37,226.41,24941
215,2024-08-16 10:05:00,1723827900,226.41,226.52,226.36,226.51,71421
216,2024-08-16 10:06:00,1723827960,226.52,226.56,226.38,226.54,19556
217,2024-08-16 10:07:00,1723828020,226.55,226.56,226.46,226.55,44637
218,2024-08-16 10:08:00,1723828080,226.56,226.57,226.47,226.54,24511
219,2024-08-16 10:09:00,1723828140,226.55,226.56,226.47,226.54,21925
220,2024-08-16 10:10:00,1723828200,226.55,226.57,226.46,226.51,25355
221,2024-08-16 10:11:00,1723828260,226.51,226.6,226.51,226.56,21073
222,2024-08-16 10:12:00,1723828320,226.56,226.65,226.55,226.56,38544
223,2024-08-16 10:13:00,1723828380,226.59,226.65,226.57,226.64,30931
224,2024-08-16 10:14:00,1723828440,226.63,226.66,226.55,226.61,57114
225,2024-08-16 10:15:00,1723828500,226.6,226.64,226.45,226.49,36304
226,2024-08-16 10:16:00,1723828560,226.53,226.56,226.49,226.55,29320
227,2024-08-16 10:17:00,1723828620,226.55,226.6,226.53,226.6,20597
228,2024-08-16 10:18:00,1723828680,226.6,226.65,226.57,226.64,29195
229,2024-08-16 10:19:00,1723828740,226.65,226.65,226.6,226.65,30317
230,2024-08-16 10:20:00,1723828800,226.66,226.66,226.6,226.64,18737
231,2024-08-16 10:21:00,1723828860,226.64,226.65,226.42,226.45,35793
232,2024-08-16 10:22:00,1723828920,226.44,226.47,226.36,226.47,61657
233,2024-08-16 10:23:00,1723828980,226.47,226.5,226.42,226.5,52871
234,2024-08-16 10:24:00,1723829040,226.5,226.55,226.46,226.51,29911
235,2024-08-16 10:25:00,1723829100,226.52,226.53,226.44,226.48,21044
236,2024-08-16 10:26:00,1723829160,226.47,226.49,226.37,226.47,31260
237,2024-08-16 10:27:00,1723829220,226.46,226.49,226.39,226.48,20358
238,2024-08-16 10:28:00,1723829280,226.48,226.52,226.47,226.51,22531
239,2024-08-16 10:29:00,1723829340,226.52,226.58,226.51,226.55,18070
240,2024-08-16 10:30:00,1723829400,226.55,226.62,226.55,226.59,31433
241,2024-08-16 10:31:00,1723829460,226.59,226.64,226.58,226.64,20622
242,2024-08-16 10:32:00,1723829520,226.63,226.67,226.6,226.64,25990
243,2024-08-16 10:33:00,1723829580,226.65,226.65,226.58,226.6,22387
244,2024-08-16 10:34:00,1723829640,226.61,226.62,226.48,226.5,21584
245,2024-08-16 10:35:00,1723829700,226.5,226.53,226.4,226.46,30835
246,2024-08-16 10:36:00,1723829760,226.46,226.52,226.46,226.52,17725
247,2024-08-16 10:37:00,1723829820,226.52,226.54,226.47,226.49,14723
248,2024-08-16 10:38:00,1723829880,226.5,226.51,226.42,226.45,13572
249,2024-08-16 10:39:00,1723829940,226.46,226.52,226.44,226.5,17370
250,2024-08-16 10:40:00,1723830000,226.5,226.51,226.47,226.51,14865
251,2024-08-16 10:41:00,1723830060,226.51,226.52,226.42,226.42,19973
252,2024-08-16 10:42:00,1723830120,226.42,226.47,226.41,226.46,14199
253,2024-08-16 10:43:00,1723830180,226.46,226.49,226.41,226.48,20526
254,2024-08-16 10:44:00,1723830240,226.47,226.53,226.45,226.52,14297
255,2024-08-16 10:45:00,1723830300,226.52,226.57,226.52,226.53,27244
256,2024-08-16 10:46:00,1723830360,226.52,226.57,226.47,226.48,21241
257,2024-08-16 10:47:00,1723830420,226.49,226.52,226.46,226.49,24445
258,2024-08-16 10:48:00,1723830480,226.49,226.51,226.4,226.42,46796
259,2024-08-16 10:49:00,1723830540,226.42,226.44,226.36,226.41,60315
260,2024-08-16 10:50:00,1723830600,226.42,226.42,226.09,226.22,66914
261,2024-08-16 10:51:00,1723830660,226.24,226.3,226.19,226.21,42648
262,2024-08-16 10:52:00,1723830720,226.21,226.22,226.08,226.09,37733
263,2024-08-16 10:53:00,1723830780,226.09,226.1,225.96,226.07,74026
264,2024-08-16 10:54:00,1723830840,226.07,226.12,226.03,226.1,22178
265,2024-08-16 10:55:00,1723830900,226.1,226.19,226.07,226.19,22799
266,2024-08-16 10:56:00,1723830960,226.19,226.26,226.19,226.23,22692
267,2024-08-16 10:57:00,1723831020,226.23,226.24,226.15,226.2,21399
268,2024-08-16 10:58:00,1723831080,226.2,226.26,226.19,226.23,15419
269,2024-08-16 10:59:00,1723831140,226.23,226.24,226.13,226.14,29716
270,2024-08-16 11:00:00,1723831200,226.14,226.16,225.88,225.9,41781
271,2024-08-16 11:01:00,1723831260,225.88,226.0,225.87,225.94,21218
272,2024-08-16 11:02:00,1723831320,225.94,225.99,225.86,225.86,33757
273,2024-08-16 11:03:00,1723831380,225.86,225.87,225.76,225.78,46950
274,2024-08-16 11:04:00,1723831440,225.79,225.85,225.77,225.79,32230
275,2024-08-16 11:05:00,1723831500,225.8,225.82,225.66,225.67,38417
276,2024-08-16 11:06:00,1723831560,225.68,225.73,225.66,225.71,34831
277,2024-08-16 11:07:00,1723831620,225.7,225.73,225.63,225.7,37300
278,2024-08-16 11:08:00,1723831680,225.7,225.78,225.65,225.78,20899
279,2024-08-16 11:09:00,1723831740,225.76,225.79,225.71,225.75,26491
280,2024-08-16 11:10:00,1723831800,225.75,225.76,225.63,225.72,51123
281,2024-08-16 11:11:00,1723831860,225.73,225.76,225.63,225.72,29324
282,2024-08-16 11:12:00,1723831920,225.71,225.77,225.69,225.77,15203
283,2024-08-16 11:13:00,1723831980,225.77,225.77,225.66,225.72,28208
284,2024-08-16 11:14:00,1723832040,225.73,225.77,225.7,225.77,11295
285,2024-08-16 11:15:00,1723832100,225.76,225.94,225.75,225.92,36311
286,2024-08-16 11:16:00,1723832160,225.92,225.92,225.84,225.88,17376
287,2024-08-16 11:17:00,1723832220,225.9,225.93,225.87,225.91,24188
288,2024-08-16 11:18:00,1723832280,225.91,225.95,225.88,225.92,23086
289,2024-08-16 11:19:00,1723832340,225.92,226.0,225.91,225.99,15485
290,2024-08-16 11:20:00,1723832400,225.99,226.0,225.89,225.89,25704
291,2024-08-16 11:21:00,1723832460,225.9,225.93,225.88,225.9,27441
292,2024-08-16 11:22:00,1723832520,225.92,225.93,225.86,225.91,14159
293,2024-08-16 11:23:00,1723832580,225.9,225.97,225.86,225.93,21182
294,2024-08-16 11:24:00,1723832640,225.94,225.97,225.89,225.9,15498
295,2024-08-16 11:25:00,1723832700,225.9,225.98,225.89,225.96,18821
296,2024-08-16 11:26:00,1723832760,225.96,225.99,225.93,225.96,17063
297,2024-08-16 11:27:00,1723832820,225.96,225.99,225.94,225.98,22264
298,2024-08-16 11:28:00,1723832880,225.97,225.99,225.95,225.98,14488
299,2024-08-16 11:29:00,1723832940,225.99,225.99,225.96,225.99,17155
300,2024-08-16 11:30:00,1723833000,225.99,226.05,225.88,225.91,38813
301,2024-08-16 11:31:00,1723833060,225.92,225.93,225.82,225.9,32934
302,2024-08-16 11:32:00,1723833120,225.91,225.91,225.88,225.91,29916
303,2024-08-16 11:33:00,1723833180,225.93,225.94,225.88,225.93,19867
304,2024-08-16 11:34:00,1723833240,225.93,225.96,225.93,225.95,15839
305,2024-08-16 11:35:00,1723833300,225.96,226.02,225.95,226.01,31104
306,2024-08-16 11:36:00,1723833360,226.01,226.15,226.01,226.14,45377
307,2024-08-16 11:37:00,1723833420,226.15,226.15,226.09,226.13,35992
308,2024-08-16 11:38:00,1723833480,226.13,226.17,226.06,226.11,23128
309,2024-08-16 11:39:00,1723833540,226.11,226.17,226.08,226.16,38595
310,2024-08-16 11:40:00,1723833600,226.16,226.18,226.1,226.17,21833
311,2024-08-16 11:41:00,1723833660,226.17,226.18,226.13,226.14,21750
312,2024-08-16 11:42:00,1723833720,226.14,226.15,225.98,226.01,33103
313,2024-08-16 11:43:00,1723833780,226.0,226.01,225.9,225.94,32422
314,2024-08-16 11:44:00,1723833840,225.98,225.98,225.85,225.85,25689
315,2024-08-16 11:45:00,1723833900,225.87,225.91,225.85,225.9,25133
316,2024-08-16 11:46:00,1723833960,225.9,225.92,225.85,225.89,25630
317,2024-08-16 11:47:00,1723834020,225.89,225.92,225.88,225.88,28163
318,2024-08-16 11:48:00,1723834080,225.88,225.9,225.76,225.9,34137
319,2024-08-16 11:49:00,1723834140,225.91,226.02,225.91,226.02,22039
320,2024-08-16 11:50:00,1723834200,226.02,226.02,225.94,225.96,17065
321,2024-08-16 11:51:00,1723834260,225.97,226.03,225.96,225.97,28125
322,2024-08-16 11:52:00,1723834320,225.96,226.04,225.96,226.03,14250
323,2024-08-16 11:53:00,1723834380,226.02,226.03,225.99,226.0,16689
324,2024-08-16 11:54:00,1723834440,226.0,226.14,226.0,226.08,32717
325,2024-08-16 11:55:00,1723834500,226.09,226.14,226.07,226.14,24362
326,2024-08-16 11:56:00,1723834560,226.13,226.17,226.11,226.15,25394
327,2024-08-16 11:57:00,1723834620,226.15,226.15,226.1,226.14,23570
328,2024-08-16 11:58:00,1723834680,226.13,226.15,226.09,226.11,22844
329,2024-08-16 11:59:00,1723834740,226.11,226.17,226.07,226.13,23816
330,2024-08-16 12:00:00,1723834800,226.12,226.13,226.02,226.09,46047
331,2024-08-16 12:01:00,1723834860,226.09,226.11,226.04,226.11,18871
332,2024-08-16 12:02:00,1723834920,226.11,226.12,226.08,226.1,14184
333,2024-08-16 12:03:00,1723834980,226.12,226.14,226.08,226.08,16649
334,2024-08-16 12:04:00,1723835040,226.08,226.11,225.97,226.11,27004
335,2024-08-16 12:05:00,1723835100,226.11,226.14,226.06,226.1,26162
336,2024-08-16 12:06:00,1723835160,226.11,226.14,226.06,226.13,22524
337,2024-08-16 12:07:00,1723835220,226.12,226.12,226.01,226.03,25098
338,2024-08-16 12:08:00,1723835280,226.03,226.08,226.03,226.06,15041
339,2024-08-16 12:09:00,1723835340,226.05,226.08,226.03,226.07,28854
340,2024-08-16 12:10:00,1723835400,226.07,226.09,225.98,226.08,40841
341,2024-08-16 12:11:00,1723835460,226.07,226.13,226.06,226.13,32468
342,2024-08-16 12:12:00,1723835520,226.12,226.18,226.09,226.09,59838
343,2024-08-16 12:13:00,1723835580,226.1,226.17,226.09,226.16,34847
344,2024-08-16 12:14:00,1723835640,226.16,226.19,226.1,226.12,23452
345,2024-08-16 12:15:00,1723835700,226.11,226.19,226.08,226.19,27772
346,2024-08-16 12:16:00,1723835760,226.18,226.18,226.11,226.11,18254
347,2024-08-16 12:17:00,1723835820,226.11,226.18,226.1,226.16,19454
348,2024-08-16 12:18:00,1723835880,226.16,226.2,226.13,226.16,30976
349,2024-08-16 12:19:00,1723835940,226.16,226.21,226.15,226.21,36639
350,2024-08-16 12:20:00,1723836000,226.21,226.21,226.07,226.14,37256
351,2024-08-16 12:21:00,1723836060,226.14,226.17,226.04,226.12,29210
352,2024-08-16 12:22:00,1723836120,226.12,226.17,226.11,226.17,28346
353,2024-08-16 12:23:00,1723836180,226.15,226.18,226.12,226.15,25605
354,2024-08-16 12:24:00,1723836240,226.16,226.18,226.13,226.14,20287
355,2024-08-16 12:25:00,1723836300,226.13,226.14,226.09,226.1,48612
356,2024-08-16 12:26:00,1723836360,226.11,226.15,226.05,226.06,36918
357,2024-08-16 12:27:00,1723836420,226.05,226.06,225.8,225.94,93936
358,2024-08-16 12:28:00,1723836480,225.95,226.05,225.94,226.04,30154
359,2024-08-16 12:29:00,1723836540,226.04,226.05,225.95,225.96,34822
360,2024-08-16 12:30:00,1723836600,225.96,226.0,225.92,225.93,36562
361,2024-08-16 12:31:00,1723836660,225.92,226.0,225.92,225.96,35647
362,2024-08-16 12:32:00,1723836720,225.97,226.08,225.95,226.01,34954
363,2024-08-16 12:33:00,1723836780,226.0,226.06,225.94,226.04,30852
364,2024-08-16 12:34:00,1723836840,226.05,226.09,226.04,226.07,33138
365,2024-08-16 12:35:00,1723836900,226.08,226.09,226.04,226.08,49647
366,2024-08-16 12:36:00,1723836960,226.07,226.09,226.01,226.04,36944
367,2024-08-16 12:37:00,1723837020,226.05,226.05,226.0,226.04,39082
368,2024-08-16 12:38:00,1723837080,226.04,226.04,225.93,225.95,33395
369,2024-08-16 12:39:00,1723837140,225.94,226.05,225.92,226.04,89722
370,2024-08-16 12:40:00,1723837200,226.04,226.14,226.03,226.13,58723
371,2024-08-16 12:41:00,1723837260,226.12,226.15,226.02,226.03,84864
372,2024-08-16 12:42:00,1723837320,226.02,226.12,225.99,226.01,54706
373,2024-08-16 12:43:00,1723837380,226.01,226.02,225.91,225.94,57405
374,2024-08-16 12:44:00,1723837440,225.93,225.97,225.82,225.82,56339
375,2024-08-16 12:45:00,1723837500,225.83,225.86,225.69,225.8,68769
376,2024-08-16 12:46:00,1723837560,225.8,225.8,225.66,225.66,79481
377,2024-08-16 12:47:00,1723837620,225.67,225.83,225.58,225.83,113962
378,2024-08-16 12:48:00,1723837680,225.82,225.87,225.62,225.75,84456
379,2024-08-16 12:49:00,1723837740,225.75,225.77,225.59,225.59,52508
380,2024-08-16 12:50:00,1723837800,225.58,225.7,225.55,225.68,124213
381,2024-08-16 12:51:00,1723837860,225.68,225.76,225.54,225.74,109606
382,2024-08-16 12:52:00,1723837920,225.74,225.86,225.68,225.69,62983
383,2024-08-16 12:53:00,1723837980,225.7,225.93,225.66,225.91,80399
384,2024-08-16 12:54:00,1723838040,225.91,225.94,225.76,225.81,111912
385,2024-08-16 12:55:00,1723838100,225.83,226.14,225.81,226.11,153205
386,2024-08-16 12:56:00,1723838160,226.11,226.14,225.9,226.06,104810
387,2024-08-16 12:57:00,1723838220,226.07,226.09,225.98,226.01,118616
388,2024-08-16 12:58:00,1723838280,226.01,226.02,225.81,225.85,182845
389,2024-08-16 12:59:00,1723838340,225.86,226.1,225.79,226.1,334488
390,2024-08-19 06:30:00,1724074200,225.67,225.74,225.14,225.32,618548
391,2024-08-19 06:31:00,1724074260,225.32,225.61,225.17,225.43,176299
392,2024-08-19 06:32:00,1724074320,225.44,225.51,224.65,224.94,311196
393,2024-08-19 06:33:00,1724074380,224.93,225.17,224.73,225.08,160205
394,2024-08-19 06:34:00,1724074440,225.09,225.16,224.73,224.76,97073
395,2024-08-19 06:35:00,1724074500,224.76,225.01,224.69,224.94,117919
396,2024-08-19 06:36:00,1724074560,224.97,225.11,224.63,224.77,148631
397,2024-08-19 06:37:00,1724074620,224.79,224.98,224.66,224.94,90432
398,2024-08-19 06:38:00,1724074680,224.96,224.96,224.7,224.83,82605
399,2024-08-19 06:39:00,1724074740,224.84,224.89,224.48,224.49,119724
400,2024-08-19 06:40:00,1724074800,224.5,224.72,224.44,224.58,110632
401,2024-08-19 06:41:00,1724074860,224.59,224.93,224.58,224.82,107112
402,2024-08-19 06:42:00,1724074920,224.81,225.08,224.81,225.08,98539
403,2024-08-19 06:43:00,1724074980,225.08,225.17,225.04,225.07,88961
404,2024-08-19 06:44:00,1724075040,225.03,225.16,224.98,225.05,73229
405,2024-08-19 06:45:00,1724075100,225.06,225.07,224.64,224.8,99230
406,2024-08-19 06:46:00,1724075160,224.79,225.0,224.72,224.81,64508
407,2024-08-19 06:47:00,1724075220,224.81,224.93,224.72,224.83,74055
408,2024-08-19 06:48:00,1724075280,224.81,224.84,224.65,224.74,90772
409,2024-08-19 06:49:00,1724075340,224.74,224.77,224.61,224.72,72584
410,2024-08-19 06:50:00,1724075400,224.72,224.75,224.5,224.52,73191
411,2024-08-19 06:51:00,1724075460,224.51,224.61,224.51,224.57,103424
412,2024-08-19 06:52:00,1724075520,224.57,224.62,224.5,224.56,107868
413,2024-08-19 06:53:00,1724075580,224.57,224.61,224.39,224.43,100818
414,2024-08-19 06:54:00,1724075640,224.43,224.45,224.11,224.17,157059
415,2024-08-19 06:55:00,1724075700,224.18,224.62,224.14,224.55,128336
416,2024-08-19 06:56:00,1724075760,224.53,224.65,224.5,224.52,97679
417,2024-08-19 06:57:00,1724075820,224.52,224.54,224.39,224.45,70704
418,2024-08-19 06:58:00,1724075880,224.45,224.52,224.33,224.42,74840
419,2024-08-19 06:59:00,1724075940,224.4,224.42,224.27,224.4,65009
420,2024-08-19 07:00:00,1724076000,224.4,224.43,224.3,224.33,69133
421,2024-08-19 07:01:00,1724076060,224.35,224.44,224.2,224.26,94583
422,2024-08-19 07:02:00,1724076120,224.27,224.31,224.11,224.17,90901
423,2024-08-19 07:03:00,1724076180,224.17,224.3,224.15,224.25,61972
424,2024-08-19 07:04:00,1724076240,224.26,224.37,224.19,224.31,60476
425,2024-08-19 07:05:00,1724076300,224.31,224.35,224.21,224.27,63432
426,2024-08-19 07:06:00,1724076360,224.27,224.33,224.14,224.15,76081
427,2024-08-19 07:07:00,1724076420,224.15,224.33,224.14,224.31,66608
428,2024-08-19 07:08:00,1724076480,224.31,224.49,224.27,224.46,78913
429,2024-08-19 07:09:00,1724076540,224.45,224.48,224.26,224.33,65725
430,2024-08-19 07:10:00,1724076600,224.33,224.5,224.32,224.44,98458
431,2024-08-19 07:11:00,1724076660,224.42,224.52,224.33,224.35,81277
432,2024-08-19 07:12:00,1724076720,224.36,224.45,224.33,224.43,66672
433,2024-08-19 07:13:00,1724076780,224.42,224.47,224.34,224.35,57580
434,2024-08-19 07:14:00,1724076840,224.36,224.38,224.2,224.25,67823
435,2024-08-19 07:15:00,1724076900,224.24,224.29,224.15,224.17,62791
436,2024-08-19 07:16:00,1724076960,224.17,224.17,223.74,223.74,234258
437,2024-08-19 07:17:00,1724077020,223.76,223.9,223.33,223.37,205806
438,2024-08-19 07:18:00,1724077080,223.36,223.48,223.3,223.42,185930
439,2024-08-19 07:19:00,1724077140,223.42,223.42,223.04,223.08,152337
440,2024-08-19 07:20:00,1724077200,223.07,223.33,223.07,223.29,101853
441,2024-08-19 07:21:00,1724077260,223.3,223.68,223.26,223.68,129755
442,2024-08-19 07:22:00,1724077320,223.68,223.81,223.62,223.73,155459
443,2024-08-19 07:23:00,1724077380,223.74,223.93,223.71,223.73,131205
444,2024-08-19 07:24:00,1724077440,223.73,223.91,223.72,223.81,50666
445,2024-08-19 07:25:00,1724077500,223.81,223.86,223.72,223.74,39775
446,2024-08-19 07:26:00,1724077560,223.74,223.94,223.71,223.89,38116
447,2024-08-19 07:27:00,1724077620,223.89,224.0,223.81,223.97,107862
448,2024-08-19 07:28:00,1724077680,223.98,224.13,223.91,224.13,37454
449,2024-08-19 07:29:00,1724077740,224.13,224.18,224.06,224.16,73246
450,2024-08-19 07:30:00,1724077800,224.16,224.27,224.07,224.2,89514
451,2024-08-19 07:31:00,1724077860,224.19,224.25,224.14,224.19,40041
452,2024-08-19 07:32:00,1724077920,224.2,224.35,223.98,223.99,77365
453,2024-08-19 07:33:00,1724077980,224.01,224.05,223.84,223.85,54489
454,2024-08-19 07:34:00,1724078040,223.86,223.89,223.76,223.79,59133
455,2024-08-19 07:35:00,1724078100,223.8,223.81,223.58,223.65,75317
456,2024-08-19 07:36:00,1724078160,223.65,223.74,223.61,223.65,71241
457,2024-08-19 07:37:00,1724078220,223.66,223.76,223.58,223.7,27961
458,2024-08-19 07:38:00,1724078280,223.7,223.75,223.65,223.74,32820
459,2024-08-19 07:39:00,1724078340,223.74,223.8,223.73,223.76,22970
460,2024-08-19 07:40:00,1724078400,223.76,223.79,223.49,223.55,70806
461,2024-08-19 07:41:00,1724078460,223.56,223.87,223.54,223.81,62654
462,2024-08-19 07:42:00,1724078520,223.8,223.87,223.73,223.73,40211
463,2024-08-19 07:43:00,1724078580,223.73,223.83,223.56,223.57,39929
464,2024-08-19 07:44:00,1724078640,223.59,223.65,223.56,223.57,30618
465,2024-08-19 07:45:00,1724078700,223.57,223.8,223.55,223.76,38573
466,2024-08-19 07:46:00,1724078760,223.76,223.84,223.74,223.84,42249
467,2024-08-19 07:47:00,1724078820,223.81,223.84,223.69,223.71,66502
468,2024-08-19 07:48:00,1724078880,223.71,223.74,223.6,223.67,57592
469,2024-08-19 07:49:00,1724078940,223.67,223.7,223.62,223.68,29108
470,2024-08-19 07:50:00,1724079000,223.68,223.86,223.67,223.86,72934
471,2024-08-19 07:51:00,1724079060,223.86,223.89,223.77,223.77,63323
472,2024-08-19 07:52:00,1724079120,223.78,223.89,223.72,223.88,52606
473,2024-08-19 07:53:00,1724079180,223.89,224.15,223.88,224.14,93777
474,2024-08-19 07:54:00,1724079240,224.13,224.13,223.98,224.03,36085
475,2024-08-19 07:55:00,1724079300,224.03,224.04,223.89,223.95,38481
476,2024-08-19 07:56:00,1724079360,223.94,223.97,223.87,223.95,30616
477,2024-08-19 07:57:00,1724079420,223.95,224.04,223.92,224.03,29697
478,2024-08-19 07:58:00,1724079480,224.04,224.19,224.04,224.17,50791
479,2024-08-19 07:59:00,1724079540,224.18,224.28,224.17,224.21,97338
480,2024-08-19 08:00:00,1724079600,224.23,224.29,224.16,224.29,47844
481,2024-08-19 08:01:00,1724079660,224.28,224.29,224.12,224.13,62488
482,2024-08-19 08:02:00,1724079720,224.14,224.35,224.09,224.33,38849
483,2024-08-19 08:03:00,1724079780,224.33,224.39,224.33,224.36,55816
484,2024-08-19 08:04:00,1724079840,224.35,224.52,224.35,224.49,109128
485,2024-08-19 08:05:00,1724079900,224.48,224.55,224.37,224.54,66932
486,2024-08-19 08:06:00,1724079960,224.54,224.62,224.5,224.56,93410
487,2024-08-19 08:07:00,1724080020,224.56,224.58,224.53,224.57,36654
488,2024-08-19 08:08:00,1724080080,224.57,224.62,224.49,224.62,54845
489,2024-08-19 08:09:00,1724080140,224.62,224.73,224.59,224.72,81660
490,2024-08-19 08:10:00,1724080200,224.72,224.73,224.59,224.63,47200
491,2024-08-19 08:11:00,1724080260,224.62,224.72,224.62,224.66,42142
492,2024-08-19 08:12:00,1724080320,224.65,224.67,224.51,224.59,63797
493,2024-08-19 08:13:00,1724080380,224.58,224.59,224.47,224.55,57746
494,2024-08-19 08:14:00,1724080440,224.54,224.55,224.46,224.48,39431
495,2024-08-19 08:15:00,1724080500,224.48,224.51,224.37,224.4,38834
496,2024-08-19 08:16:00,1724080560,224.4,224.4,224.16,224.24,57410
497,2024-08-19 08:17:00,1724080620,224.23,224.24,223.93,223.97,64592
498,2024-08-19 08:18:00,1724080680,223.97,224.28,223.97,224.19,46732
499,2024-08-19 08:19:00,1724080740,224.19,224.35,224.18,224.31,35851
500,2024-08-19 08:20:00,1724080800,224.31,224.37,224.29,224.34,29663
501,2024-08-19 08:21:00,1724080860,224.36,224.36,224.22,224.32,38744
502,2024-08-19 08:22:00,1724080920,224.32,224.44,224.29,224.41,58461
503,2024-08-19 08:23:00,1724080980,224.41,224.51,224.39,224.49,38052
504,2024-08-19 08:24:00,1724081040,224.49,224.6,224.47,224.58,57710
505,2024-08-19 08:25:00,1724081100,224.58,224.59,224.48,224.56,30667
506,2024-08-19 08:26:00,1724081160,224.56,224.61,224.53,224.6,42564
507,2024-08-19 08:27:00,1724081220,224.59,224.6,224.49,224.54,29204
508,2024-08-19 08:28:00,1724081280,224.55,224.57,224.51,224.51,15816
509,2024-08-19 08:29:00,1724081340,224.51,224.51,224.39,224.43,43321
510,2024-08-19 08:30:00,1724081400,224.43,224.55,224.4,224.48,33219
511,2024-08-19 08:31:00,1724081460,224.49,224.57,224.48,224.54,22824
512,2024-08-19 08:32:00,1724081520,224.53,224.63,224.53,224.58,27620
513,2024-08-19 08:33:00,1724081580,224.58,224.61,224.52,224.53,35149
514,2024-08-19 08:34:00,1724081640,224.54,224.65,224.52,224.57,38629
515,2024-08-19 08:35:00,1724081700,224.58,224.59,224.38,224.4,40086
516,2024-08-19 08:36:00,1724081760,224.41,224.43,224.25,224.26,40227
517,2024-08-19 08:37:00,1724081820,224.25,224.32,224.15,224.19,47865
518,2024-08-19 08:38:00,1724081880,224.17,224.28,224.17,224.24,49396
519,2024-08-19 08:39:00,1724081940,224.24,224.24,224.05,224.13,36760
520,2024-08-19 08:40:00,1724082000,224.14,224.29,224.14,224.27,36907
521,2024-08-19 08:41:00,1724082060,224.28,224.29,224.17,224.29,27904
522,2024-08-19 08:42:00,1724082120,224.28,224.38,224.23,224.38,30217
523,2024-08-19 08:43:00,1724082180,224.37,224.41,224.27,224.28,41621
524,2024-08-19 08:44:00,1724082240,224.28,224.28,224.21,224.25,21390
525,2024-08-19 08:45:00,1724082300,224.26,224.27,224.21,224.25,27012
526,2024-08-19 08:46:00,1724082360,224.25,224.3,224.21,224.3,23936
527,2024-08-19 08:47:00,1724082420,224.3,224.35,224.22,224.26,23576
528,2024-08-19 08:48:00,1724082480,224.26,224.3,224.22,224.24,21544
529,2024-08-19 08:49:00,1724082540,224.25,224.27,224.2,224.25,34600
530,2024-08-19 08:50:00,1724082600,224.25,224.3,224.22,224.26,50007
531,2024-08-19 08:51:00,1724082660,224.24,224.28,224.22,224.26,22562
532,2024-08-19 08:52:00,1724082720,224.27,224.4,224.25,224.3,45339
533,2024-08-19 08:53:00,1724082780,224.29,224.35,224.27,224.32,25082
534,2024-08-19 08:54:00,1724082840,224.31,224.31,224.14,224.15,35145
535,2024-08-19 08:55:00,1724082900,224.15,224.22,224.08,224.19,41960
536,2024-08-19 08:56:00,1724082960,224.18,224.22,224.07,224.14,52764
537,2024-08-19 08:57:00,1724083020,224.13,224.14,223.94,224.05,66222
538,2024-08-19 08:58:00,1724083080,224.04,224.04,223.75,223.9,66036
539,2024-08-19 08:59:00,1724083140,223.89,223.96,223.84,223.86,51832
540,2024-08-19 09:00:00,1724083200,223.88,223.91,223.8,223.87,39632
541,2024-08-19 09:01:00,1724083260,223.86,223.97,223.83,223.89,33557
542,2024-08-19 09:02:00,1724083320,223.89,224.0,223.87,223.97,41171
543,2024-08-19 09:03:00,1724083380,223.97,223.98,223.87,223.97,27249
544,2024-08-19 09:04:00,1724083440,223.97,223.98,223.84,223.94,30774
545,2024-08-19 09:05:00,1724083500,223.94,223.95,223.82,223.83,24116
546,2024-08-19 09:06:00,1724083560,223.83,224.02,223.83,224.01,40669
547,2024-08-19 09:07:00,1724083620,224.01,224.06,224.0,224.04,36963
548,2024-08-19 09:08:00,1724083680,224.04,224.13,224.02,224.11,22704
549,2024-08-19 09:09:00,1724083740,224.11,224.11,224.0,224.02,35266
550,2024-08-19 09:10:00,1724083800,224.01,224.14,224.0,224.12,19329
551,2024-08-19 09:11:00,1724083860,224.13,224.18,224.12,224.16,28014
552,2024-08-19 09:12:00,1724083920,224.16,224.22,224.16,224.19,32053
553,2024-08-19 09:13:00,1724083980,224.19,224.25,224.17,224.23,35930
554,2024-08-19 09:14:00,1724084040,224.23,224.27,224.22,224.22,22407
555,2024-08-19 09:15:00,1724084100,224.23,224.29,224.17,224.28,32902
556,2024-08-19 09:16:00,1724084160,224.28,224.37,224.27,224.36,36720
557,2024-08-19 09:17:00,1724084220,224.36,224.4,224.35,224.37,30381
558,2024-08-19 09:18:00,1724084280,224.36,224.39,224.35,224.39,31195
559,2024-08-19 09:19:00,1724084340,224.39,224.4,224.32,224.35,33379
560,2024-08-19 09:20:00,1724084400,224.35,224.37,224.32,224.36,20575
561,2024-08-19 09:21:00,1724084460,224.37,224.37,224.32,224.36,25785
562,2024-08-19 09:22:00,1724084520,224.35,224.42,224.35,224.42,123346
563,2024-08-19 09:23:00,1724084580,224.42,224.46,224.37,224.4,46810
564,2024-08-19 09:24:00,1724084640,224.4,224.44,224.38,224.39,24449
565,2024-08-19 09:25:00,1724084700,224.38,224.45,224.38,224.44,22059
566,2024-08-19 09:26:00,1724084760,224.44,224.45,224.41,224.44,39770
567,2024-08-19 09:27:00,1724084820,224.43,224.44,224.37,224.39,36438
568,2024-08-19 09:28:00,1724084880,224.4,224.42,224.37,224.39,43056
569,2024-08-19 09:29:00,1724084940,224.39,224.43,224.38,224.43,27786
570,2024-08-19 09:30:00,1724085000,224.42,224.42,224.28,224.32,45329
571,2024-08-19 09:31:00,1724085060,224.33,224.4,224.33,224.36,27822
572,2024-08-19 09:32:00,1724085120,224.35,224.37,224.22,224.25,63243
573,2024-08-19 09:33:00,1724085180,224.24,224.24,224.18,224.19,35804
574,2024-08-19 09:34:00,1724085240,224.19,224.2,224.11,224.2,30100
575,2024-08-19 09:35:00,1724085300,224.2,224.22,224.18,224.21,31380
576,2024-08-19 09:36:00,1724085360,224.21,224.31,224.2,224.3,20506
577,2024-08-19 09:37:00,1724085420,224.31,224.37,224.3,224.32,37084
578,2024-08-19 09:38:00,1724085480,224.33,224.33,224.3,224.3,20439
579,2024-08-19 09:39:00,1724085540,224.31,224.33,224.29,224.31,19599
580,2024-08-19 09:40:00,1724085600,224.31,224.38,224.3,224.38,31825
581,2024-08-19 09:41:00,1724085660,224.38,224.43,224.37,224.42,34086
582,2024-08-19 09:42:00,1724085720,224.42,224.43,224.39,224.42,32687
583,2024-08-19 09:43:00,1724085780,224.42,224.43,224.39,224.42,34880
584,2024-08-19 09:44:00,1724085840,224.41,224.44,224.39,224.41,20159
585,2024-08-19 09:45:00,1724085900,224.4,224.42,224.33,224.39,25612
586,2024-08-19 09:46:00,1724085960,224.4,224.41,224.34,224.35,18993
587,2024-08-19 09:47:00,1724086020,224.34,224.37,224.3,224.34,49027
588,2024-08-19 09:48:00,1724086080,224.35,224.36,224.31,224.36,16618
589,2024-08-19 09:49:00,1724086140,224.35,224.38,224.34,224.37,21142
590,2024-08-19 09:50:00,1724086200,224.38,224.44,224.33,224.36,35138
591,2024-08-19 09:51:00,1724086260,224.36,224.44,224.35,224.41,44874
592,2024-08-19 09:52:00,1724086320,224.41,224.47,224.39,224.44,35018
593,2024-08-19 09:53:00,1724086380,224.44,224.46,224.36,224.39,35470
594,2024-08-19 09:54:00,1724086440,224.39,224.45,224.38,224.44,20203
595,2024-08-19 09:55:00,1724086500,224.45,224.46,224.38,224.42,33493
596,2024-08-19 09:56:00,1724086560,224.41,224.43,224.4,224.43,23232
597,2024-08-19 09:57:00,1724086620,224.43,224.43,224.33,224.33,28289
598,2024-08-19 09:58:00,1724086680,224.32,224.33,224.27,224.32,26237
599,2024-08-19 09:59:00,1724086740,224.33,224.38,224.31,224.38,24724
600,2024-08-19 10:00:00,1724086800,224.36,224.36,224.3,224.31,17025
601,2024-08-19 10:01:00,1724086860,224.32,224.41,224.31,224.4,22265
602,2024-08-19 10:02:00,1724086920,224.4,224.41,224.37,224.41,13896
603,2024-08-19 10:03:00,1724086980,224.41,224.43,224.36,224.42,35895
604,2024-08-19 10:04:00,1724087040,224.41,224.42,224.33,224.34,25912
605,2024-08-19 10:05:00,1724087100,224.34,224.35,224.27,224.3,23275
606,2024-08-19 10:06:00,1724087160,224.3,224.31,224.22,224.24,32851
607,2024-08-19 10:07:00,1724087220,224.25,224.27,224.2,224.26,64274
608,2024-08-19 10:08:00,1724087280,224.26,224.26,224.2,224.23,35700
609,2024-08-19 10:09:00,1724087340,224.23,224.27,224.21,224.25,29019
610,2024-08-19 10:10:00,1724087400,224.25,224.26,224.08,224.12,54278
611,2024-08-19 10:11:00,1724087460,224.11,224.13,223.92,223.93,72172
612,2024-08-19 10:12:00,1724087520,223.94,223.94,223.83,223.86,51758
613,2024-08-19 10:13:00,1724087580,223.87,223.9,223.75,223.9,53515
614,2024-08-19 10:14:00,1724087640,223.91,223.93,223.8,223.87,34946
615,2024-08-19 10:15:00,1724087700,223.87,223.88,223.81,223.85,43631
616,2024-08-19 10:16:00,1724087760,223.85,223.93,223.84,223.91,37836
617,2024-08-19 10:17:00,1724087820,223.91,223.92,223.85,223.91,36146
618,2024-08-19 10:18:00,1724087880,223.93,223.99,223.89,223.9,39841
619,2024-08-19 10:19:00,1724087940,223.91,223.94,223.86,223.92,45163
620,2024-08-19 10:20:00,1724088000,223.93,223.95,223.84,223.87,48777
621,2024-08-19 10:21:00,1724088060,223.87,224.01,223.86,224.0,29049
622,2024-08-19 10:22:00,1724088120,223.99,224.13,223.99,224.06,45539
623,2024-08-19 10:23:00,1724088180,224.07,224.08,224.01,224.06,23408
624,2024-08-19 10:24:00,1724088240,224.06,224.08,224.04,224.05,25167
625,2024-08-19 10:25:00,1724088300,224.05,224.14,224.03,224.1,48686
626,2024-08-19 10:26:00,1724088360,224.11,224.12,224.07,224.08,20674
627,2024-08-19 10:27:00,1724088420,224.08,224.19,224.08,224.11,35171
628,2024-08-19 10:28:00,1724088480,224.11,224.12,224.07,224.1,20128
629,2024-08-19 10:29:00,1724088540,224.1,224.11,224.0,224.03,51289
630,2024-08-19 10:30:00,1724088600,224.03,224.08,224.02,224.07,51358
631,2024-08-19 10:31:00,1724088660,224.06,224.07,224.0,224.01,40948
632,2024-08-19 10:32:00,1724088720,224.01,224.05,224.0,224.04,29326
633,2024-08-19 10:33:00,1724088780,224.03,224.1,224.03,224.1,35798
634,2024-08-19 10:34:00,1724088840,224.09,224.1,224.02,224.05,37006
635,2024-08-19 10:35:00,1724088900,224.04,224.06,223.99,224.01,37970
636,2024-08-19 10:36:00,1724088960,224.01,224.03,223.91,223.93,44341
637,2024-08-19 10:37:00,1724089020,223.93,223.94,223.8,223.92,71179
638,2024-08-19 10:38:00,1724089080,223.92,223.96,223.89,223.91,42789
639,2024-08-19 10:39:00,1724089140,223.92,223.93,223.88,223.93,26659
640,2024-08-19 10:40:00,1724089200,223.93,224.0,223.9,223.99,43406
641,2024-08-19 10:41:00,1724089260,224.0,224.1,224.0,224.09,26871
642,2024-08-19 10:42:00,1724089320,224.09,224.15,224.08,224.13,36798
643,2024-08-19 10:43:00,1724089380,224.12,224.2,224.12,224.14,33303
644,2024-08-19 10:44:00,1724089440,224.15,224.22,224.13,224.22,15845
645,2024-08-19 10:45:00,1724089500,224.24,224.3,224.2,224.27,31416
646,2024-08-19 10:46:00,1724089560,224.27,224.28,224.24,224.28,23737
647,2024-08-19 10:47:00,1724089620,224.27,224.3,224.21,224.24,21698
648,2024-08-19 10:48:00,1724089680,224.24,224.25,224.13,224.21,24140
649,2024-08-19 10:49:00,1724089740,224.21,224.25,224.21,224.22,18048
650,2024-08-19 10:50:00,1724089800,224.23,224.26,224.21,224.25,45615
651,2024-08-19 10:51:00,1724089860,224.24,224.25,224.21,224.25,15783
652,2024-08-19 10:52:00,1724089920,224.25,224.26,224.22,224.24,15574
653,2024-08-19 10:53:00,1724089980,224.24,224.24,224.15,224.21,56464
654,2024-08-19 10:54:00,1724090040,224.21,224.25,224.13,224.2,57244
655,2024-08-19 10:55:00,1724090100,224.19,224.29,224.16,224.28,30712
656,2024-08-19 10:56:00,1724090160,224.28,224.34,224.24,224.34,31890
657,2024-08-19 10:57:00,1724090220,224.33,224.34,224.27,224.29,22658
658,2024-08-19 10:58:00,1724090280,224.28,224.29,224.25,224.27,19561
659,2024-08-19 10:59:00,1724090340,224.28,224.35,224.27,224.31,34529
660,2024-08-19 11:00:00,1724090400,224.31,224.4,224.28,224.37,44554
661,2024-08-19 11:01:00,1724090460,224.38,224.4,224.35,224.37,29023
662,2024-08-19 11:02:00,1724090520,224.36,224.4,224.35,224.37,38920
663,2024-08-19 11:03:00,1724090580,224.36,224.39,224.36,224.38,15241
664,2024-08-19 11:04:00,1724090640,224.39,224.4,224.34,224.34,46324
665,2024-08-19 11:05:00,1724090700,224.35,224.42,224.35,224.42,61717
666,2024-08-19 11:06:00,1724090760,224.42,224.43,224.37,224.42,45066
667,2024-08-19 11:07:00,1724090820,224.41,224.54,224.41,224.52,66841
668,2024-08-19 11:08:00,1724090880,224.52,224.55,224.49,224.49,46859
669,2024-08-19 11:09:00,1724090940,224.5,224.52,224.46,224.5,34997
670,2024-08-19 11:10:00,1724091000,224.5,224.51,224.37,224.43,34874
671,2024-08-19 11:11:00,1724091060,224.43,224.45,224.4,224.45,27056
672,2024-08-19 11:12:00,1724091120,224.44,224.51,224.43,224.51,23779
673,2024-08-19 11:13:00,1724091180,224.51,224.51,224.44,224.47,37803
674,2024-08-19 11:14:00,1724091240,224.47,224.49,224.44,224.48,27708
675,2024-08-19 11:15:00,1724091300,224.48,224.49,224.46,224.49,19049
676,2024-08-19 11:16:00,1724091360,224.48,224.49,224.41,224.43,21679
677,2024-08-19 11:17:00,1724091420,224.43,224.46,224.41,224.45,14265
678,2024-08-19 11:18:00,1724091480,224.44,224.48,224.42,224.46,17213
679,2024-08-19 11:19:00,1724091540,224.46,224.49,224.45,224.49,14042
680,2024-08-19 11:20:00,1724091600,224.48,224.49,224.39,224.4,32811
681,2024-08-19 11:21:00,1724091660,224.4,224.45,224.39,224.41,22185
682,2024-08-19 11:22:00,1724091720,224.41,224.47,224.39,224.45,24558
683,2024-08-19 11:23:00,1724091780,224.46,224.49,224.42,224.49,12690
684,2024-08-19 11:24:00,1724091840,224.49,224.51,224.48,224.51,25158
685,2024-08-19 11:25:00,1724091900,224.51,224.53,224.49,224.5,33941
686,2024-08-19 11:26:00,1724091960,224.5,224.53,224.49,224.5,29884
687,2024-08-19 11:27:00,1724092020,224.5,224.57,224.5,224.56,31983
688,2024-08-19 11:28:00,1724092080,224.56,224.63,224.55,224.63,35298
689,2024-08-19 11:29:00,1724092140,224.63,224.66,224.6,224.65,54688
690,2024-08-19 11:30:00,1724092200,224.65,224.72,224.63,224.72,43936
691,2024-08-19 11:31:00,1724092260,224.71,224.76,224.68,224.75,51198
692,2024-08-19 11:32:00,1724092320,224.75,224.77,224.7,224.72,33677
693,2024-08-19 11:33:00,1724092380,224.74,224.76,224.69,224.74,28748
694,2024-08-19 11:34:00,1724092440,224.74,224.77,224.7,224.7,28637
695,2024-08-19 11:35:00,1724092500,224.7,224.75,224.69,224.7,46592
696,2024-08-19 11:36:00,1724092560,224.7,224.73,224.69,224.71,32093
697,2024-08-19 11:37:00,1724092620,224.72,224.72,224.58,224.62,46175
698,2024-08-19 11:38:00,1724092680,224.62,224.65,224.61,224.64,18578
699,2024-08-19 11:39:00,1724092740,224.65,224.68,224.64,224.66,17327
700,2024-08-19 11:40:00,1724092800,224.66,224.76,224.64,224.72,71146
701,2024-08-19 11:41:00,1724092860,224.72,224.76,224.67,224.75,35719
702,2024-08-19 11:42:00,1724092920,224.75,224.79,224.68,224.69,57061
703,2024-08-19 11:43:00,1724092980,224.68,224.7,224.65,224.68,27726
704,2024-08-19 11:44:00,1724093040,224.67,224.77,224.66,224.77,31748
705,2024-08-19 11:45:00,1724093100,224.78,224.8,224.76,224.78,59319
706,2024-08-19 11:46:00,1724093160,224.79,224.8,224.77,224.79,32798
707,2024-08-19 11:47:00,1724093220,224.78,224.83,224.71,224.8,50527
708,2024-08-19 11:48:00,1724093280,224.8,224.92,224.8,224.92,51579
709,2024-08-19 11:49:00,1724093340,224.92,224.92,224.87,224.91,46146
710,2024-08-19 11:50:00,1724093400,224.91,224.91,224.82,224.88,28898
711,2024-08-19 11:51:00,1724093460,224.87,224.88,224.79,224.85,31665
712,2024-08-19 11:52:00,1724093520,224.86,224.89,224.83,224.86,22977
713,2024-08-19 11:53:00,1724093580,224.86,224.87,224.81,224.87,23443
714,2024-08-19 11:54:00,1724093640,224.86,224.89,224.83,224.89,32161
715,2024-08-19 11:55:00,1724093700,224.88,224.9,224.82,224.83,29893
716,2024-08-19 11:56:00,1724093760,224.83,224.84,224.77,224.78,26232
717,2024-08-19 11:57:00,1724093820,224.78,224.8,224.76,224.78,31392
718,2024-08-19 11:58:00,1724093880,224.78,224.82,224.72,224.74,31381
719,2024-08-19 11:59:00,1724093940,224.73,224.79,224.73,224.78,21157
720,2024-08-19 12:00:00,1724094000,224.78,224.79,224.67,224.74,42421
721,2024-08-19 12:01:00,1724094060,224.75,224.77,224.72,224.75,31591
722,2024-08-19 12:02:00,1724094120,224.74,224.76,224.71,224.72,19315
723,2024-08-19 12:03:00,1724094180,224.72,224.8,224.72,224.72,41367
724,2024-08-19 12:04:00,1724094240,224.73,224.79,224.71,224.73,27465
725,2024-08-19 12:05:00,1724094300,224.72,224.74,224.67,224.74,34982
726,2024-08-19 12:06:00,1724094360,224.74,224.76,224.68,224.73,49208
727,2024-08-19 12:07:00,1724094420,224.73,224.8,224.72,224.77,32869
728,2024-08-19 12:08:00,1724094480,224.76,224.81,224.76,224.79,30142
729,2024-08-19 12:09:00,1724094540,224.8,224.8,224.78,224.78,19219
730,2024-08-19 12:10:00,1724094600,224.78,224.8,224.73,224.77,26552
731,2024-08-19 12:11:00,1724094660,224.77,224.78,224.7,224.72,35931
732,2024-08-19 12:12:00,1724094720,224.72,224.76,224.71,224.75,26670
733,2024-08-19 12:13:00,1724094780,224.74,224.77,224.74,224.76,23118
734,2024-08-19 12:14:00,1724094840,224.76,224.77,224.74,224.77,30685
735,2024-08-19 12:15:00,1724094900,224.77,224.81,224.75,224.79,35229
736,2024-08-19 12:16:00,1724094960,224.79,224.82,224.77,224.8,33181
737,2024-08-19 12:17:00,1724095020,224.8,224.81,224.73,224.77,41298
738,2024-08-19 12:18:00,1724095080,224.77,224.82,224.75,224.82,31377
739,2024-08-19 12:19:00,1724095140,224.81,224.87,224.81,224.86,43562
740,2024-08-19 12:20:00,1724095200,224.86,224.87,224.83,224.86,27909
741,2024-08-19 12:21:00,1724095260,224.86,224.94,224.81,224.93,36620
742,2024-08-19 12:22:00,1724095320,224.93,224.95,224.86,224.91,45440
743,2024-08-19 12:23:00,1724095380,224.91,224.92,224.84,224.9,34400
744,2024-08-19 12:24:00,1724095440,224.9,224.91,224.88,224.9,28287
745,2024-08-19 12:25:00,1724095500,224.9,224.93,224.88,224.92,23439
746,2024-08-19 12:26:00,1724095560,224.93,224.95,224.79,224.81,45034
747,2024-08-19 12:27:00,1724095620,224.78,224.88,224.77,224.8,47588
748,2024-08-19 12:28:00,1724095680,224.79,224.89,224.76,224.87,28687
749,2024-08-19 12:29:00,1724095740,224.87,224.93,224.87,224.93,23580
750,2024-08-19 12:30:00,1724095800,224.93,224.98,224.89,224.94,47918
751,2024-08-19 12:31:00,1724095860,224.95,224.97,224.92,224.92,40946
752,2024-08-19 12:32:00,1724095920,224.93,224.99,224.89,224.98,38681
753,2024-08-19 12:33:00,1724095980,224.98,225.02,224.95,224.98,118166
754,2024-08-19 12:34:00,1724096040,224.98,225.05,224.97,225.03,40959
755,2024-08-19 12:35:00,1724096100,225.03,225.1,225.01,225.09,40862
756,2024-08-19 12:36:00,1724096160,225.1,225.14,225.08,225.12,62745
757,2024-08-19 12:37:00,1724096220,225.12,225.14,224.96,225.01,66169
758,2024-08-19 12:38:00,1724096280,225.0,225.04,224.95,225.03,42062
759,2024-08-19 12:39:00,1724096340,225.03,225.12,225.02,225.12,28731
760,2024-08-19 12:40:00,1724096400,225.11,225.22,225.11,225.19,53861
761,2024-08-19 12:41:00,1724096460,225.19,225.24,225.12,225.22,50618
762,2024-08-19 12:42:00,1724096520,225.24,225.28,225.19,225.27,50034
763,2024-08-19 12:43:00,1724096580,225.26,225.27,225.18,225.22,54650
764,2024-08-19 12:44:00,1724096640,225.21,225.25,225.2,225.22,42765
765,2024-08-19 12:45:00,1724096700,225.22,225.22,225.1,225.13,60835
766,2024-08-19 12:46:00,1724096760,225.13,225.14,225.03,225.12,51936
767,2024-08-19 12:47:00,1724096820,225.13,225.15,225.1,225.13,41398
768,2024-08-19 12:48:00,1724096880,225.14,225.18,225.13,225.14,33574
769,2024-08-19 12:49:00,1724096940,225.14,225.18,225.1,225.12,40437
770,2024-08-19 12:50:00,1724097000,225.12,225.23,225.11,225.22,89690
771,2024-08-19 12:51:00,1724097060,225.23,225.44,225.21,225.43,102941
772,2024-08-19 12:52:00,1724097120,225.44,225.5,225.22,225.5,160926
773,2024-08-19 12:53:00,1724097180,225.5,225.68,225.49,225.68,134373
774,2024-08-19 12:54:00,1724097240,225.68,225.99,225.65,225.87,247814
775,2024-08-19 12:55:00,1724097300,225.88,225.94,225.56,225.64,271137
776,2024-08-19 12:56:00,1724097360,225.64,225.8,225.58,225.8,152560
777,2024-08-19 12:57:00,1724097420,225.8,225.87,225.72,225.86,187952
778,2024-08-19 12:58:00,1724097480,225.86,225.89,225.67,225.82,306226
779,2024-08-19 12:59:00,1724097540,225.82,225.97,225.76,225.9,669752
780,2024-08-20 06:30:00,1724160600,225.75,225.99,225.45,225.93,605542
781,2024-08-20 06:31:00,1724160660,225.93,226.18,225.77,226.01,175318
782,2024-08-20 06:32:00,1724160720,226.03,226.27,225.92,226.22,99003
783,2024-08-20 06:33:00,1724160780,226.24,226.55,226.24,226.51,167835
784,2024-08-20 06:34:00,1724160840,226.48,226.75,226.41,226.54,160704
785,2024-08-20 06:35:00,1724160900,226.53,226.71,226.33,226.65,92795
786,2024-08-20 06:36:00,1724160960,226.66,226.8,226.52,226.67,126595
787,2024-08-20 06:37:00,1724161020,226.67,227.06,226.61,226.82,250646
788,2024-08-20 06:38:00,1724161080,226.83,227.11,226.82,227.04,116298
789,2024-08-20 06:39:00,1724161140,227.04,227.17,226.95,227.02,107348
790,2024-08-20 06:40:00,1724161200,227.05,227.05,226.72,226.93,132680
791,2024-08-20 06:41:00,1724161260,226.93,226.96,226.71,226.74,84566
792,2024-08-20 06:42:00,1724161320,226.73,226.76,226.28,226.43,182762
793,2024-08-20 06:43:00,1724161380,226.43,226.52,226.19,226.2,98108
794,2024-08-20 06:44:00,1724161440,226.18,226.36,226.16,226.29,127446
795,2024-08-20 06:45:00,1724161500,226.29,226.55,226.1,226.4,140943
796,2024-08-20 06:46:00,1724161560,226.39,226.61,226.39,226.52,78560
797,2024-08-20 06:47:00,1724161620,226.51,226.65,226.43,226.46,102746
798,2024-08-20 06:48:00,1724161680,226.47,226.71,226.46,226.65,83762
799,2024-08-20 06:49:00,1724161740,226.66,226.72,226.58,226.64,72377
800,2024-08-20 06:50:00,1724161800,226.65,226.9,226.59,226.89,85102
801,2024-08-20 06:51:00,1724161860,226.89,226.94,226.8,226.86,105095
802,2024-08-20 06:52:00,1724161920,226.87,226.9,226.71,226.78,74048
803,2024-08-20 06:53:00,1724161980,226.77,226.8,226.43,226.5,95456
804,2024-08-20 06:54:00,1724162040,226.5,226.6,226.35,226.53,77972
805,2024-08-20 06:55:00,1724162100,226.52,226.78,226.51,226.69,57518
806,2024-08-20 06:56:00,1724162160,226.7,226.78,226.6,226.75,56278
807,2024-08-20 06:57:00,1724162220,226.77,226.98,226.77,226.95,83985
808,2024-08-20 06:58:00,1724162280,226.95,227.06,226.84,227.05,116061
809,2024-08-20 06:59:00,1724162340,227.06,227.16,226.97,227.02,104922
810,2024-08-20 07:00:00,1724162400,227.02,227.1,226.52,226.57,103677
811,2024-08-20 07:01:00,1724162460,226.58,226.65,226.29,226.42,93228
812,2024-08-20 07:02:00,1724162520,226.43,226.59,226.34,226.39,76768
813,2024-08-20 07:03:00,1724162580,226.38,226.46,226.3,226.43,66745
814,2024-08-20 07:04:00,1724162640,226.43,226.53,226.36,226.47,63219
815,2024-08-20 07:05:00,1724162700,226.48,226.65,226.48,226.64,71776
816,2024-08-20 07:06:00,1724162760,226.65,226.67,226.52,226.67,46453
817,2024-08-20 07:07:00,1724162820,226.65,226.85,226.61,226.71,45195
818,2024-08-20 07:08:00,1724162880,226.71,226.95,226.7,226.89,51398
819,2024-08-20 07:09:00,1724162940,226.89,226.91,226.74,226.78,35534
820,2024-08-20 07:10:00,1724163000,226.8,226.85,226.64,226.83,69233
821,2024-08-20 07:11:00,1724163060,226.83,226.85,226.49,226.5,60663
822,2024-08-20 07:12:00,1724163120,226.5,226.57,226.05,226.23,136084
823,2024-08-20 07:13:00,1724163180,226.24,226.47,226.18,226.47,50189
824,2024-08-20 07:14:00,1724163240,226.46,226.65,226.37,226.59,65242
825,2024-08-20 07:15:00,1724163300,226.6,226.61,226.31,226.58,40200
826,2024-08-20 07:16:00,1724163360,226.58,226.62,226.45,226.55,48922
827,2024-08-20 07:17:00,1724163420,226.54,226.54,226.13,226.28,112163
828,2024-08-20 07:18:00,1724163480,226.27,226.58,226.25,226.57,69095
829,2024-08-20 07:19:00,1724163540,226.58,226.68,226.5,226.61,59182
830,2024-08-20 07:20:00,1724163600,226.62,226.62,226.41,226.51,57580
831,2024-08-20 07:21:00,1724163660,226.52,226.78,226.52,226.73,71877
832,2024-08-20 07:22:00,1724163720,226.73,226.89,226.72,226.88,53541
833,2024-08-20 07:23:00,1724163780,226.88,226.89,226.76,226.76,34082
834,2024-08-20 07:24:00,1724163840,226.77,226.79,226.64,226.76,28556
835,2024-08-20 07:25:00,1724163900,226.78,226.79,226.59,226.76,37678
836,2024-08-20 07:26:00,1724163960,226.75,226.8,226.63,226.8,44158
837,2024-08-20 07:27:00,1724164020,226.78,226.83,226.61,226.63,57235
838,2024-08-20 07:28:00,1724164080,226.62,226.64,226.41,226.49,58697
839,2024-08-20 07:29:00,1724164140,226.49,226.7,226.43,226.66,58286
840,2024-08-20 07:30:00,1724164200,226.68,226.69,226.43,226.5,44719
841,2024-08-20 07:31:00,1724164260,226.5,226.62,226.45,226.59,33380
842,2024-08-20 07:32:00,1724164320,226.58,226.65,226.33,226.34,63807
843,2024-08-20 07:33:00,1724164380,226.31,226.44,226.28,226.32,47066
844,2024-08-20 07:34:00,1724164440,226.33,226.45,226.3,226.39,40125
845,2024-08-20 07:35:00,1724164500,226.39,226.39,226.03,226.06,97419
846,2024-08-20 07:36:00,1724164560,226.08,226.08,225.89,225.91,126073
847,2024-08-20 07:37:00,1724164620,225.91,226.2,225.9,226.11,57888
848,2024-08-20 07:38:00,1724164680,226.11,226.26,225.94,225.95,58751
849,2024-08-20 07:39:00,1724164740,225.96,226.08,225.95,226.03,56775
850,2024-08-20 07:40:00,1724164800,226.03,226.34,226.03,226.29,99980
851,2024-08-20 07:41:00,1724164860,226.29,226.34,226.11,226.22,31679
852,2024-08-20 07:42:00,1724164920,226.22,226.22,225.82,225.84,60483
853,2024-08-20 07:43:00,1724164980,225.84,225.99,225.83,225.88,39148
854,2024-08-20 07:44:00,1724165040,225.87,225.93,225.71,225.79,55445
855,2024-08-20 07:45:00,1724165100,225.79,225.99,225.78,225.86,37531
856,2024-08-20 07:46:00,1724165160,225.85,226.0,225.83,225.99,53135
857,2024-08-20 07:47:00,1724165220,225.99,225.99,225.89,225.97,36286
858,2024-08-20 07:48:00,1724165280,225.94,225.99,225.84,225.85,43844
859,2024-08-20 07:49:00,1724165340,225.88,226.07,225.88,225.98,57038
860,2024-08-20 07:50:00,1724165400,225.99,226.08,225.9,225.97,28949
861,2024-08-20 07:51:00,1724165460,225.98,226.08,225.97,226.08,27220
862,2024-08-20 07:52:00,1724165520,226.07,226.15,226.04,226.09,40093
863,2024-08-20 07:53:00,1724165580,226.08,226.21,226.07,226.18,58151
864,2024-08-20 07:54:00,1724165640,226.18,226.32,226.18,226.24,50985
865,2024-08-20 07:55:00,1724165700,226.22,226.24,226.09,226.14,31788
866,2024-08-20 07:56:00,1724165760,226.13,226.25,226.09,226.11,46476
867,2024-08-20 07:57:00,1724165820,226.11,226.13,226.05,226.11,46561
868,2024-08-20 07:58:00,1724165880,226.12,226.19,226.07,226.09,37114
869,2024-08-20 07:59:00,1724165940,226.09,226.09,225.83,225.96,110257
870,2024-08-20 08:00:00,1724166000,225.96,225.99,225.86,225.99,32477
871,2024-08-20 08:01:00,1724166060,225.99,226.04,225.91,226.0,35163
872,2024-08-20 08:02:00,1724166120,226.0,226.09,225.93,226.07,32152
873,2024-08-20 08:03:00,1724166180,226.02,226.11,226.0,226.02,21041
874,2024-08-20 08:04:00,1724166240,226.02,226.14,226.02,226.1,17390
875,2024-08-20 08:05:00,1724166300,226.12,226.19,226.0,226.12,58857
876,2024-08-20 08:06:00,1724166360,226.11,226.36,226.11,226.29,44190
877,2024-08-20 08:07:00,1724166420,226.3,226.32,226.09,226.22,41227
878,2024-08-20 08:08:00,1724166480,226.23,226.32,226.14,226.17,23720
879,2024-08-20 08:09:00,1724166540,226.16,226.33,226.16,226.29,19821
880,2024-08-20 08:10:00,1724166600,226.28,226.31,226.25,226.27,20320
881,2024-08-20 08:11:00,1724166660,226.28,226.39,226.27,226.33,19959
882,2024-08-20 08:12:00,1724166720,226.31,226.4,226.29,226.33,30902
883,2024-08-20 08:13:00,1724166780,226.33,226.48,226.29,226.42,29387
884,2024-08-20 08:14:00,1724166840,226.42,226.48,226.38,226.4,23113
885,2024-08-20 08:15:00,1724166900,226.41,226.44,226.31,226.34,23177
886,2024-08-20 08:16:00,1724166960,226.34,226.39,226.23,226.39,30156
887,2024-08-20 08:17:00,1724167020,226.38,226.46,226.35,226.4,27833
888,2024-08-20 08:18:00,1724167080,226.41,226.47,226.4,226.43,21676
889,2024-08-20 08:19:00,1724167140,226.43,226.43,226.3,226.35,32217
890,2024-08-20 08:20:00,1724167200,226.34,226.47,226.28,226.44,32764
891,2024-08-20 08:21:00,1724167260,226.44,226.46,226.37,226.41,31217
892,2024-08-20 08:22:00,1724167320,226.4,226.4,226.28,226.33,26898
893,2024-08-20 08:23:00,1724167380,226.32,226.4,226.25,226.4,24894
894,2024-08-20 08:24:00,1724167440,226.38,226.49,226.35,226.44,30096
895,2024-08-20 08:25:00,1724167500,226.45,226.54,226.43,226.43,87262
896,2024-08-20 08:26:00,1724167560,226.44,226.5,226.41,226.5,30365
897,2024-08-20 08:27:00,1724167620,226.5,226.5,226.39,226.43,25627
898,2024-08-20 08:28:00,1724167680,226.42,226.44,226.3,226.3,26084
899,2024-08-20 08:29:00,1724167740,226.32,226.32,226.21,226.21,34853
900,2024-08-20 08:30:00,1724167800,226.21,226.28,226.15,226.15,35582
901,2024-08-20 08:31:00,1724167860,226.16,226.39,226.15,226.34,21166
902,2024-08-20 08:32:00,1724167920,226.34,226.42,226.34,226.38,20575
903,2024-08-20 08:33:00,1724167980,226.38,226.45,226.36,226.42,24121
904,2024-08-20 08:34:00,1724168040,226.42,226.45,226.39,226.43,20697
905,2024-08-20 08:35:00,1724168100,226.45,226.51,226.4,226.51,24488
906,2024-08-20 08:36:00,1724168160,226.51,226.54,226.43,226.54,38031
907,2024-08-20 08:37:00,1724168220,226.53,226.7,226.49,226.7,74713
908,2024-08-20 08:38:00,1724168280,226.7,226.7,226.62,226.7,28860
909,2024-08-20 08:39:00,1724168340,226.7,226.71,226.6,226.61,22149
910,2024-08-20 08:40:00,1724168400,226.59,226.68,226.59,226.67,18716
911,2024-08-20 08:41:00,1724168460,226.67,226.68,226.52,226.58,33170
912,2024-08-20 08:42:00,1724168520,226.57,226.62,226.53,226.56,26086
913,2024-08-20 08:43:00,1724168580,226.56,226.59,226.29,226.3,37703
914,2024-08-20 08:44:00,1724168640,226.31,226.34,226.19,226.21,29257
915,2024-08-20 08:45:00,1724168700,226.21,226.26,226.08,226.17,31785
916,2024-08-20 08:46:00,1724168760,226.18,226.28,226.15,226.25,15637
917,2024-08-20 08:47:00,1724168820,226.27,226.36,226.23,226.32,21898
918,2024-08-20 08:48:00,1724168880,226.31,226.34,226.2,226.24,23954
919,2024-08-20 08:49:00,1724168940,226.23,226.25,226.21,226.24,15803
920,2024-08-20 08:50:00,1724169000,226.25,226.3,226.23,226.3,20646
921,2024-08-20 08:51:00,1724169060,226.3,226.3,226.24,226.29,13313
922,2024-08-20 08:52:00,1724169120,226.29,226.44,226.26,226.44,26284
923,2024-08-20 08:53:00,1724169180,226.44,226.6,226.43,226.6,42800
924,2024-08-20 08:54:00,1724169240,226.6,226.68,226.56,226.68,26701
925,2024-08-20 08:55:00,1724169300,226.67,226.69,226.63,226.67,40013
926,2024-08-20 08:56:00,1724169360,226.67,226.71,226.56,226.7,40512
927,2024-08-20 08:57:00,1724169420,226.7,226.83,226.67,226.82,75273
928,2024-08-20 08:58:00,1724169480,226.81,226.94,226.76,226.94,41734
929,2024-08-20 08:59:00,1724169540,226.93,226.98,226.89,226.93,44047
930,2024-08-20 09:00:00,1724169600,226.92,227.0,226.92,226.97,29318
931,2024-08-20 09:01:00,1724169660,226.98,227.1,226.97,227.05,116999
932,2024-08-20 09:02:00,1724169720,227.06,227.07,226.98,227.02,34882
933,2024-08-20 09:03:00,1724169780,227.03,227.05,226.87,226.88,30270
934,2024-08-20 09:04:00,1724169840,226.88,227.01,226.83,226.97,33665
935,2024-08-20 09:05:00,1724169900,226.96,227.02,226.93,227.0,17597
936,2024-08-20 09:06:00,1724169960,227.01,227.04,226.92,226.95,26414
937,2024-08-20 09:07:00,1724170020,226.95,227.04,226.9,227.02,30228
938,2024-08-20 09:08:00,1724170080,227.03,227.04,226.93,226.98,16449
939,2024-08-20 09:09:00,1724170140,226.98,227.05,226.94,226.98,24073
940,2024-08-20 09:10:00,1724170200,226.99,227.05,226.96,226.98,33151
941,2024-08-20 09:11:00,1724170260,226.99,226.99,226.89,226.9,26705
942,2024-08-20 09:12:00,1724170320,226.91,226.94,226.86,226.91,27978
943,2024-08-20 09:13:00,1724170380,226.92,227.04,226.92,227.03,29391
944,2024-08-20 09:14:00,1724170440,227.02,227.06,226.99,227.03,36415
945,2024-08-20 09:15:00,1724170500,227.04,227.04,226.77,226.78,26351
946,2024-08-20 09:16:00,1724170560,226.79,226.87,226.7,226.84,30357
947,2024-08-20 09:17:00,1724170620,226.84,226.88,226.75,226.77,28684
948,2024-08-20 09:18:00,1724170680,226.77,226.86,226.76,226.85,20905
949,2024-08-20 09:19:00,1724170740,226.84,226.87,226.7,226.7,26666
950,2024-08-20 09:20:00,1724170800,226.7,226.79,226.6,226.78,28008
951,2024-08-20 09:21:00,1724170860,226.76,226.84,226.72,226.84,16058
952,2024-08-20 09:22:00,1724170920,226.83,226.85,226.78,226.8,31305
953,2024-08-20 09:23:00,1724170980,226.81,226.91,226.67,226.68,41810
954,2024-08-20 09:24:00,1724171040,226.67,226.73,226.63,226.71,21710
955,2024-08-20 09:25:00,1724171100,226.69,226.82,226.68,226.79,23144
956,2024-08-20 09:26:00,1724171160,226.79,226.85,226.75,226.81,19699
957,2024-08-20 09:27:00,1724171220,226.81,226.85,226.78,226.82,22543
958,2024-08-20 09:28:00,1724171280,226.82,226.84,226.75,226.81,18058
959,2024-08-20 09:29:00,1724171340,226.82,226.91,226.81,226.9,21591
960,2024-08-20 09:30:00,1724171400,226.9,226.99,226.86,226.98,43027
961,2024-08-20 09:31:00,1724171460,226.98,226.99,226.87,226.9,20004
962,2024-08-20 09:32:00,1724171520,226.91,226.93,226.81,226.81,23873
963,2024-08-20 09:33:00,1724171580,226.82,226.91,226.82,226.9,14653
964,2024-08-20 09:34:00,1724171640,226.9,226.97,226.89,226.95,18019
965,2024-08-20 09:35:00,1724171700,226.94,226.95,226.86,226.87,25527
966,2024-08-20 09:36:00,1724171760,226.87,226.92,226.83,226.87,45926
967,2024-08-20 09:37:00,1724171820,226.88,227.05,226.86,227.0,61719
968,2024-08-20 09:38:00,1724171880,226.99,227.08,226.97,227.05,36324
969,2024-08-20 09:39:00,1724171940,227.04,227.09,226.96,226.99,35593
970,2024-08-20 09:40:00,1724172000,227.0,227.02,226.89,226.91,30735
971,2024-08-20 09:41:00,1724172060,226.91,226.95,226.85,226.86,33557
972,2024-08-20 09:42:00,1724172120,226.86,226.92,226.85,226.9,25028
973,2024-08-20 09:43:00,1724172180,226.9,226.94,226.86,226.9,19501
974,2024-08-20 09:44:00,1724172240,226.91,226.99,226.89,226.95,22940
975,2024-08-20 09:45:00,1724172300,226.93,226.99,226.92,226.99,9024
976,2024-08-20 09:46:00,1724172360,226.98,226.99,226.87,226.88,22863
977,2024-08-20 09:47:00,1724172420,226.87,226.9,226.79,226.89,25477
978,2024-08-20 09:48:00,1724172480,226.88,226.88,226.75,226.79,23399
979,2024-08-20 09:49:00,1724172540,226.8,226.89,226.78,226.87,11969
980,2024-08-20 09:50:00,1724172600,226.86,226.94,226.85,226.86,28061
981,2024-08-20 09:51:00,1724172660,226.86,226.9,226.75,226.77,24207
982,2024-08-20 09:52:00,1724172720,226.77,226.83,226.77,226.79,15103
983,2024-08-20 09:53:00,1724172780,226.8,226.8,226.71,226.72,24128
984,2024-08-20 09:54:00,1724172840,226.73,226.73,226.57,226.67,26798
985,2024-08-20 09:55:00,1724172900,226.69,226.72,226.61,226.63,18392
986,2024-08-20 09:56:00,1724172960,226.62,226.64,226.58,226.61,11885
987,2024-08-20 09:57:00,1724173020,226.6,226.65,226.55,226.64,18427
988,2024-08-20 09:58:00,1724173080,226.64,226.65,226.54,226.56,35474
989,2024-08-20 09:59:00,1724173140,226.54,226.56,226.46,226.52,26389
990,2024-08-20 10:00:00,1724173200,226.53,226.58,226.11,226.19,63650
991,2024-08-20 10:01:00,1724173260,226.21,226.46,226.19,226.31,43236
992,2024-08-20 10:02:00,1724173320,226.29,226.32,226.26,226.3,28077
993,2024-08-20 10:03:00,1724173380,226.3,226.34,226.19,226.21,38329
994,2024-08-20 10:04:00,1724173440,226.21,226.31,226.15,226.26,25425
995,2024-08-20 10:05:00,1724173500,226.28,226.29,226.18,226.2,22255
996,2024-08-20 10:06:00,1724173560,226.22,226.4,226.2,226.39,34185
997,2024-08-20 10:07:00,1724173620,226.38,226.48,226.37,226.43,28593
998,2024-08-20 10:08:00,1724173680,226.46,226.46,226.37,226.39,14630
999,2024-08-20 10:09:00,1724173740,226.39,226.52,226.38,226.49,33292
1000,2024-08-20 10:10:00,1724173800,226.49,226.54,226.49,226.52,23690
1001,2024-08-20 10:11:00,1724173860,226.51,226.56,226.47,226.51,18547
1002,2024-08-20 10:12:00,1724173920,226.51,226.6,226.49,226.54,19592
1003,2024-08-20 10:13:00,1724173980,226.56,226.6,226.55,226.56,19686
1004,2024-08-20 10:14:00,1724174040,226.56,226.57,226.42,226.5,30793
1005,2024-08-20 10:15:00,1724174100,226.52,226.52,226.38,226.42,31627
1006,2024-08-20 10:16:00,1724174160,226.42,226.43,226.39,226.42,28777
1007,2024-08-20 10:17:00,1724174220,226.41,226.57,226.41,226.52,22021
1008,2024-08-20 10:18:00,1724174280,226.53,226.56,226.48,226.53,22418
1009,2024-08-20 10:19:00,1724174340,226.54,226.62,226.51,226.6,28603
1010,2024-08-20 10:20:00,1724174400,226.59,226.62,226.51,226.55,25108
1011,2024-08-20 10:21:00,1724174460,226.55,226.57,226.49,226.52,20261
1012,2024-08-20 10:22:00,1724174520,226.53,226.56,226.49,226.51,15951
1013,2024-08-20 10:23:00,1724174580,226.51,226.59,226.48,226.54,15584
1014,2024-08-20 10:24:00,1724174640,226.54,226.66,226.53,226.59,24323
1015,2024-08-20 10:25:00,1724174700,226.59,226.62,226.56,226.62,16449
1016,2024-08-20 10:26:00,1724174760,226.63,226.67,226.58,226.66,20777
1017,2024-08-20 10:27:00,1724174820,226.66,226.79,226.64,226.79,40051
1018,2024-08-20 10:28:00,1724174880,226.78,226.78,226.63,226.63,31106
1019,2024-08-20 10:29:00,1724174940,226.62,226.72,226.6,226.71,10036
1020,2024-08-20 10:30:00,1724175000,226.7,226.73,226.61,226.62,21772
1021,2024-08-20 10:31:00,1724175060,226.6,226.72,226.57,226.7,16968
1022,2024-08-20 10:32:00,1724175120,226.71,226.71,226.62,226.62,16431
1023,2024-08-20 10:33:00,1724175180,226.63,226.65,226.57,226.61,15640
1024,2024-08-20 10:34:00,1724175240,226.6,226.68,226.59,226.65,11980
1025,2024-08-20 10:35:00,1724175300,226.67,226.69,226.61,226.62,27019
1026,2024-08-20 10:36:00,1724175360,226.62,226.67,226.36,226.4,54748
1027,2024-08-20 10:37:00,1724175420,226.4,226.48,226.35,226.47,18884
1028,2024-08-20 10:38:00,1724175480,226.46,226.56,226.45,226.54,16607
1029,2024-08-20 10:39:00,1724175540,226.53,226.54,226.49,226.53,10000
1030,2024-08-20 10:40:00,1724175600,226.55,226.6,226.51,226.59,27701
1031,2024-08-20 10:41:00,1724175660,226.58,226.61,226.52,226.53,15230
1032,2024-08-20 10:42:00,1724175720,226.54,226.62,226.53,226.58,14948
1033,2024-08-20 10:43:00,1724175780,226.58,226.7,226.57,226.69,13834
1034,2024-08-20 10:44:00,1724175840,226.7,226.72,226.66,226.71,18087
1035,2024-08-20 10:45:00,1724175900,226.71,226.75,226.68,226.74,8306
1036,2024-08-20 10:46:00,1724175960,226.75,226.75,226.58,226.72,37965
1037,2024-08-20 10:47:00,1724176020,226.72,226.76,226.64,226.66,30174
1038,2024-08-20 10:48:00,1724176080,226.65,226.72,226.6,226.7,23212
1039,2024-08-20 10:49:00,1724176140,226.69,226.72,226.66,226.7,16918
1040,2024-08-20 10:50:00,1724176200,226.69,226.76,226.68,226.73,31397
1041,2024-08-20 10:51:00,1724176260,226.74,226.79,226.68,226.68,28961
1042,2024-08-20 10:52:00,1724176320,226.67,226.72,226.65,226.71,20995
1043,2024-08-20 10:53:00,1724176380,226.72,226.78,226.72,226.78,14370
1044,2024-08-20 10:54:00,1724176440,226.77,226.78,226.7,226.73,21732
1045,2024-08-20 10:55:00,1724176500,226.73,226.77,226.7,226.75,13612
1046,2024-08-20 10:56:00,1724176560,226.76,226.77,226.69,226.71,16698
1047,2024-08-20 10:57:00,1724176620,226.72,226.78,226.72,226.74,15354
1048,2024-08-20 10:58:00,1724176680,226.75,226.78,226.72,226.75,19905
1049,2024-08-20 10:59:00,1724176740,226.74,226.77,226.74,226.76,8514
1050,2024-08-20 11:00:00,1724176800,226.75,226.75,226.65,226.71,23206
1051,2024-08-20 11:01:00,1724176860,226.71,226.78,226.7,226.75,20649
1052,2024-08-20 11:02:00,1724176920,226.75,226.78,226.66,226.74,33541
1053,2024-08-20 11:03:00,1724176980,226.73,226.8,226.71,226.77,41436
1054,2024-08-20 11:04:00,1724177040,226.77,226.83,226.76,226.82,20955
1055,2024-08-20 11:05:00,1724177100,226.82,226.89,226.77,226.87,31183
1056,2024-08-20 11:06:00,1724177160,226.89,226.93,226.86,226.91,27906
1057,2024-08-20 11:07:00,1724177220,226.9,226.95,226.9,226.92,14323
1058,2024-08-20 11:08:00,1724177280,226.93,226.95,226.86,226.89,42356
1059,2024-08-20 11:09:00,1724177340,226.89,226.94,226.86,226.89,16704
1060,2024-08-20 11:10:00,1724177400,226.89,226.92,226.88,226.91,18716
1061,2024-08-20 11:11:00,1724177460,226.9,226.93,226.88,226.93,8841
1062,2024-08-20 11:12:00,1724177520,226.93,226.97,226.92,226.96,28559
1063,2024-08-20 11:13:00,1724177580,226.96,227.01,226.95,226.99,75746
1064,2024-08-20 11:14:00,1724177640,227.0,227.03,226.97,227.02,26376
1065,2024-08-20 11:15:00,1724177700,227.02,227.03,226.99,227.01,19727
1066,2024-08-20 11:16:00,1724177760,227.01,227.09,227.01,227.07,36219
1067,2024-08-20 11:17:00,1724177820,227.08,227.1,227.03,227.07,40674
1068,2024-08-20 11:18:00,1724177880,227.07,227.08,226.95,226.96,53019
1069,2024-08-20 11:19:00,1724177940,226.96,226.99,226.92,226.93,28228
1070,2024-08-20 11:20:00,1724178000,226.93,226.95,226.91,226.93,18694
1071,2024-08-20 11:21:00,1724178060,226.93,226.98,226.91,226.97,23926
1072,2024-08-20 11:22:00,1724178120,226.97,227.05,226.97,227.03,26548
1073,2024-08-20 11:23:00,1724178180,227.02,227.11,227.0,227.1,42193
1074,2024-08-20 11:24:00,1724178240,227.1,227.1,227.04,227.09,27979
1075,2024-08-20 11:25:00,1724178300,227.09,227.1,227.05,227.08,16815
1076,2024-08-20 11:26:00,1724178360,227.09,227.11,227.02,227.03,26338
1077,2024-08-20 11:27:00,1724178420,227.04,227.05,226.98,227.0,32663
1078,2024-08-20 11:28:00,1724178480,227.0,227.03,226.97,226.97,21228
1079,2024-08-20 11:29:00,1724178540,226.98,227.02,226.93,227.02,27003
1080,2024-08-20 11:30:00,1724178600,227.03,227.05,226.98,227.02,22894
1081,2024-08-20 11:31:00,1724178660,227.03,227.04,226.97,226.99,23531
1082,2024-08-20 11:32:00,1724178720,226.99,227.06,226.95,227.05,17614
1083,2024-08-20 11:33:00,1724178780,227.06,227.06,226.99,227.01,17257
1084,2024-08-20 11:34:00,1724178840,226.99,227.01,226.96,226.98,13350
1085,2024-08-20 11:35:00,1724178900,226.98,226.98,226.9,226.91,20640
1086,2024-08-20 11:36:00,1724178960,226.91,226.96,226.9,226.96,20445
1087,2024-08-20 11:37:00,1724179020,226.96,226.99,226.92,226.99,12648
1088,2024-08-20 11:38:00,1724179080,226.98,227.0,226.93,226.94,14187
1089,2024-08-20 11:39:00,1724179140,226.93,226.94,226.89,226.91,30656
1090,2024-08-20 11:40:00,1724179200,226.91,226.93,226.89,226.9,15384
1091,2024-08-20 11:41:00,1724179260,226.9,226.9,226.81,226.84,39496
1092,2024-08-20 11:42:00,1724179320,226.84,226.9,226.82,226.87,19454
1093,2024-08-20 11:43:00,1724179380,226.88,226.93,226.87,226.89,20759
1094,2024-08-20 11:44:00,1724179440,226.9,226.9,226.76,226.79,23549
1095,2024-08-20 11:45:00,1724179500,226.79,226.81,226.7,226.72,28891
1096,2024-08-20 11:46:00,1724179560,226.72,226.81,226.7,226.71,22292
1097,2024-08-20 11:47:00,1724179620,226.71,226.83,226.71,226.83,18092
1098,2024-08-20 11:48:00,1724179680,226.84,226.84,226.77,226.81,18000
1099,2024-08-20 11:49:00,1724179740,226.81,226.81,226.77,226.79,19625
1100,2024-08-20 11:50:00,1724179800,226.78,226.85,226.77,226.84,20862
1101,2024-08-20 11:51:00,1724179860,226.84,226.86,226.8,226.8,22094
1102,2024-08-20 11:52:00,1724179920,226.8,226.8,226.62,226.66,26113
1103,2024-08-20 11:53:00,1724179980,226.65,226.67,226.59,226.63,17306
1104,2024-08-20 11:54:00,1724180040,226.64,226.72,226.63,226.65,25682
1105,2024-08-20 11:55:00,1724180100,226.64,226.65,226.6,226.65,34218
1106,2024-08-20 11:56:00,1724180160,226.64,226.7,226.58,226.61,47786
1107,2024-08-20 11:57:00,1724180220,226.61,226.65,226.58,226.59,22176
1108,2024-08-20 11:58:00,1724180280,226.58,226.61,226.58,226.59,12098
1109,2024-08-20 11:59:00,1724180340,226.59,226.6,226.52,226.53,27867
1110,2024-08-20 12:00:00,1724180400,226.52,226.53,226.41,226.43,61707
1111,2024-08-20 12:01:00,1724180460,226.44,226.54,226.41,226.48,28040
1112,2024-08-20 12:02:00,1724180520,226.46,226.53,226.46,226.53,15810
1113,2024-08-20 12:03:00,1724180580,226.52,226.53,226.35,226.36,38619
1114,2024-08-20 12:04:00,1724180640,226.36,226.41,226.35,226.4,41055
1115,2024-08-20 12:05:00,1724180700,226.4,226.45,226.34,226.45,23535
1116,2024-08-20 12:06:00,1724180760,226.45,226.52,226.43,226.52,29214
1117,2024-08-20 12:07:00,1724180820,226.51,226.53,226.45,226.5,20614
1118,2024-08-20 12:08:00,1724180880,226.49,226.5,226.38,226.39,23045
1119,2024-08-20 12:09:00,1724180940,226.38,226.4,226.36,226.4,18992
1120,2024-08-20 12:10:00,1724181000,226.4,226.4,226.33,226.33,17690
1121,2024-08-20 12:11:00,1724181060,226.34,226.38,226.33,226.36,32747
1122,2024-08-20 12:12:00,1724181120,226.35,226.38,226.26,226.31,48499
1123,2024-08-20 12:13:00,1724181180,226.3,226.37,226.3,226.34,60277
1124,2024-08-20 12:14:00,1724181240,226.34,226.4,226.32,226.39,24182
1125,2024-08-20 12:15:00,1724181300,226.37,226.39,226.33,226.36,22202
1126,2024-08-20 12:16:00,1724181360,226.36,226.49,226.34,226.34,38876
1127,2024-08-20 12:17:00,1724181420,226.34,226.34,226.21,226.29,47126
1128,2024-08-20 12:18:00,1724181480,226.28,226.31,226.19,226.31,41935
1129,2024-08-20 12:19:00,1724181540,226.31,226.35,226.27,226.32,27110
1130,2024-08-20 12:20:00,1724181600,226.33,226.39,226.32,226.36,32560
1131,2024-08-20 12:21:00,1724181660,226.36,226.36,226.26,226.32,61187
1132,2024-08-20 12:22:00,1724181720,226.31,226.32,226.24,226.26,30411
1133,2024-08-20 12:23:00,1724181780,226.26,226.35,226.26,226.34,21004
1134,2024-08-20 12:24:00,1724181840,226.34,226.41,226.31,226.41,21358
1135,2024-08-20 12:25:00,1724181900,226.4,226.44,226.36,226.39,31046
1136,2024-08-20 12:26:00,1724181960,226.41,226.51,226.36,226.48,38949
1137,2024-08-20 12:27:00,1724182020,226.48,226.51,226.41,226.51,84530
1138,2024-08-20 12:28:00,1724182080,226.5,226.54,226.42,226.49,45275
1139,2024-08-20 12:29:00,1724182140,226.49,226.52,226.48,226.49,20611
1140,2024-08-20 12:30:00,1724182200,226.48,226.54,226.39,226.47,66565
1141,2024-08-20 12:31:00,1724182260,226.48,226.55,226.42,226.54,42097
1142,2024-08-20 12:32:00,1724182320,226.56,226.6,226.51,226.59,36609
1143,2024-08-20 12:33:00,1724182380,226.6,226.62,226.54,226.58,38052
1144,2024-08-20 12:34:00,1724182440,226.59,226.66,226.55,226.61,29907
1145,2024-08-20 12:35:00,1724182500,226.62,226.62,226.55,226.58,29609
1146,2024-08-20 12:36:00,1724182560,226.59,226.61,226.54,226.58,42906
1147,2024-08-20 12:37:00,1724182620,226.59,226.67,226.53,226.66,35352
1148,2024-08-20 12:38:00,1724182680,226.67,226.69,226.6,226.66,30348
1149,2024-08-20 12:39:00,1724182740,226.65,226.65,226.6,226.63,33903
1150,2024-08-20 12:40:00,1724182800,226.63,226.78,226.62,226.76,58688
1151,2024-08-20 12:41:00,1724182860,226.76,226.77,226.71,226.75,33733
1152,2024-08-20 12:42:00,1724182920,226.75,226.82,226.71,226.82,34566
1153,2024-08-20 12:43:00,1724182980,226.83,226.83,226.65,226.69,39842
1154,2024-08-20 12:44:00,1724183040,226.7,226.73,226.64,226.65,38519
1155,2024-08-20 12:45:00,1724183100,226.66,226.8,226.66,226.77,29982
1156,2024-08-20 12:46:00,1724183160,226.77,226.82,226.75,226.76,40852
1157,2024-08-20 12:47:00,1724183220,226.76,226.81,226.71,226.74,50124
1158,2024-08-20 12:48:00,1724183280,226.74,226.78,226.66,226.69,57339
1159,2024-08-20 12:49:00,1724183340,226.69,226.76,226.66,226.75,49495
1160,2024-08-20 12:50:00,1724183400,226.75,226.93,226.66,226.82,104421
1161,2024-08-20 12:51:00,1724183460,226.84,226.86,226.73,226.8,60133
1162,2024-08-20 12:52:00,1724183520,226.82,226.86,226.78,226.83,51451
1163,2024-08-20 12:53:00,1724183580,226.84,226.88,226.7,226.79,101226
1164,2024-08-20 12:54:00,1724183640,226.78,226.88,226.66,226.73,96364
1165,2024-08-20 12:55:00,1724183700,226.73,226.73,226.47,226.56,128767
1166,2024-08-20 12:56:00,1724183760,226.55,226.64,226.47,226.64,115811
1167,2024-08-20 12:57:00,1724183820,226.63,226.68,226.56,226.59,103948
1168,2024-08-20 12:58:00,1724183880,226.6,226.63,226.55,226.58,102020
1169,2024-08-20 12:59:00,1724183940,226.57,226.6,226.4,226.51,245391
1170,2024-08-21 06:30:00,1724247000,226.51,226.63,226.11,226.56,491408
1171,2024-08-21 06:31:00,1724247060,226.58,226.67,226.42,226.52,103983
1172,2024-08-21 06:32:00,1724247120,226.52,226.58,226.23,226.58,76742
1173,2024-08-21 06:33:00,1724247180,226.55,226.64,226.22,226.36,76261
1174,2024-08-21 06:34:00,1724247240,226.36,226.5,226.21,226.4,63620
1175,2024-08-21 06:35:00,1724247300,226.4,226.62,226.31,226.56,64750
1176,2024-08-21 06:36:00,1724247360,226.56,226.6,226.31,226.31,65848
1177,2024-08-21 06:37:00,1724247420,226.3,226.35,225.95,225.98,132402
1178,2024-08-21 06:38:00,1724247480,225.98,226.36,225.91,226.24,107695
1179,2024-08-21 06:39:00,1724247540,226.26,226.33,226.09,226.09,72717
1180,2024-08-21 06:40:00,1724247600,226.1,226.28,226.06,226.19,61849
1181,2024-08-21 06:41:00,1724247660,226.2,226.55,226.19,226.55,134628
1182,2024-08-21 06:42:00,1724247720,226.56,226.59,226.42,226.58,67817
1183,2024-08-21 06:43:00,1724247780,226.58,226.75,226.41,226.43,107869
1184,2024-08-21 06:44:00,1724247840,226.44,226.8,226.44,226.78,70953
1185,2024-08-21 06:45:00,1724247900,226.78,226.8,226.64,226.74,120850
1186,2024-08-21 06:46:00,1724247960,226.75,226.97,226.72,226.92,132789
1187,2024-08-21 06:47:00,1724248020,226.92,226.96,226.8,226.84,103047
1188,2024-08-21 06:48:00,1724248080,226.84,226.96,226.69,226.75,77275
1189,2024-08-21 06:49:00,1724248140,226.75,226.9,226.74,226.83,56337
1190,2024-08-21 06:50:00,1724248200,226.83,226.84,226.63,226.65,47322
1191,2024-08-21 06:51:00,1724248260,226.66,226.8,226.65,226.7,62797
1192,2024-08-21 06:52:00,1724248320,226.71,226.71,226.56,226.63,58961
1193,2024-08-21 06:53:00,1724248380,226.62,226.64,226.51,226.62,73401
1194,2024-08-21 06:54:00,1724248440,226.61,226.87,226.59,226.86,65535
1195,2024-08-21 06:55:00,1724248500,226.86,226.93,226.78,226.86,56117
1196,2024-08-21 06:56:00,1724248560,226.86,226.87,226.74,226.77,47071
1197,2024-08-21 06:57:00,1724248620,226.77,227.07,226.77,226.99,176208
1198,2024-08-21 06:58:00,1724248680,227.0,227.07,226.82,227.06,56000
1199,2024-08-21 06:59:00,1724248740,227.07,227.07,226.99,227.06,46418
1200,2024-08-21 07:00:00,1724248800,227.07,227.4,227.01,227.24,205044
1201,2024-08-21 07:01:00,1724248860,227.25,227.36,227.15,227.23,67254
1202,2024-08-21 07:02:00,1724248920,227.26,227.59,227.25,227.51,159629
1203,2024-08-21 07:03:00,1724248980,227.52,227.67,227.51,227.63,82479
1204,2024-08-21 07:04:00,1724249040,227.64,227.66,227.53,227.61,57924
1205,2024-08-21 07:05:00,1724249100,227.62,227.64,227.34,227.56,74669
1206,2024-08-21 07:06:00,1724249160,227.57,227.59,227.46,227.5,52541
1207,2024-08-21 07:07:00,1724249220,227.5,227.5,227.36,227.41,66025
1208,2024-08-21 07:08:00,1724249280,227.4,227.46,227.26,227.31,68174
1209,2024-08-21 07:09:00,1724249340,227.31,227.35,227.27,227.29,31016
1210,2024-08-21 07:10:00,1724249400,227.29,227.39,227.22,227.36,38658
1211,2024-08-21 07:11:00,1724249460,227.4,227.44,227.33,227.42,52734
1212,2024-08-21 07:12:00,1724249520,227.41,227.47,227.33,227.41,64914
1213,2024-08-21 07:13:00,1724249580,227.43,227.5,227.36,227.5,71099
1214,2024-08-21 07:14:00,1724249640,227.5,227.52,226.78,226.98,139816
1215,2024-08-21 07:15:00,1724249700,226.99,226.99,226.66,226.74,91110
1216,2024-08-21 07:16:00,1724249760,226.75,227.07,226.72,227.06,80973
1217,2024-08-21 07:17:00,1724249820,227.02,227.08,226.94,227.02,69849
1218,2024-08-21 07:18:00,1724249880,227.01,227.11,226.99,227.06,60076
1219,2024-08-21 07:19:00,1724249940,227.06,227.47,227.06,227.47,58876
1220,2024-08-21 07:20:00,1724250000,227.47,227.6,227.45,227.58,77646
1221,2024-08-21 07:21:00,1724250060,227.57,227.6,227.43,227.53,63722
1222,2024-08-21 07:22:00,1724250120,227.55,227.58,227.36,227.44,50222
1223,2024-08-21 07:23:00,1724250180,227.45,227.57,227.41,227.5,36554
1224,2024-08-21 07:24:00,1724250240,227.5,227.6,227.48,227.52,35929
1225,2024-08-21 07:25:00,1724250300,227.51,227.53,227.32,227.39,41235
1226,2024-08-21 07:26:00,1724250360,227.38,227.4,227.25,227.27,44408
1227,2024-08-21 07:27:00,1724250420,227.27,227.36,227.23,227.31,34559
1228,2024-08-21 07:28:00,1724250480,227.31,227.43,227.26,227.33,53201
1229,2024-08-21 07:29:00,1724250540,227.34,227.39,227.21,227.23,60936
1230,2024-08-21 07:30:00,1724250600,227.23,227.26,227.16,227.23,39600
1231,2024-08-21 07:31:00,1724250660,227.23,227.29,227.19,227.23,29938
1232,2024-08-21 07:32:00,1724250720,227.24,227.27,226.75,226.95,95196
1233,2024-08-21 07:33:00,1724250780,226.95,227.13,226.79,227.12,87937
1234,2024-08-21 07:34:00,1724250840,227.13,227.21,227.08,227.13,38433
1235,2024-08-21 07:35:00,1724250900,227.14,227.22,227.09,227.14,40690
1236,2024-08-21 07:36:00,1724250960,227.14,227.67,227.14,227.58,177903
1237,2024-08-21 07:37:00,1724251020,227.59,227.64,227.44,227.55,56578
1238,2024-08-21 07:38:00,1724251080,227.56,227.62,227.51,227.59,51752
1239,2024-08-21 07:39:00,1724251140,227.61,227.61,227.49,227.6,52876
1240,2024-08-21 07:40:00,1724251200,227.6,227.74,227.56,227.7,79358
1241,2024-08-21 07:41:00,1724251260,227.7,227.9,227.7,227.86,70159
1242,2024-08-21 07:42:00,1724251320,227.86,227.9,227.78,227.84,79410
1243,2024-08-21 07:43:00,1724251380,227.87,227.91,227.83,227.89,67702
1244,2024-08-21 07:44:00,1724251440,227.89,227.91,227.71,227.77,56669
1245,2024-08-21 07:45:00,1724251500,227.79,227.89,227.78,227.88,47352
1246,2024-08-21 07:46:00,1724251560,227.88,227.98,227.86,227.9,62191
1247,2024-08-21 07:47:00,1724251620,227.89,227.93,227.6,227.67,96301
1248,2024-08-21 07:48:00,1724251680,227.66,227.67,227.19,227.23,82668
1249,2024-08-21 07:49:00,1724251740,227.26,227.28,227.05,227.16,38265
1250,2024-08-21 07:50:00,1724251800,227.16,227.26,226.55,226.63,143476
1251,2024-08-21 07:51:00,1724251860,226.68,226.68,226.43,226.59,74850
1252,2024-08-21 07:52:00,1724251920,226.61,226.64,226.0,226.26,164290
1253,2024-08-21 07:53:00,1724251980,226.24,226.46,226.2,226.33,74088
1254,2024-08-21 07:54:00,1724252040,226.3,226.31,225.91,225.95,139209
1255,2024-08-21 07:55:00,1724252100,225.94,226.19,225.87,225.99,85441
1256,2024-08-21 07:56:00,1724252160,225.97,226.21,225.95,226.16,72044
1257,2024-08-21 07:57:00,1724252220,226.17,226.25,226.1,226.22,72991
1258,2024-08-21 07:58:00,1724252280,226.22,226.35,226.18,226.26,67726
1259,2024-08-21 07:59:00,1724252340,226.28,226.39,226.26,226.28,65500
1260,2024-08-21 08:00:00,1724252400,226.26,226.28,226.17,226.27,39465
1261,2024-08-21 08:01:00,1724252460,226.29,226.3,225.95,226.16,97235
1262,2024-08-21 08:02:00,1724252520,226.17,226.29,226.08,226.29,46642
1263,2024-08-21 08:03:00,1724252580,226.28,226.34,226.15,226.33,46226
1264,2024-08-21 08:04:00,1724252640,226.32,226.45,226.3,226.39,47205
1265,2024-08-21 08:05:00,1724252700,226.39,226.49,226.38,226.44,54380
1266,2024-08-21 08:06:00,1724252760,226.45,226.52,226.45,226.51,29575
1267,2024-08-21 08:07:00,1724252820,226.52,226.7,226.51,226.6,52738
1268,2024-08-21 08:08:00,1724252880,226.6,226.62,226.5,226.54,30973
1269,2024-08-21 08:09:00,1724252940,226.55,226.6,226.52,226.59,39686
1270,2024-08-21 08:10:00,1724253000,226.59,226.62,226.54,226.61,34937
1271,2024-08-21 08:11:00,1724253060,226.62,226.74,226.61,226.67,73755
1272,2024-08-21 08:12:00,1724253120,226.68,226.7,226.58,226.61,38262
1273,2024-08-21 08:13:00,1724253180,226.6,226.78,226.6,226.77,38107
1274,2024-08-21 08:14:00,1724253240,226.77,226.89,226.65,226.89,50175
1275,2024-08-21 08:15:00,1724253300,226.87,226.98,226.83,226.92,41394
1276,2024-08-21 08:16:00,1724253360,226.92,226.98,226.9,226.93,55189
1277,2024-08-21 08:17:00,1724253420,226.95,226.95,226.75,226.81,44459
1278,2024-08-21 08:18:00,1724253480,226.8,226.89,226.79,226.84,20933
1279,2024-08-21 08:19:00,1724253540,226.85,226.86,226.61,226.68,43594
1280,2024-08-21 08:20:00,1724253600,226.68,226.81,226.68,226.73,28356
1281,2024-08-21 08:21:00,1724253660,226.74,226.75,226.58,226.61,39788
1282,2024-08-21 08:22:00,1724253720,226.62,226.75,226.59,226.73,28629
1283,2024-08-21 08:23:00,1724253780,226.73,226.73,226.58,226.6,29046
1284,2024-08-21 08:24:00,1724253840,226.61,226.63,226.5,226.59,49438
1285,2024-08-21 08:25:00,1724253900,226.61,226.63,226.49,226.58,30542
1286,2024-08-21 08:26:00,1724253960,226.58,226.67,226.47,226.47,46186
1287,2024-08-21 08:27:00,1724254020,226.48,226.63,226.48,226.56,30549
1288,2024-08-21 08:28:00,1724254080,226.56,226.64,226.56,226.59,25703
1289,2024-08-21 08:29:00,1724254140,226.59,226.6,226.49,226.49,21289
1290,2024-08-21 08:30:00,1724254200,226.5,226.5,226.37,226.39,40196
1291,2024-08-21 08:31:00,1724254260,226.4,226.5,226.32,226.46,48652
1292,2024-08-21 08:32:00,1724254320,226.45,226.47,226.39,226.45,27462
1293,2024-08-21 08:33:00,1724254380,226.45,226.46,226.4,226.46,17096
1294,2024-08-21 08:34:00,1724254440,226.46,226.5,226.33,226.35,32130
1295,2024-08-21 08:35:00,1724254500,226.36,226.4,226.34,226.37,20765
1296,2024-08-21 08:36:00,1724254560,226.37,226.59,226.36,226.57,31370
1297,2024-08-21 08:37:00,1724254620,226.55,226.56,226.48,226.5,36023
1298,2024-08-21 08:38:00,1724254680,226.51,226.54,226.41,226.44,29257
1299,2024-08-21 08:39:00,1724254740,226.44,226.5,226.4,226.46,16210
1300,2024-08-21 08:40:00,1724254800,226.49,226.56,226.48,226.5,17362
1301,2024-08-21 08:41:00,1724254860,226.49,226.53,226.37,226.44,44998
1302,2024-08-21 08:42:00,1724254920,226.44,226.46,226.3,226.39,39735
1303,2024-08-21 08:43:00,1724254980,226.39,226.42,226.32,226.32,22455
1304,2024-08-21 08:44:00,1724255040,226.33,226.4,226.33,226.39,27745
1305,2024-08-21 08:45:00,1724255100,226.4,226.56,226.4,226.56,24562
1306,2024-08-21 08:46:00,1724255160,226.56,226.59,226.51,226.51,31391
1307,2024-08-21 08:47:00,1724255220,226.5,226.5,226.4,226.41,33227
1308,2024-08-21 08:48:00,1724255280,226.42,226.42,226.32,226.33,31181
1309,2024-08-21 08:49:00,1724255340,226.34,226.35,226.15,226.18,39581
1310,2024-08-21 08:50:00,1724255400,226.19,226.21,226.1,226.13,67774
1311,2024-08-21 08:51:00,1724255460,226.12,226.13,225.76,225.88,114119
1312,2024-08-21 08:52:00,1724255520,225.86,225.88,225.75,225.8,70822
1313,2024-08-21 08:53:00,1724255580,225.78,226.05,225.78,226.0,69912
1314,2024-08-21 08:54:00,1724255640,225.99,226.05,225.96,225.98,40861
1315,2024-08-21 08:55:00,1724255700,225.98,226.1,225.96,226.09,34751
1316,2024-08-21 08:56:00,1724255760,226.09,226.11,226.01,226.04,32291
1317,2024-08-21 08:57:00,1724255820,226.05,226.07,225.93,226.04,37781
1318,2024-08-21 08:58:00,1724255880,226.04,226.09,226.01,226.02,23044
1319,2024-08-21 08:59:00,1724255940,226.02,226.22,226.02,226.21,29981
1320,2024-08-21 09:00:00,1724256000,226.21,226.21,226.04,226.09,22506
1321,2024-08-21 09:01:00,1724256060,226.1,226.11,226.03,226.09,26798
1322,2024-08-21 09:02:00,1724256120,226.08,226.1,225.71,225.71,61025
1323,2024-08-21 09:03:00,1724256180,225.71,225.94,225.63,225.91,51755
1324,2024-08-21 09:04:00,1724256240,225.91,225.91,225.71,225.77,41923
1325,2024-08-21 09:05:00,1724256300,225.78,225.93,225.77,225.84,31771
1326,2024-08-21 09:06:00,1724256360,225.85,225.92,225.79,225.91,29731
1327,2024-08-21 09:07:00,1724256420,225.9,225.9,225.82,225.89,26338
1328,2024-08-21 09:08:00,1724256480,225.89,226.03,225.89,225.95,40670
1329,2024-08-21 09:09:00,1724256540,225.95,225.98,225.85,225.9,40188
1330,2024-08-21 09:10:00,1724256600,225.89,226.0,225.81,225.99,40506
1331,2024-08-21 09:11:00,1724256660,225.98,226.03,225.95,225.97,37414
1332,2024-08-21 09:12:00,1724256720,225.97,226.07,225.87,225.94,35716
1333,2024-08-21 09:13:00,1724256780,225.94,225.97,225.91,225.97,20564
1334,2024-08-21 09:14:00,1724256840,225.98,225.99,225.9,225.95,25643
1335,2024-08-21 09:15:00,1724256900,225.93,226.02,225.89,225.89,21994
1336,2024-08-21 09:16:00,1724256960,225.89,226.03,225.89,226.01,23579
1337,2024-08-21 09:17:00,1724257020,226.0,226.03,225.95,225.95,29580
1338,2024-08-21 09:18:00,1724257080,225.94,225.97,225.89,225.97,21215
1339,2024-08-21 09:19:00,1724257140,225.95,226.14,225.95,226.13,29932
1340,2024-08-21 09:20:00,1724257200,226.13,226.23,226.12,226.13,37756
1341,2024-08-21 09:21:00,1724257260,226.12,226.19,226.07,226.14,40165
1342,2024-08-21 09:22:00,1724257320,226.14,226.15,226.06,226.14,29157
1343,2024-08-21 09:23:00,1724257380,226.13,226.17,226.1,226.1,32423
1344,2024-08-21 09:24:00,1724257440,226.1,226.18,226.08,226.17,31740
1345,2024-08-21 09:25:00,1724257500,226.17,226.2,226.11,226.19,29916
1346,2024-08-21 09:26:00,1724257560,226.2,226.21,226.14,226.18,20426
1347,2024-08-21 09:27:00,1724257620,226.18,226.28,226.18,226.21,34009
1348,2024-08-21 09:28:00,1724257680,226.2,226.25,226.17,226.19,12906
1349,2024-08-21 09:29:00,1724257740,226.19,226.27,226.18,226.24,16594
1350,2024-08-21 09:30:00,1724257800,226.25,226.33,226.23,226.29,29561
1351,2024-08-21 09:31:00,1724257860,226.29,226.3,226.19,226.19,38982
1352,2024-08-21 09:32:00,1724257920,226.2,226.29,226.16,226.26,34786
1353,2024-08-21 09:33:00,1724257980,226.27,226.38,226.19,226.35,24299
1354,2024-08-21 09:34:00,1724258040,226.33,226.38,226.3,226.36,20113
1355,2024-08-21 09:35:00,1724258100,226.36,226.41,226.35,226.37,42834
1356,2024-08-21 09:36:00,1724258160,226.37,226.38,226.27,226.3,16598
1357,2024-08-21 09:37:00,1724258220,226.3,226.36,226.26,226.3,24742
1358,2024-08-21 09:38:00,1724258280,226.31,226.34,226.23,226.33,27498
1359,2024-08-21 09:39:00,1724258340,226.32,226.37,226.29,226.36,14268
1360,2024-08-21 09:40:00,1724258400,226.35,226.35,226.25,226.28,37245
1361,2024-08-21 09:41:00,1724258460,226.29,226.32,226.27,226.27,18948
1362,2024-08-21 09:42:00,1724258520,226.28,226.36,226.28,226.31,21905
1363,2024-08-21 09:43:00,1724258580,226.3,226.3,226.17,226.18,29831
1364,2024-08-21 09:44:00,1724258640,226.18,226.18,226.1,226.11,44082
1365,2024-08-21 09:45:00,1724258700,226.11,226.2,226.07,226.2,27756
1366,2024-08-21 09:46:00,1724258760,226.21,226.23,226.13,226.14,24450
1367,2024-08-21 09:47:00,1724258820,226.15,226.28,226.14,226.27,17199
1368,2024-08-21 09:48:00,1724258880,226.27,226.31,226.22,226.31,16261
1369,2024-08-21 09:49:00,1724258940,226.29,226.32,226.25,226.32,16134
1370,2024-08-21 09:50:00,1724259000,226.31,226.38,226.31,226.37,13878
1371,2024-08-21 09:51:00,1724259060,226.36,226.43,226.34,226.39,37472
1372,2024-08-21 09:52:00,1724259120,226.4,226.43,226.35,226.4,23672
1373,2024-08-21 09:53:00,1724259180,226.4,226.41,226.31,226.36,11027
1374,2024-08-21 09:54:00,1724259240,226.37,226.45,226.37,226.42,24959
1375,2024-08-21 09:55:00,1724259300,226.43,226.45,226.41,226.41,23435
1376,2024-08-21 09:56:00,1724259360,226.41,226.41,226.31,226.31,19861
1377,2024-08-21 09:57:00,1724259420,226.31,226.35,226.26,226.35,20277
1378,2024-08-21 09:58:00,1724259480,226.36,226.5,226.32,226.5,42117
1379,2024-08-21 09:59:00,1724259540,226.48,226.51,226.42,226.42,37215
1380,2024-08-21 10:00:00,1724259600,226.42,226.45,226.33,226.34,17581
1381,2024-08-21 10:01:00,1724259660,226.34,226.43,226.32,226.39,11354
1382,2024-08-21 10:02:00,1724259720,226.39,226.45,226.38,226.43,26820
1383,2024-08-21 10:03:00,1724259780,226.44,226.44,226.37,226.44,18005
1384,2024-08-21 10:04:00,1724259840,226.44,226.46,226.41,226.44,16815
1385,2024-08-21 10:05:00,1724259900,226.43,226.46,226.32,226.34,19344
1386,2024-08-21 10:06:00,1724259960,226.34,226.39,226.31,226.33,13481
1387,2024-08-21 10:07:00,1724260020,226.34,226.35,226.24,226.28,17606
1388,2024-08-21 10:08:00,1724260080,226.28,226.33,226.26,226.28,101536
1389,2024-08-21 10:09:00,1724260140,226.27,226.29,226.22,226.26,34650
1390,2024-08-21 10:10:00,1724260200,226.26,226.33,226.2,226.31,16536
1391,2024-08-21 10:11:00,1724260260,226.29,226.33,226.26,226.32,30343
1392,2024-08-21 10:12:00,1724260320,226.32,226.34,226.28,226.29,18172
1393,2024-08-21 10:13:00,1724260380,226.29,226.3,226.25,226.25,23966
1394,2024-08-21 10:14:00,1724260440,226.25,226.26,226.19,226.2,13810
1395,2024-08-21 10:15:00,1724260500,226.2,226.21,226.1,226.14,30940
1396,2024-08-21 10:16:00,1724260560,226.14,226.16,226.1,226.13,21040
1397,2024-08-21 10:17:00,1724260620,226.13,226.13,226.09,226.11,18236
1398,2024-08-21 10:18:00,1724260680,226.11,226.13,226.0,226.02,53663
1399,2024-08-21 10:19:00,1724260740,226.02,226.04,226.0,226.03,17583
1400,2024-08-21 10:20:00,1724260800,226.03,226.08,225.99,225.99,39214
1401,2024-08-21 10:21:00,1724260860,225.99,226.01,225.96,226.01,32962
1402,2024-08-21 10:22:00,1724260920,226.0,226.06,225.97,226.0,27136
1403,2024-08-21 10:23:00,1724260980,226.01,226.01,225.92,225.97,26538
1404,2024-08-21 10:24:00,1724261040,225.96,226.03,225.96,226.02,25077
1405,2024-08-21 10:25:00,1724261100,226.03,226.1,226.0,226.06,25803
1406,2024-08-21 10:26:00,1724261160,226.06,226.11,226.05,226.1,25360
1407,2024-08-21 10:27:00,1724261220,226.11,226.13,226.08,226.08,22512
1408,2024-08-21 10:28:00,1724261280,226.09,226.09,225.99,225.99,23007
1409,2024-08-21 10:29:00,1724261340,225.98,226.09,225.94,226.0,42150
1410,2024-08-21 10:30:00,1724261400,226.01,226.09,226.0,226.07,22818
1411,2024-08-21 10:31:00,1724261460,226.08,226.09,226.02,226.09,17922
1412,2024-08-21 10:32:00,1724261520,226.07,226.11,226.04,226.05,26097
1413,2024-08-21 10:33:00,1724261580,226.05,226.08,226.04,226.06,18732
1414,2024-08-21 10:34:00,1724261640,226.06,226.14,226.06,226.07,23941
1415,2024-08-21 10:35:00,1724261700,226.07,226.09,226.02,226.04,25218
1416,2024-08-21 10:36:00,1724261760,226.03,226.03,225.86,225.93,64314
1417,2024-08-21 10:37:00,1724261820,225.94,225.94,225.88,225.93,31004
1418,2024-08-21 10:38:00,1724261880,225.93,225.98,225.91,225.94,25282
1419,2024-08-21 10:39:00,1724261940,225.94,226.01,225.93,225.97,31692
1420,2024-08-21 10:40:00,1724262000,225.96,225.96,225.83,225.83,37044
1421,2024-08-21 10:41:00,1724262060,225.83,225.92,225.83,225.92,22098
1422,2024-08-21 10:42:00,1724262120,225.92,225.94,225.84,225.86,29771
1423,2024-08-21 10:43:00,1724262180,225.86,225.95,225.84,225.91,22357
1424,2024-08-21 10:44:00,1724262240,225.9,225.95,225.88,225.91,12308
1425,2024-08-21 10:45:00,1724262300,225.9,225.94,225.89,225.92,9191
1426,2024-08-21 10:46:00,1724262360,225.93,225.95,225.89,225.92,28285
1427,2024-08-21 10:47:00,1724262420,225.93,226.01,225.92,225.97,31891
1428,2024-08-21 10:48:00,1724262480,225.98,226.07,225.97,225.99,31803
1429,2024-08-21 10:49:00,1724262540,225.98,226.01,225.96,226.0,26020
1430,2024-08-21 10:50:00,1724262600,225.99,226.08,225.99,226.08,38684
1431,2024-08-21 10:51:00,1724262660,226.08,226.11,226.05,226.09,31059
1432,2024-08-21 10:52:00,1724262720,226.08,226.13,226.05,226.12,23929
1433,2024-08-21 10:53:00,1724262780,226.12,226.15,226.1,226.14,28029
1434,2024-08-21 10:54:00,1724262840,226.14,226.2,226.14,226.19,33348
1435,2024-08-21 10:55:00,1724262900,226.19,226.24,226.18,226.23,33344
1436,2024-08-21 10:56:00,1724262960,226.23,226.24,226.15,226.16,27098
1437,2024-08-21 10:57:00,1724263020,226.16,226.23,226.16,226.21,46263
1438,2024-08-21 10:58:00,1724263080,226.2,226.21,226.18,226.2,16915
1439,2024-08-21 10:59:00,1724263140,226.2,226.21,226.13,226.15,30788
1440,2024-08-21 11:00:00,1724263200,226.17,226.42,226.08,226.38,129192
1441,2024-08-21 11:01:00,1724263260,226.41,226.41,226.17,226.18,36412
1442,2024-08-21 11:02:00,1724263320,226.19,226.21,225.86,225.97,51688
1443,2024-08-21 11:03:00,1724263380,225.99,226.15,225.96,226.12,32443
1444,2024-08-21 11:04:00,1724263440,226.12,226.19,226.1,226.11,22540
1445,2024-08-21 11:05:00,1724263500,226.12,226.16,225.91,226.11,42421
1446,2024-08-21 11:06:00,1724263560,226.09,226.23,226.09,226.23,34977
1447,2024-08-21 11:07:00,1724263620,226.23,226.4,226.23,226.39,43373
1448,2024-08-21 11:08:00,1724263680,226.39,226.4,226.29,226.3,28218
1449,2024-08-21 11:09:00,1724263740,226.33,226.34,226.22,226.32,32422
1450,2024-08-21 11:10:00,1724263800,226.31,226.37,226.28,226.32,33009
1451,2024-08-21 11:11:00,1724263860,226.31,226.34,226.25,226.29,11147
1452,2024-08-21 11:12:00,1724263920,226.29,226.29,226.19,226.22,16290
1453,2024-08-21 11:13:00,1724263980,226.2,226.29,226.18,226.29,15443
1454,2024-08-21 11:14:00,1724264040,226.27,226.31,226.24,226.27,12724
1455,2024-08-21 11:15:00,1724264100,226.26,226.35,226.22,226.3,20308
1456,2024-08-21 11:16:00,1724264160,226.31,226.36,226.28,226.32,16170
1457,2024-08-21 11:17:00,1724264220,226.33,226.38,226.31,226.36,31195
1458,2024-08-21 11:18:00,1724264280,226.36,226.37,226.22,226.24,27489
1459,2024-08-21 11:19:00,1724264340,226.26,226.34,226.26,226.28,17327
1460,2024-08-21 11:20:00,1724264400,226.28,226.33,226.26,226.32,14306
1461,2024-08-21 11:21:00,1724264460,226.31,226.34,226.21,226.26,23612
1462,2024-08-21 11:22:00,1724264520,226.26,226.32,226.22,226.23,19114
1463,2024-08-21 11:23:00,1724264580,226.24,226.29,226.21,226.29,19413
1464,2024-08-21 11:24:00,1724264640,226.28,226.28,226.21,226.25,24241
1465,2024-08-21 11:25:00,1724264700,226.26,226.37,226.26,226.36,38630
1466,2024-08-21 11:26:00,1724264760,226.36,226.36,226.32,226.34,27196
1467,2024-08-21 11:27:00,1724264820,226.35,226.38,226.31,226.34,26513
1468,2024-08-21 11:28:00,1724264880,226.35,226.45,226.34,226.44,77639
1469,2024-08-21 11:29:00,1724264940,226.44,226.46,226.37,226.45,40602
1470,2024-08-21 11:30:00,1724265000,226.45,226.58,226.42,226.56,96596
1471,2024-08-21 11:31:00,1724265060,226.56,226.57,226.44,226.48,25945
1472,2024-08-21 11:32:00,1724265120,226.49,226.58,226.49,226.55,38435
1473,2024-08-21 11:33:00,1724265180,226.55,226.58,226.5,226.53,48877
1474,2024-08-21 11:34:00,1724265240,226.53,226.57,226.52,226.52,31195
1475,2024-08-21 11:35:00,1724265300,226.52,226.53,226.2,226.21,40207
1476,2024-08-21 11:36:00,1724265360,226.22,226.34,226.2,226.33,74739
1477,2024-08-21 11:37:00,1724265420,226.33,226.36,226.31,226.33,17592
1478,2024-08-21 11:38:00,1724265480,226.33,226.34,225.98,226.09,35566
1479,2024-08-21 11:39:00,1724265540,226.11,226.19,226.07,226.14,25540
1480,2024-08-21 11:40:00,1724265600,226.16,226.19,226.08,226.15,20909
1481,2024-08-21 11:41:00,1724265660,226.14,226.2,226.08,226.15,22083
1482,2024-08-21 11:42:00,1724265720,226.15,226.19,226.13,226.16,25189
1483,2024-08-21 11:43:00,1724265780,226.17,226.24,226.14,226.23,23778
1484,2024-08-21 11:44:00,1724265840,226.23,226.25,226.17,226.21,23038
1485,2024-08-21 11:45:00,1724265900,226.21,226.22,226.05,226.13,37230
1486,2024-08-21 11:46:00,1724265960,226.14,226.24,226.1,226.23,23629
1487,2024-08-21 11:47:00,1724266020,226.23,226.24,226.18,226.23,17225
1488,2024-08-21 11:48:00,1724266080,226.24,226.27,226.21,226.22,23109
1489,2024-08-21 11:49:00,1724266140,226.23,226.27,226.2,226.25,12930
1490,2024-08-21 11:50:00,1724266200,226.25,226.29,226.16,226.25,57679
1491,2024-08-21 11:51:00,1724266260,226.25,226.38,226.23,226.36,32606
1492,2024-08-21 11:52:00,1724266320,226.35,226.4,226.32,226.36,21262
1493,2024-08-21 11:53:00,1724266380,226.37,226.44,226.32,226.43,18988
1494,2024-08-21 11:54:00,1724266440,226.43,226.44,226.39,226.43,17623
1495,2024-08-21 11:55:00,1724266500,226.43,226.48,226.42,226.48,67723
1496,2024-08-21 11:56:00,1724266560,226.48,226.49,226.34,226.48,29565
1497,2024-08-21 11:57:00,1724266620,226.47,226.48,226.39,226.44,22700
1498,2024-08-21 11:58:00,1724266680,226.44,226.49,226.43,226.43,12307
1499,2024-08-21 11:59:00,1724266740,226.44,226.48,226.38,226.42,17698
1500,2024-08-21 12:00:00,1724266800,226.41,226.48,226.34,226.34,34678
1501,2024-08-21 12:01:00,1724266860,226.37,226.37,226.28,226.29,22886
1502,2024-08-21 12:02:00,1724266920,226.3,226.33,226.16,226.21,25699
1503,2024-08-21 12:03:00,1724266980,226.21,226.28,226.17,226.17,19092
1504,2024-08-21 12:04:00,1724267040,226.17,226.19,226.08,226.17,74190
1505,2024-08-21 12:05:00,1724267100,226.16,226.23,226.15,226.23,23064
1506,2024-08-21 12:06:00,1724267160,226.23,226.24,226.1,226.16,46685
1507,2024-08-21 12:07:00,1724267220,226.16,226.17,226.08,226.1,28772
1508,2024-08-21 12:08:00,1724267280,226.11,226.16,226.1,226.11,26160
1509,2024-08-21 12:09:00,1724267340,226.12,226.12,225.93,226.08,52002
1510,2024-08-21 12:10:00,1724267400,226.08,226.15,226.01,226.08,73205
1511,2024-08-21 12:11:00,1724267460,226.07,226.11,225.99,226.05,22458
1512,2024-08-21 12:12:00,1724267520,226.06,226.07,225.99,226.03,29067
1513,2024-08-21 12:13:00,1724267580,226.03,226.05,225.99,226.01,25677
1514,2024-08-21 12:14:00,1724267640,226.0,226.04,225.95,225.96,19926
1515,2024-08-21 12:15:00,1724267700,225.96,225.98,225.81,225.9,50078
1516,2024-08-21 12:16:00,1724267760,225.9,225.94,225.86,225.92,20172
1517,2024-08-21 12:17:00,1724267820,225.93,225.93,225.67,225.7,53927
1518,2024-08-21 12:18:00,1724267880,225.7,225.76,225.69,225.74,34377
1519,2024-08-21 12:19:00,1724267940,225.73,225.77,225.68,225.71,34383
1520,2024-08-21 12:20:00,1724268000,225.71,225.77,225.42,225.5,71478
1521,2024-08-21 12:21:00,1724268060,225.5,225.64,225.46,225.62,55832
1522,2024-08-21 12:22:00,1724268120,225.62,225.64,225.33,225.41,51095
1523,2024-08-21 12:23:00,1724268180,225.41,225.46,225.39,225.4,29151
1524,2024-08-21 12:24:00,1724268240,225.39,225.56,225.38,225.54,41366
1525,2024-08-21 12:25:00,1724268300,225.54,225.7,225.48,225.7,40148
1526,2024-08-21 12:26:00,1724268360,225.7,225.86,225.7,225.79,35804
1527,2024-08-21 12:27:00,1724268420,225.82,225.83,225.68,225.68,47530
1528,2024-08-21 12:28:00,1724268480,225.69,225.78,225.69,225.75,29428
1529,2024-08-21 12:29:00,1724268540,225.75,225.84,225.74,225.77,30790
1530,2024-08-21 12:30:00,1724268600,225.78,225.79,225.59,225.59,46631
1531,2024-08-21 12:31:00,1724268660,225.59,225.77,225.55,225.77,39927
1532,2024-08-21 12:32:00,1724268720,225.77,225.77,225.55,225.56,35687
1533,2024-08-21 12:33:00,1724268780,225.56,225.71,225.56,225.68,29320
1534,2024-08-21 12:34:00,1724268840,225.67,225.7,225.64,225.68,19436
1535,2024-08-21 12:35:00,1724268900,225.69,225.72,225.62,225.65,28095
1536,2024-08-21 12:36:00,1724268960,225.65,225.67,225.58,225.59,46189
1537,2024-08-21 12:37:00,1724269020,225.59,225.6,225.51,225.53,30011
1538,2024-08-21 12:38:00,1724269080,225.53,225.63,225.51,225.62,24492
1539,2024-08-21 12:39:00,1724269140,225.62,225.75,225.59,225.74,42839
1540,2024-08-21 12:40:00,1724269200,225.74,225.77,225.71,225.73,41670
1541,2024-08-21 12:41:00,1724269260,225.73,225.75,225.22,225.34,241713
1542,2024-08-21 12:42:00,1724269320,225.34,225.63,225.34,225.56,93228
1543,2024-08-21 12:43:00,1724269380,225.56,225.58,225.3,225.34,56188
1544,2024-08-21 12:44:00,1724269440,225.34,225.44,225.34,225.4,36296
1545,2024-08-21 12:45:00,1724269500,225.4,225.53,225.36,225.43,37975
1546,2024-08-21 12:46:00,1724269560,225.45,225.7,225.45,225.65,53932
1547,2024-08-21 12:47:00,1724269620,225.64,225.79,225.63,225.78,41346
1548,2024-08-21 12:48:00,1724269680,225.77,225.83,225.72,225.82,40943
1549,2024-08-21 12:49:00,1724269740,225.81,225.95,225.76,225.95,64543
1550,2024-08-21 12:50:00,1724269800,225.94,226.19,225.93,226.12,144791
1551,2024-08-21 12:51:00,1724269860,226.12,226.26,226.07,226.23,85714
1552,2024-08-21 12:52:00,1724269920,226.23,226.24,226.07,226.19,80424
1553,2024-08-21 12:53:00,1724269980,226.18,226.24,226.08,226.19,66011
1554,2024-08-21 12:54:00,1724270040,226.2,226.43,226.18,226.36,160262
1555,2024-08-21 12:55:00,1724270100,226.36,226.45,226.24,226.39,160608
1556,2024-08-21 12:56:00,1724270160,226.39,226.43,226.35,226.41,130005
1557,2024-08-21 12:57:00,1724270220,226.41,226.49,226.38,226.47,178466
1558,2024-08-21 12:58:00,1724270280,226.48,226.55,226.44,226.52,191111
1559,2024-08-21 12:59:00,1724270340,226.52,226.56,226.26,226.36,656579
1560,2024-08-22 06:30:00,1724333400,227.77,227.79,227.13,227.67,567238
1561,2024-08-22 06:31:00,1724333460,227.66,227.8,226.96,227.18,193885
1562,2024-08-22 06:32:00,1724333520,227.2,227.3,226.94,227.26,139497
1563,2024-08-22 06:33:00,1724333580,227.26,227.49,227.11,227.22,81836
1564,2024-08-22 06:34:00,1724333640,227.22,227.23,227.11,227.2,89154
1565,2024-08-22 06:35:00,1724333700,227.2,227.39,227.05,227.19,107979
1566,2024-08-22 06:36:00,1724333760,227.2,227.37,227.12,227.37,91527
1567,2024-08-22 06:37:00,1724333820,227.36,227.47,227.12,227.12,109346
1568,2024-08-22 06:38:00,1724333880,227.12,227.21,227.06,227.1,79443
1569,2024-08-22 06:39:00,1724333940,227.09,227.27,226.98,227.17,100273
1570,2024-08-22 06:40:00,1724334000,227.18,227.4,227.14,227.38,85524
1571,2024-08-22 06:41:00,1724334060,227.37,227.39,227.18,227.3,47295
1572,2024-08-22 06:42:00,1724334120,227.32,227.45,227.26,227.37,74754
1573,2024-08-22 06:43:00,1724334180,227.36,227.38,226.96,226.97,97764
1574,2024-08-22 06:44:00,1724334240,226.98,227.03,226.84,226.95,116148
1575,2024-08-22 06:45:00,1724334300,226.95,227.38,226.69,227.08,174388
1576,2024-08-22 06:46:00,1724334360,227.08,227.24,226.95,227.24,117729
1577,2024-08-22 06:47:00,1724334420,227.23,227.38,227.18,227.36,76166
1578,2024-08-22 06:48:00,1724334480,227.36,227.58,227.25,227.57,101968
1579,2024-08-22 06:49:00,1724334540,227.56,227.63,227.31,227.48,104096
1580,2024-08-22 06:50:00,1724334600,227.47,227.6,227.33,227.57,72615
1581,2024-08-22 06:51:00,1724334660,227.55,228.07,227.5,228.0,321545
1582,2024-08-22 06:52:00,1724334720,227.99,228.07,227.66,227.69,178394
1583,2024-08-22 06:53:00,1724334780,227.7,227.99,227.7,227.97,78826
1584,2024-08-22 06:54:00,1724334840,227.97,228.09,227.93,228.06,138259
1585,2024-08-22 06:55:00,1724334900,228.07,228.21,227.99,228.19,137429
1586,2024-08-22 06:56:00,1724334960,228.19,228.24,228.08,228.21,112392
1587,2024-08-22 06:57:00,1724335020,228.21,228.34,228.19,228.32,251330
1588,2024-08-22 06:58:00,1724335080,228.34,228.34,228.15,228.24,110564
1589,2024-08-22 06:59:00,1724335140,228.23,228.24,227.8,227.93,235131
1590,2024-08-22 07:00:00,1724335200,227.96,228.19,227.92,228.01,115923
1591,2024-08-22 07:01:00,1724335260,228.02,228.2,227.89,228.03,69683
1592,2024-08-22 07:02:00,1724335320,228.05,228.16,227.94,228.05,71947
1593,2024-08-22 07:03:00,1724335380,228.05,228.25,228.05,228.24,81071
1594,2024-08-22 07:04:00,1724335440,228.24,228.29,228.02,228.08,87025
1595,2024-08-22 07:05:00,1724335500,228.08,228.22,228.04,228.04,50952
1596,2024-08-22 07:06:00,1724335560,228.01,228.05,227.71,227.85,121601
1597,2024-08-22 07:07:00,1724335620,227.85,227.86,227.35,227.47,145337
1598,2024-08-22 07:08:00,1724335680,227.47,227.56,227.25,227.34,117453
1599,2024-08-22 07:09:00,1724335740,227.34,227.47,227.18,227.21,62442
1600,2024-08-22 07:10:00,1724335800,227.21,227.3,227.14,227.28,92357
1601,2024-08-22 07:11:00,1724335860,227.25,227.26,226.95,227.02,184988
1602,2024-08-22 07:12:00,1724335920,227.02,227.18,226.93,226.98,77638
1603,2024-08-22 07:13:00,1724335980,226.98,227.19,226.95,227.14,59021
1604,2024-08-22 07:14:00,1724336040,227.16,227.28,227.14,227.24,54044
1605,2024-08-22 07:15:00,1724336100,227.23,227.25,227.01,227.06,86722
1606,2024-08-22 07:16:00,1724336160,227.07,227.13,226.83,226.9,88706
1607,2024-08-22 07:17:00,1724336220,226.92,227.05,226.88,227.03,53912
1608,2024-08-22 07:18:00,1724336280,227.02,227.07,226.87,227.0,66256
1609,2024-08-22 07:19:00,1724336340,227.04,227.08,226.92,226.93,36992
1610,2024-08-22 07:20:00,1724336400,226.93,226.96,226.55,226.73,101841
1611,2024-08-22 07:21:00,1724336460,226.73,227.08,226.63,227.04,106244
1612,2024-08-22 07:22:00,1724336520,227.06,227.12,226.92,227.03,55193
1613,2024-08-22 07:23:00,1724336580,227.05,227.15,227.01,227.06,64650
1614,2024-08-22 07:24:00,1724336640,227.07,227.12,226.96,227.02,49311
1615,2024-08-22 07:25:00,1724336700,227.02,227.1,226.93,226.96,30715
1616,2024-08-22 07:26:00,1724336760,226.96,227.0,226.86,226.95,45033
1617,2024-08-22 07:27:00,1724336820,226.93,226.98,226.86,226.88,45886
1618,2024-08-22 07:28:00,1724336880,226.89,226.95,226.66,226.67,43969
1619,2024-08-22 07:29:00,1724336940,226.66,226.8,226.61,226.78,48931
1620,2024-08-22 07:30:00,1724337000,226.76,226.76,226.48,226.53,64915
1621,2024-08-22 07:31:00,1724337060,226.53,226.62,226.37,226.61,53182
1622,2024-08-22 07:32:00,1724337120,226.6,226.64,226.52,226.59,32760
1623,2024-08-22 07:33:00,1724337180,226.56,226.77,226.54,226.71,35874
1624,2024-08-22 07:34:00,1724337240,226.72,226.85,226.72,226.83,33384
1625,2024-08-22 07:35:00,1724337300,226.81,226.93,226.69,226.85,56457
1626,2024-08-22 07:36:00,1724337360,226.84,226.93,226.82,226.9,29970
1627,2024-08-22 07:37:00,1724337420,226.89,226.98,226.85,226.9,32876
1628,2024-08-22 07:38:00,1724337480,226.89,226.9,226.78,226.84,20859
1629,2024-08-22 07:39:00,1724337540,226.85,226.96,226.74,226.96,28597
1630,2024-08-22 07:40:00,1724337600,226.95,227.01,226.89,226.92,47144
1631,2024-08-22 07:41:00,1724337660,226.91,227.05,226.91,227.01,34964
1632,2024-08-22 07:42:00,1724337720,227.0,227.0,226.9,226.98,34098
1633,2024-08-22 07:43:00,1724337780,226.99,226.99,226.8,226.87,37165
1634,2024-08-22 07:44:00,1724337840,226.9,227.04,226.8,226.83,33856
1635,2024-08-22 07:45:00,1724337900,226.85,226.91,226.76,226.88,36215
1636,2024-08-22 07:46:00,1724337960,226.9,226.94,226.62,226.7,53563
1637,2024-08-22 07:47:00,1724338020,226.69,226.75,226.6,226.71,28936
1638,2024-08-22 07:48:00,1724338080,226.7,226.9,226.66,226.84,32043
1639,2024-08-22 07:49:00,1724338140,226.82,226.85,226.46,226.54,52460
1640,2024-08-22 07:50:00,1724338200,226.55,226.78,226.54,226.78,29967
1641,2024-08-22 07:51:00,1724338260,226.77,226.78,226.67,226.75,28845
1642,2024-08-22 07:52:00,1724338320,226.74,226.81,226.61,226.81,32237
1643,2024-08-22 07:53:00,1724338380,226.81,226.89,226.8,226.84,24861
1644,2024-08-22 07:54:00,1724338440,226.85,226.98,226.84,226.93,37560
1645,2024-08-22 07:55:00,1724338500,226.92,226.97,226.83,226.94,27330
1646,2024-08-22 07:56:00,1724338560,226.94,226.94,226.78,226.82,51085
1647,2024-08-22 07:57:00,1724338620,226.81,226.84,226.75,226.78,35824
1648,2024-08-22 07:58:00,1724338680,226.78,226.79,226.6,226.61,24368
1649,2024-08-22 07:59:00,1724338740,226.61,226.79,226.61,226.79,23610
1650,2024-08-22 08:00:00,1724338800,226.79,226.9,226.74,226.84,34088
1651,2024-08-22 08:01:00,1724338860,226.86,226.97,226.86,226.93,35676
1652,2024-08-22 08:02:00,1724338920,226.93,227.05,226.92,227.04,60047
1653,2024-08-22 08:03:00,1724338980,227.04,227.09,227.01,227.07,41104
1654,2024-08-22 08:04:00,1724339040,227.08,227.08,226.99,227.05,42825
1655,2024-08-22 08:05:00,1724339100,227.05,227.21,227.04,227.14,135236
1656,2024-08-22 08:06:00,1724339160,227.14,227.21,227.1,227.2,38958
1657,2024-08-22 08:07:00,1724339220,227.2,227.21,227.12,227.14,49345
1658,2024-08-22 08:08:00,1724339280,227.13,227.17,227.02,227.11,35509
1659,2024-08-22 08:09:00,1724339340,227.1,227.11,226.86,226.9,41713
1660,2024-08-22 08:10:00,1724339400,226.91,226.94,226.68,226.83,109399
1661,2024-08-22 08:11:00,1724339460,226.83,226.93,226.77,226.92,46696
1662,2024-08-22 08:12:00,1724339520,226.92,227.13,226.84,227.09,45323
1663,2024-08-22 08:13:00,1724339580,227.07,227.1,227.0,227.06,25924
1664,2024-08-22 08:14:00,1724339640,227.05,227.13,227.04,227.11,18440
1665,2024-08-22 08:15:00,1724339700,227.1,227.11,226.96,227.03,32797
1666,2024-08-22 08:16:00,1724339760,227.02,227.14,227.0,227.11,26099
1667,2024-08-22 08:17:00,1724339820,227.09,227.16,226.98,227.03,45559
1668,2024-08-22 08:18:00,1724339880,227.04,227.08,226.92,226.98,18926
1669,2024-08-22 08:19:00,1724339940,226.98,226.99,226.62,226.62,38554
1670,2024-08-22 08:20:00,1724340000,226.63,226.67,226.37,226.54,95520
1671,2024-08-22 08:21:00,1724340060,226.55,226.59,226.42,226.53,65882
1672,2024-08-22 08:22:00,1724340120,226.54,226.73,226.46,226.71,36624
1673,2024-08-22 08:23:00,1724340180,226.7,226.72,226.58,226.62,26399
1674,2024-08-22 08:24:00,1724340240,226.63,226.74,226.52,226.69,38444
1675,2024-08-22 08:25:00,1724340300,226.68,226.68,226.52,226.58,27578
1676,2024-08-22 08:26:00,1724340360,226.57,226.67,226.54,226.62,19784
1677,2024-08-22 08:27:00,1724340420,226.62,226.65,226.44,226.53,138904
1678,2024-08-22 08:28:00,1724340480,226.52,226.53,226.25,226.28,47157
1679,2024-08-22 08:29:00,1724340540,226.29,226.33,226.13,226.18,38339
1680,2024-08-22 08:30:00,1724340600,226.16,226.28,226.09,226.15,50410
1681,2024-08-22 08:31:00,1724340660,226.15,226.24,226.07,226.22,47222
1682,2024-08-22 08:32:00,1724340720,226.21,226.23,226.07,226.08,31229
1683,2024-08-22 08:33:00,1724340780,226.09,226.13,225.73,225.83,104623
1684,2024-08-22 08:34:00,1724340840,225.84,225.91,225.73,225.83,108771
1685,2024-08-22 08:35:00,1724340900,225.85,226.12,225.8,226.02,51712
1686,2024-08-22 08:36:00,1724340960,226.0,226.07,225.89,225.99,31377
1687,2024-08-22 08:37:00,1724341020,225.99,225.99,225.85,225.87,24998
1688,2024-08-22 08:38:00,1724341080,225.88,225.88,225.69,225.69,52152
1689,2024-08-22 08:39:00,1724341140,225.7,225.72,225.59,225.65,38052
1690,2024-08-22 08:40:00,1724341200,225.65,225.7,225.53,225.53,37839
1691,2024-08-22 08:41:00,1724341260,225.54,225.76,225.51,225.72,53059
1692,2024-08-22 08:42:00,1724341320,225.74,225.77,225.44,225.44,65048
1693,2024-08-22 08:43:00,1724341380,225.44,225.44,224.92,225.03,183190
1694,2024-08-22 08:44:00,1724341440,225.05,225.3,225.03,225.15,68469
1695,2024-08-22 08:45:00,1724341500,225.17,225.39,225.12,225.38,59076
1696,2024-08-22 08:46:00,1724341560,225.38,225.53,225.22,225.51,56215
1697,2024-08-22 08:47:00,1724341620,225.51,225.59,225.35,225.35,50467
1698,2024-08-22 08:48:00,1724341680,225.37,225.37,225.05,225.16,46391
1699,2024-08-22 08:49:00,1724341740,225.16,225.24,225.11,225.21,33919
1700,2024-08-22 08:50:00,1724341800,225.22,225.43,225.13,225.33,47622
1701,2024-08-22 08:51:00,1724341860,225.32,225.43,225.22,225.37,44448
1702,2024-08-22 08:52:00,1724341920,225.36,225.5,225.31,225.4,30765
1703,2024-08-22 08:53:00,1724341980,225.39,225.39,225.22,225.35,21032
1704,2024-08-22 08:54:00,1724342040,225.34,225.39,225.24,225.3,25229
1705,2024-08-22 08:55:00,1724342100,225.3,225.46,225.3,225.31,27509
1706,2024-08-22 08:56:00,1724342160,225.31,225.52,225.3,225.49,36735
1707,2024-08-22 08:57:00,1724342220,225.47,225.54,225.43,225.53,33661
1708,2024-08-22 08:58:00,1724342280,225.53,225.72,225.51,225.66,64674
1709,2024-08-22 08:59:00,1724342340,225.65,225.68,225.5,225.51,27767
1710,2024-08-22 09:00:00,1724342400,225.51,225.61,225.49,225.52,25010
1711,2024-08-22 09:01:00,1724342460,225.52,225.72,225.51,225.65,36805
1712,2024-08-22 09:02:00,1724342520,225.67,225.78,225.59,225.72,39221
1713,2024-08-22 09:03:00,1724342580,225.73,225.77,225.64,225.75,23371
1714,2024-08-22 09:04:00,1724342640,225.75,225.88,225.73,225.77,40516
1715,2024-08-22 09:05:00,1724342700,225.76,225.89,225.69,225.84,23850
1716,2024-08-22 09:06:00,1724342760,225.86,225.9,225.77,225.85,27929
1717,2024-08-22 09:07:00,1724342820,225.85,225.96,225.84,225.95,29213
1718,2024-08-22 09:08:00,1724342880,225.95,225.97,225.81,225.82,19902
1719,2024-08-22 09:09:00,1724342940,225.81,226.0,225.81,226.0,21195
1720,2024-08-22 09:10:00,1724343000,225.98,226.01,225.72,225.74,47634
1721,2024-08-22 09:11:00,1724343060,225.74,225.82,225.72,225.78,25660
1722,2024-08-22 09:12:00,1724343120,225.79,225.93,225.72,225.92,23011
1723,2024-08-22 09:13:00,1724343180,225.9,225.96,225.74,225.78,30078
1724,2024-08-22 09:14:00,1724343240,225.77,225.81,225.67,225.78,26007
1725,2024-08-22 09:15:00,1724343300,225.78,225.87,225.72,225.78,35372
1726,2024-08-22 09:16:00,1724343360,225.78,225.88,225.74,225.74,30761
1727,2024-08-22 09:17:00,1724343420,225.74,225.77,225.58,225.73,43616
1728,2024-08-22 09:18:00,1724343480,225.74,225.8,225.69,225.8,20507
1729,2024-08-22 09:19:00,1724343540,225.8,225.82,225.7,225.76,29266
1730,2024-08-22 09:20:00,1724343600,225.77,225.97,225.77,225.89,50460
1731,2024-08-22 09:21:00,1724343660,225.87,225.98,225.86,225.96,20061
1732,2024-08-22 09:22:00,1724343720,225.97,226.08,225.91,226.07,39855
1733,2024-08-22 09:23:00,1724343780,226.08,226.09,226.01,226.07,32256
1734,2024-08-22 09:24:00,1724343840,226.06,226.19,225.99,226.18,30817
1735,2024-08-22 09:25:00,1724343900,226.16,226.18,226.09,226.12,30591
1736,2024-08-22 09:26:00,1724343960,226.12,226.27,226.03,226.26,41752
1737,2024-08-22 09:27:00,1724344020,226.25,226.41,226.22,226.34,32674
1738,2024-08-22 09:28:00,1724344080,226.34,226.4,226.3,226.36,16391
1739,2024-08-22 09:29:00,1724344140,226.35,226.44,226.33,226.43,23465
1740,2024-08-22 09:30:00,1724344200,226.44,226.61,226.43,226.47,94895
1741,2024-08-22 09:31:00,1724344260,226.47,226.52,226.39,226.4,43805
1742,2024-08-22 09:32:00,1724344320,226.38,226.47,226.37,226.43,28679
1743,2024-08-22 09:33:00,1724344380,226.44,226.46,226.32,226.37,33789
1744,2024-08-22 09:34:00,1724344440,226.37,226.44,226.34,226.38,30556
1745,2024-08-22 09:35:00,1724344500,226.39,226.46,226.37,226.4,27337
1746,2024-08-22 09:36:00,1724344560,226.39,226.48,226.31,226.35,39035
1747,2024-08-22 09:37:00,1724344620,226.35,226.4,226.31,226.31,13915
1748,2024-08-22 09:38:00,1724344680,226.3,226.39,226.25,226.35,26398
1749,2024-08-22 09:39:00,1724344740,226.37,226.41,226.35,226.36,17581
1750,2024-08-22 09:40:00,1724344800,226.36,226.46,226.31,226.44,36875
1751,2024-08-22 09:41:00,1724344860,226.41,226.45,226.33,226.43,31964
1752,2024-08-22 09:42:00,1724344920,226.41,226.53,226.4,226.43,32421
1753,2024-08-22 09:43:00,1724344980,226.44,226.51,226.41,226.47,17998
1754,2024-08-22 09:44:00,1724345040,226.46,226.57,226.42,226.53,24826
1755,2024-08-22 09:45:00,1724345100,226.53,226.53,226.27,226.32,56642
1756,2024-08-22 09:46:00,1724345160,226.33,226.39,226.21,226.34,39602
1757,2024-08-22 09:47:00,1724345220,226.35,226.49,226.35,226.4,26800
1758,2024-08-22 09:48:00,1724345280,226.4,226.41,226.27,226.33,23470
1759,2024-08-22 09:49:00,1724345340,226.32,226.35,226.24,226.27,20841
1760,2024-08-22 09:50:00,1724345400,226.29,226.33,226.1,226.15,35498
1761,2024-08-22 09:51:00,1724345460,226.15,226.15,225.98,226.01,35402
1762,2024-08-22 09:52:00,1724345520,226.0,226.1,225.92,226.04,24726
1763,2024-08-22 09:53:00,1724345580,226.03,226.05,225.91,225.93,17870
1764,2024-08-22 09:54:00,1724345640,225.91,225.93,225.61,225.63,46268
1765,2024-08-22 09:55:00,1724345700,225.64,225.66,225.51,225.63,46852
1766,2024-08-22 09:56:00,1724345760,225.61,225.68,225.5,225.55,30692
1767,2024-08-22 09:57:00,1724345820,225.56,225.62,225.32,225.41,72071
1768,2024-08-22 09:58:00,1724345880,225.41,225.5,225.36,225.5,43210
1769,2024-08-22 09:59:00,1724345940,225.5,225.64,225.47,225.51,40596
1770,2024-08-22 10:00:00,1724346000,225.51,225.52,225.28,225.34,45509
1771,2024-08-22 10:01:00,1724346060,225.35,225.48,225.31,225.4,50186
1772,2024-08-22 10:02:00,1724346120,225.41,225.46,225.26,225.27,34940
1773,2024-08-22 10:03:00,1724346180,225.27,225.32,225.1,225.18,57036
1774,2024-08-22 10:04:00,1724346240,225.18,225.42,225.17,225.39,50797
1775,2024-08-22 10:05:00,1724346300,225.39,225.41,225.14,225.16,60288
1776,2024-08-22 10:06:00,1724346360,225.17,225.25,225.08,225.23,50587
1777,2024-08-22 10:07:00,1724346420,225.23,225.44,225.19,225.37,42923
1778,2024-08-22 10:08:00,1724346480,225.36,225.44,225.26,225.28,39270
1779,2024-08-22 10:09:00,1724346540,225.3,225.4,225.24,225.35,47098
1780,2024-08-22 10:10:00,1724346600,225.37,225.57,225.3,225.55,70037
1781,2024-08-22 10:11:00,1724346660,225.55,225.77,225.49,225.61,86060
1782,2024-08-22 10:12:00,1724346720,225.61,225.61,225.48,225.55,35059
1783,2024-08-22 10:13:00,1724346780,225.56,225.58,225.16,225.18,66391
1784,2024-08-22 10:14:00,1724346840,225.19,225.24,225.12,225.19,47643
1785,2024-08-22 10:15:00,1724346900,225.2,225.51,225.15,225.41,28946
1786,2024-08-22 10:16:00,1724346960,225.41,225.54,225.39,225.46,25910
1787,2024-08-22 10:17:00,1724347020,225.45,225.57,225.45,225.54,20883
1788,2024-08-22 10:18:00,1724347080,225.56,225.66,225.51,225.53,40061
1789,2024-08-22 10:19:00,1724347140,225.54,225.64,225.53,225.55,20949
1790,2024-08-22 10:20:00,1724347200,225.54,225.67,225.53,225.58,16892
1791,2024-08-22 10:21:00,1724347260,225.59,225.74,225.58,225.64,26641
1792,2024-08-22 10:22:00,1724347320,225.64,225.66,225.49,225.59,13686
1793,2024-08-22 10:23:00,1724347380,225.58,225.62,225.5,225.59,22879
1794,2024-08-22 10:24:00,1724347440,225.6,225.74,225.6,225.7,38570
1795,2024-08-22 10:25:00,1724347500,225.69,225.78,225.62,225.74,18076
1796,2024-08-22 10:26:00,1724347560,225.74,225.79,225.54,225.67,20823
1797,2024-08-22 10:27:00,1724347620,225.67,225.8,225.65,225.79,16798
1798,2024-08-22 10:28:00,1724347680,225.78,225.78,225.69,225.75,17448
1799,2024-08-22 10:29:00,1724347740,225.74,225.76,225.63,225.65,25960
1800,2024-08-22 10:30:00,1724347800,225.63,225.82,225.61,225.68,23478
1801,2024-08-22 10:31:00,1724347860,225.68,225.7,225.09,225.09,77293
1802,2024-08-22 10:32:00,1724347920,225.11,225.21,224.94,225.01,99894
1803,2024-08-22 10:33:00,1724347980,224.99,225.08,224.63,225.04,131537
1804,2024-08-22 10:34:00,1724348040,225.03,225.1,224.82,224.86,95410
1805,2024-08-22 10:35:00,1724348100,224.84,224.95,224.71,224.76,67997
1806,2024-08-22 10:36:00,1724348160,224.78,224.8,224.65,224.67,69015
1807,2024-08-22 10:37:00,1724348220,224.68,225.1,224.63,225.03,118451
1808,2024-08-22 10:38:00,1724348280,225.02,225.06,224.87,224.88,43781
1809,2024-08-22 10:39:00,1724348340,224.89,224.93,224.77,224.79,54032
1810,2024-08-22 10:40:00,1724348400,224.79,224.81,224.52,224.57,83813
1811,2024-08-22 10:41:00,1724348460,224.57,224.71,224.51,224.7,63459
1812,2024-08-22 10:42:00,1724348520,224.69,224.74,224.58,224.7,40696
1813,2024-08-22 10:43:00,1724348580,224.71,224.81,224.69,224.79,35098
1814,2024-08-22 10:44:00,1724348640,224.79,224.99,224.76,224.82,59790
1815,2024-08-22 10:45:00,1724348700,224.81,224.84,224.7,224.71,29931
1816,2024-08-22 10:46:00,1724348760,224.69,224.8,224.58,224.64,51520
1817,2024-08-22 10:47:00,1724348820,224.66,224.68,224.54,224.56,47566
1818,2024-08-22 10:48:00,1724348880,224.56,224.65,224.37,224.41,75313
1819,2024-08-22 10:49:00,1724348940,224.4,224.4,224.07,224.09,107936
1820,2024-08-22 10:50:00,1724349000,224.08,224.33,224.08,224.22,64464
1821,2024-08-22 10:51:00,1724349060,224.24,224.33,224.11,224.31,26432
1822,2024-08-22 10:52:00,1724349120,224.3,224.5,224.29,224.41,70074
1823,2024-08-22 10:53:00,1724349180,224.41,224.5,224.1,224.16,56420
1824,2024-08-22 10:54:00,1724349240,224.17,224.22,224.01,224.08,56882
1825,2024-08-22 10:55:00,1724349300,224.09,224.27,224.07,224.27,35177
1826,2024-08-22 10:56:00,1724349360,224.25,224.33,224.15,224.16,34574
1827,2024-08-22 10:57:00,1724349420,224.17,224.23,224.16,224.23,43501
1828,2024-08-22 10:58:00,1724349480,224.22,224.31,224.19,224.24,43605
1829,2024-08-22 10:59:00,1724349540,224.24,224.45,224.23,224.39,43723
1830,2024-08-22 11:00:00,1724349600,224.4,224.45,224.26,224.27,29481
1831,2024-08-22 11:01:00,1724349660,224.27,224.39,224.19,224.22,32137
1832,2024-08-22 11:02:00,1724349720,224.21,224.29,224.19,224.25,18872
1833,2024-08-22 11:03:00,1724349780,224.25,224.47,224.25,224.4,30581
1834,2024-08-22 11:04:00,1724349840,224.43,224.43,224.31,224.36,29073
1835,2024-08-22 11:05:00,1724349900,224.37,224.41,224.27,224.27,44290
1836,2024-08-22 11:06:00,1724349960,224.26,224.33,224.11,224.15,56076
1837,2024-08-22 11:07:00,1724350020,224.16,224.26,223.9,224.02,143682
1838,2024-08-22 11:08:00,1724350080,224.02,224.38,224.02,224.33,54202
1839,2024-08-22 11:09:00,1724350140,224.32,224.47,224.22,224.47,36812
1840,2024-08-22 11:10:00,1724350200,224.47,224.5,224.23,224.33,34668
1841,2024-08-22 11:11:00,1724350260,224.32,224.49,224.27,224.45,22610
1842,2024-08-22 11:12:00,1724350320,224.46,224.48,224.32,224.33,33055
1843,2024-08-22 11:13:00,1724350380,224.32,224.44,224.21,224.34,42713
1844,2024-08-22 11:14:00,1724350440,224.36,224.57,224.36,224.55,46085
1845,2024-08-22 11:15:00,1724350500,224.55,224.71,224.51,224.63,65248
1846,2024-08-22 11:16:00,1724350560,224.65,224.66,224.46,224.52,27285
1847,2024-08-22 11:17:00,1724350620,224.53,224.53,224.35,224.43,29960
1848,2024-08-22 11:18:00,1724350680,224.42,224.64,224.41,224.6,36482
1849,2024-08-22 11:19:00,1724350740,224.59,224.74,224.53,224.71,44408
1850,2024-08-22 11:20:00,1724350800,224.7,224.78,224.65,224.68,38552
1851,2024-08-22 11:21:00,1724350860,224.69,224.75,224.61,224.64,21990
1852,2024-08-22 11:22:00,1724350920,224.62,224.69,224.62,224.68,13622
1853,2024-08-22 11:23:00,1724350980,224.68,224.82,224.67,224.72,33326
1854,2024-08-22 11:24:00,1724351040,224.71,224.79,224.67,224.71,27774
1855,2024-08-22 11:25:00,1724351100,224.7,224.75,224.6,224.7,22093
1856,2024-08-22 11:26:00,1724351160,224.69,224.85,224.69,224.79,27915
1857,2024-08-22 11:27:00,1724351220,224.79,224.85,224.74,224.84,19124
1858,2024-08-22 11:28:00,1724351280,224.82,224.82,224.69,224.79,45823
1859,2024-08-22 11:29:00,1724351340,224.8,224.87,224.76,224.86,42827
1860,2024-08-22 11:30:00,1724351400,224.86,224.86,224.64,224.69,27060
1861,2024-08-22 11:31:00,1724351460,224.69,224.74,224.62,224.63,22406
1862,2024-08-22 11:32:00,1724351520,224.67,224.8,224.64,224.75,23812
1863,2024-08-22 11:33:00,1724351580,224.76,224.85,224.73,224.8,28787
1864,2024-08-22 11:34:00,1724351640,224.81,224.82,224.56,224.61,31116
1865,2024-08-22 11:35:00,1724351700,224.6,224.71,224.6,224.64,26406
1866,2024-08-22 11:36:00,1724351760,224.63,224.74,224.63,224.7,34406
1867,2024-08-22 11:37:00,1724351820,224.65,224.79,224.65,224.71,19495
1868,2024-08-22 11:38:00,1724351880,224.71,224.77,224.64,224.76,41248
1869,2024-08-22 11:39:00,1724351940,224.76,224.78,224.7,224.73,18132
1870,2024-08-22 11:40:00,1724352000,224.74,224.79,224.68,224.78,30622
1871,2024-08-22 11:41:00,1724352060,224.78,224.86,224.75,224.82,29957
1872,2024-08-22 11:42:00,1724352120,224.82,224.83,224.68,224.69,21322
1873,2024-08-22 11:43:00,1724352180,224.69,224.73,224.62,224.67,25821
1874,2024-08-22 11:44:00,1724352240,224.65,224.71,224.59,224.7,37818
1875,2024-08-22 11:45:00,1724352300,224.69,224.81,224.64,224.76,24301
1876,2024-08-22 11:46:00,1724352360,224.75,224.83,224.68,224.82,19881
1877,2024-08-22 11:47:00,1724352420,224.83,224.93,224.77,224.89,32270
1878,2024-08-22 11:48:00,1724352480,224.89,224.9,224.83,224.86,19362
1879,2024-08-22 11:49:00,1724352540,224.86,224.88,224.62,224.66,39450
1880,2024-08-22 11:50:00,1724352600,224.65,224.66,224.49,224.59,31590
1881,2024-08-22 11:51:00,1724352660,224.6,224.64,224.59,224.62,16987
1882,2024-08-22 11:52:00,1724352720,224.63,224.69,224.58,224.65,20017
1883,2024-08-22 11:53:00,1724352780,224.65,224.69,224.57,224.65,16068
1884,2024-08-22 11:54:00,1724352840,224.65,224.72,224.5,224.5,26650
1885,2024-08-22 11:55:00,1724352900,224.52,224.7,224.52,224.67,22360
1886,2024-08-22 11:56:00,1724352960,224.68,224.72,224.65,224.71,18466
1887,2024-08-22 11:57:00,1724353020,224.7,224.7,224.5,224.51,29929
1888,2024-08-22 11:58:00,1724353080,224.52,224.6,224.44,224.45,20899
1889,2024-08-22 11:59:00,1724353140,224.45,224.48,224.34,224.4,46898
1890,2024-08-22 12:00:00,1724353200,224.4,224.58,224.4,224.57,25130
1891,2024-08-22 12:01:00,1724353260,224.58,224.78,224.57,224.71,38620
1892,2024-08-22 12:02:00,1724353320,224.7,224.91,224.7,224.88,46124
1893,2024-08-22 12:03:00,1724353380,224.88,224.95,224.8,224.81,25565
1894,2024-08-22 12:04:00,1724353440,224.82,224.91,224.82,224.85,21561
1895,2024-08-22 12:05:00,1724353500,224.85,224.88,224.75,224.81,18742
1896,2024-08-22 12:06:00,1724353560,224.8,224.8,224.71,224.73,22593
1897,2024-08-22 12:07:00,1724353620,224.75,224.78,224.62,224.69,30119
1898,2024-08-22 12:08:00,1724353680,224.69,224.75,224.65,224.72,36151
1899,2024-08-22 12:09:00,1724353740,224.73,224.86,224.7,224.74,36873
1900,2024-08-22 12:10:00,1724353800,224.74,224.77,224.58,224.61,33080
1901,2024-08-22 12:11:00,1724353860,224.61,224.69,224.58,224.65,36641
1902,2024-08-22 12:12:00,1724353920,224.65,224.72,224.6,224.63,25825
1903,2024-08-22 12:13:00,1724353980,224.63,224.82,224.62,224.8,28164
1904,2024-08-22 12:14:00,1724354040,224.81,224.81,224.67,224.76,31490
1905,2024-08-22 12:15:00,1724354100,224.76,224.86,224.74,224.78,41986
1906,2024-08-22 12:16:00,1724354160,224.77,224.83,224.67,224.81,32780
1907,2024-08-22 12:17:00,1724354220,224.83,224.83,224.64,224.67,31812
1908,2024-08-22 12:18:00,1724354280,224.68,224.73,224.62,224.69,27727
1909,2024-08-22 12:19:00,1724354340,224.69,224.73,224.54,224.6,36031
1910,2024-08-22 12:20:00,1724354400,224.61,224.62,224.5,224.55,35376
1911,2024-08-22 12:21:00,1724354460,224.58,224.61,224.47,224.54,41425
1912,2024-08-22 12:22:00,1724354520,224.54,224.54,224.15,224.3,86430
1913,2024-08-22 12:23:00,1724354580,224.31,224.44,224.22,224.22,46241
1914,2024-08-22 12:24:00,1724354640,224.22,224.31,224.16,224.21,53145
1915,2024-08-22 12:25:00,1724354700,224.22,224.39,224.2,224.33,39809
1916,2024-08-22 12:26:00,1724354760,224.31,224.41,224.25,224.31,30953
1917,2024-08-22 12:27:00,1724354820,224.33,224.42,224.29,224.36,23296
1918,2024-08-22 12:28:00,1724354880,224.35,224.39,224.27,224.39,46520
1919,2024-08-22 12:29:00,1724354940,224.36,224.41,224.3,224.32,57618
1920,2024-08-22 12:30:00,1724355000,224.34,224.41,224.27,224.29,61019
1921,2024-08-22 12:31:00,1724355060,224.3,224.46,224.29,224.34,58781
1922,2024-08-22 12:32:00,1724355120,224.34,224.4,224.14,224.26,59246
1923,2024-08-22 12:33:00,1724355180,224.26,224.47,224.24,224.44,70812
1924,2024-08-22 12:34:00,1724355240,224.44,224.48,224.27,224.29,50458
1925,2024-08-22 12:35:00,1724355300,224.3,224.38,224.12,224.15,42349
1926,2024-08-22 12:36:00,1724355360,224.16,224.34,224.1,224.34,61980
1927,2024-08-22 12:37:00,1724355420,224.34,224.49,224.32,224.34,59911
1928,2024-08-22 12:38:00,1724355480,224.35,224.5,224.32,224.46,43384
1929,2024-08-22 12:39:00,1724355540,224.47,224.52,224.38,224.39,60579
1930,2024-08-22 12:40:00,1724355600,224.39,224.41,224.23,224.34,56678
1931,2024-08-22 12:41:00,1724355660,224.35,224.44,224.29,224.39,45979
1932,2024-08-22 12:42:00,1724355720,224.39,224.53,224.34,224.5,52097
1933,2024-08-22 12:43:00,1724355780,224.5,224.51,224.37,224.43,47589
1934,2024-08-22 12:44:00,1724355840,224.41,224.49,224.35,224.46,61395
1935,2024-08-22 12:45:00,1724355900,224.45,224.58,224.39,224.44,68816
1936,2024-08-22 12:46:00,1724355960,224.45,224.54,224.39,224.49,51404
1937,2024-08-22 12:47:00,1724356020,224.5,224.58,224.39,224.45,76047
1938,2024-08-22 12:48:00,1724356080,224.45,224.55,224.38,224.51,58065
1939,2024-08-22 12:49:00,1724356140,224.48,224.65,224.47,224.55,86322
1940,2024-08-22 12:50:00,1724356200,224.56,224.92,224.51,224.62,154257
1941,2024-08-22 12:51:00,1724356260,224.59,224.7,224.43,224.48,116494
1942,2024-08-22 12:52:00,1724356320,224.47,224.62,224.36,224.42,134575
1943,2024-08-22 12:53:00,1724356380,224.43,224.5,224.24,224.39,90794
1944,2024-08-22 12:54:00,1724356440,224.38,224.77,224.27,224.62,189852
1945,2024-08-22 12:55:00,1724356500,224.62,224.65,224.4,224.4,142626
1946,2024-08-22 12:56:00,1724356560,224.4,224.44,224.29,224.36,105309
1947,2024-08-22 12:57:00,1724356620,224.36,224.55,224.13,224.15,147021
1948,2024-08-22 12:58:00,1724356680,224.15,224.23,224.03,224.09,253309
1949,2024-08-22 12:59:00,1724356740,224.09,224.75,224.06,224.53,1114197
1950,2024-08-23 06:30:00,1724419800,225.79,226.2,225.51,225.87,611764
1951,2024-08-23 06:31:00,1724419860,225.91,226.04,225.58,225.9,102497
1952,2024-08-23 06:32:00,1724419920,225.91,226.02,225.65,226.0,92833
1953,2024-08-23 06:33:00,1724419980,225.99,226.07,225.63,225.67,129506
1954,2024-08-23 06:34:00,1724420040,225.67,226.09,225.67,226.01,76207
1955,2024-08-23 06:35:00,1724420100,226.02,226.11,225.75,225.86,73428
1956,2024-08-23 06:36:00,1724420160,225.86,226.0,225.86,225.98,39465
1957,2024-08-23 06:37:00,1724420220,225.98,226.05,225.86,225.94,64144
1958,2024-08-23 06:38:00,1724420280,225.95,226.35,225.94,226.33,94998
1959,2024-08-23 06:39:00,1724420340,226.33,226.58,226.25,226.56,107012
1960,2024-08-23 06:40:00,1724420400,226.55,226.64,226.44,226.59,94443
1961,2024-08-23 06:41:00,1724420460,226.58,226.61,226.37,226.58,62246
1962,2024-08-23 06:42:00,1724420520,226.59,226.75,226.52,226.73,85636
1963,2024-08-23 06:43:00,1724420580,226.73,226.79,226.68,226.78,98194
1964,2024-08-23 06:44:00,1724420640,226.78,226.89,226.77,226.88,83907
1965,2024-08-23 06:45:00,1724420700,226.89,227.09,226.88,227.08,161264
1966,2024-08-23 06:46:00,1724420760,227.08,227.19,226.92,227.07,171204
1967,2024-08-23 06:47:00,1724420820,227.09,227.24,227.08,227.21,77615
1968,2024-08-23 06:48:00,1724420880,227.21,227.39,227.2,227.37,111149
1969,2024-08-23 06:49:00,1724420940,227.35,227.35,227.06,227.09,106122
1970,2024-08-23 06:50:00,1724421000,227.08,227.3,227.08,227.23,81434
1971,2024-08-23 06:51:00,1724421060,227.23,227.37,227.22,227.26,74268
1972,2024-08-23 06:52:00,1724421120,227.27,227.29,226.89,227.01,155254
1973,2024-08-23 06:53:00,1724421180,227.01,227.07,226.87,226.95,102061
1974,2024-08-23 06:54:00,1724421240,226.97,227.11,226.93,227.09,60874
1975,2024-08-23 06:55:00,1724421300,227.08,227.1,227.03,227.09,51805
1976,2024-08-23 06:56:00,1724421360,227.09,227.11,226.9,226.94,56730
1977,2024-08-23 06:57:00,1724421420,226.94,227.0,226.73,226.79,96300
1978,2024-08-23 06:58:00,1724421480,226.78,227.0,226.76,226.96,47913
1979,2024-08-23 06:59:00,1724421540,226.96,227.09,226.88,227.04,95926
1980,2024-08-23 07:00:00,1724421600,227.06,227.35,227.0,227.32,301326
1981,2024-08-23 07:01:00,1724421660,227.31,227.69,227.31,227.41,180582
1982,2024-08-23 07:02:00,1724421720,227.42,227.67,227.4,227.53,67670
1983,2024-08-23 07:03:00,1724421780,227.56,227.57,226.96,227.03,121173
1984,2024-08-23 07:04:00,1724421840,227.06,227.49,226.99,227.48,87922
1985,2024-08-23 07:05:00,1724421900,227.49,227.69,227.3,227.31,105286
1986,2024-08-23 07:06:00,1724421960,227.29,227.3,226.8,227.25,110348
1987,2024-08-23 07:07:00,1724422020,227.26,227.56,227.21,227.47,78725
1988,2024-08-23 07:08:00,1724422080,227.46,227.8,227.46,227.79,144855
1989,2024-08-23 07:09:00,1724422140,227.79,227.9,227.6,227.86,105924
1990,2024-08-23 07:10:00,1724422200,227.87,228.21,227.86,228.16,199368
1991,2024-08-23 07:11:00,1724422260,228.15,228.16,227.93,227.93,96285
1992,2024-08-23 07:12:00,1724422320,227.94,228.15,227.92,228.1,76187
1993,2024-08-23 07:13:00,1724422380,228.11,228.21,228.0,228.16,100777
1994,2024-08-23 07:14:00,1724422440,228.15,228.15,227.61,227.67,75272
1995,2024-08-23 07:15:00,1724422500,227.67,228.03,227.65,227.91,58029
1996,2024-08-23 07:16:00,1724422560,227.92,228.17,227.55,227.59,82850
1997,2024-08-23 07:17:00,1724422620,227.61,227.63,227.03,227.46,127826
1998,2024-08-23 07:18:00,1724422680,227.46,227.6,227.26,227.56,76294
1999,2024-08-23 07:19:00,1724422740,227.57,227.67,227.4,227.47,68526
2000,2024-08-23 07:20:00,1724422800,227.46,227.62,227.3,227.37,55968
2001,2024-08-23 07:21:00,1724422860,227.4,227.59,227.39,227.45,57583
2002,2024-08-23 07:22:00,1724422920,227.45,227.8,227.42,227.72,105202
2003,2024-08-23 07:23:00,1724422980,227.74,227.98,227.68,227.9,84984
2004,2024-08-23 07:24:00,1724423040,227.91,228.13,227.9,228.07,168677
2005,2024-08-23 07:25:00,1724423100,228.06,228.09,227.79,227.99,71989
2006,2024-08-23 07:26:00,1724423160,228.0,228.18,228.0,228.15,63413
2007,2024-08-23 07:27:00,1724423220,228.15,228.21,227.97,227.99,91434
2008,2024-08-23 07:28:00,1724423280,227.99,228.22,227.97,228.18,88271
2009,2024-08-23 07:29:00,1724423340,228.18,228.18,227.96,227.98,50507
2010,2024-08-23 07:30:00,1724423400,227.99,228.11,227.86,227.98,76226
2011,2024-08-23 07:31:00,1724423460,227.98,228.0,227.78,227.82,48945
2012,2024-08-23 07:32:00,1724423520,227.83,227.9,227.6,227.62,66493
2013,2024-08-23 07:33:00,1724423580,227.61,227.73,227.52,227.7,71703
2014,2024-08-23 07:34:00,1724423640,227.71,227.85,227.67,227.75,88983
2015,2024-08-23 07:35:00,1724423700,227.74,227.76,227.42,227.59,207911
2016,2024-08-23 07:36:00,1724423760,227.57,227.65,227.3,227.52,70362
2017,2024-08-23 07:37:00,1724423820,227.5,227.6,227.43,227.5,42767
2018,2024-08-23 07:38:00,1724423880,227.5,227.53,227.09,227.31,82894
2019,2024-08-23 07:39:00,1724423940,227.32,227.33,227.14,227.24,41917
2020,2024-08-23 07:40:00,1724424000,227.25,227.27,227.04,227.24,58512
2021,2024-08-23 07:41:00,1724424060,227.24,227.4,227.16,227.24,66623
2022,2024-08-23 07:42:00,1724424120,227.22,227.37,227.14,227.17,61911
2023,2024-08-23 07:43:00,1724424180,227.17,227.46,227.13,227.41,57289
2024,2024-08-23 07:44:00,1724424240,227.41,227.46,227.23,227.27,51025
2025,2024-08-23 07:45:00,1724424300,227.27,227.38,227.04,227.1,71465
2026,2024-08-23 07:46:00,1724424360,227.09,227.09,226.52,226.7,211344
2027,2024-08-23 07:47:00,1724424420,226.71,226.72,226.22,226.44,89319
2028,2024-08-23 07:48:00,1724424480,226.35,226.38,225.52,225.6,156699
2029,2024-08-23 07:49:00,1724424540,225.6,226.18,225.59,226.11,131587
2030,2024-08-23 07:50:00,1724424600,226.06,226.34,225.97,226.12,106162
2031,2024-08-23 07:51:00,1724424660,226.08,226.08,225.51,225.81,107240
2032,2024-08-23 07:52:00,1724424720,225.82,226.19,225.73,225.81,110358
2033,2024-08-23 07:53:00,1724424780,225.81,225.92,225.71,225.76,79692
2034,2024-08-23 07:54:00,1724424840,225.74,226.06,225.65,226.01,84924
2035,2024-08-23 07:55:00,1724424900,225.99,226.16,225.9,226.05,64398
2036,2024-08-23 07:56:00,1724424960,226.04,226.05,225.83,226.0,46636
2037,2024-08-23 07:57:00,1724425020,225.98,226.38,225.97,226.25,65261
2038,2024-08-23 07:58:00,1724425080,226.24,226.28,226.1,226.15,36814
2039,2024-08-23 07:59:00,1724425140,226.16,226.34,226.15,226.24,58692
2040,2024-08-23 08:00:00,1724425200,226.21,226.21,225.87,225.88,76286
2041,2024-08-23 08:01:00,1724425260,225.89,226.14,225.89,226.04,54797
2042,2024-08-23 08:02:00,1724425320,226.06,226.14,225.99,226.0,75004
2043,2024-08-23 08:03:00,1724425380,226.01,226.09,225.83,226.06,63201
2044,2024-08-23 08:04:00,1724425440,226.06,226.06,225.86,225.94,53663
2045,2024-08-23 08:05:00,1724425500,225.94,226.03,225.83,225.99,51905
2046,2024-08-23 08:06:00,1724425560,225.99,226.19,225.98,226.01,69352
2047,2024-08-23 08:07:00,1724425620,226.03,226.04,225.77,225.82,51629
2048,2024-08-23 08:08:00,1724425680,225.83,225.94,225.76,225.89,49893
2049,2024-08-23 08:09:00,1724425740,225.88,225.9,225.8,225.87,26961
2050,2024-08-23 08:10:00,1724425800,225.89,225.95,225.29,225.32,140648
2051,2024-08-23 08:11:00,1724425860,225.31,225.48,225.19,225.43,70651
2052,2024-08-23 08:12:00,1724425920,225.42,225.67,225.39,225.63,39251
2053,2024-08-23 08:13:00,1724425980,225.63,225.84,225.58,225.84,39621
2054,2024-08-23 08:14:00,1724426040,225.84,226.23,225.83,226.21,117417
2055,2024-08-23 08:15:00,1724426100,226.22,226.44,226.16,226.4,57116
2056,2024-08-23 08:16:00,1724426160,226.4,226.42,226.33,226.4,42467
2057,2024-08-23 08:17:00,1724426220,226.41,226.49,226.29,226.48,56864
2058,2024-08-23 08:18:00,1724426280,226.48,226.65,226.41,226.65,62546
2059,2024-08-23 08:19:00,1724426340,226.64,226.74,226.57,226.59,64534
2060,2024-08-23 08:20:00,1724426400,226.6,226.64,226.43,226.49,31578
2061,2024-08-23 08:21:00,1724426460,226.48,226.54,226.32,226.52,39989
2062,2024-08-23 08:22:00,1724426520,226.52,226.58,226.46,226.48,23201
2063,2024-08-23 08:23:00,1724426580,226.48,226.57,226.44,226.47,27215
2064,2024-08-23 08:24:00,1724426640,226.48,226.53,226.38,226.4,23741
2065,2024-08-23 08:25:00,1724426700,226.4,226.46,226.33,226.4,32736
2066,2024-08-23 08:26:00,1724426760,226.4,226.52,226.23,226.26,43315
2067,2024-08-23 08:27:00,1724426820,226.28,226.3,225.84,225.99,75410
2068,2024-08-23 08:28:00,1724426880,225.96,226.03,225.9,226.0,39548
2069,2024-08-23 08:29:00,1724426940,226.0,226.04,225.92,225.95,33236
2070,2024-08-23 08:30:00,1724427000,225.95,226.06,225.89,226.02,38383
2071,2024-08-23 08:31:00,1724427060,226.01,226.14,225.96,226.11,37527
2072,2024-08-23 08:32:00,1724427120,226.12,226.14,226.04,226.13,17187
2073,2024-08-23 08:33:00,1724427180,226.13,226.2,226.03,226.09,26878
2074,2024-08-23 08:34:00,1724427240,226.08,226.2,226.03,226.09,22485
2075,2024-08-23 08:35:00,1724427300,226.1,226.12,225.98,226.09,37294
2076,2024-08-23 08:36:00,1724427360,226.08,226.17,226.04,226.11,22704
2077,2024-08-23 08:37:00,1724427420,226.11,226.14,226.05,226.13,14237
2078,2024-08-23 08:38:00,1724427480,226.11,226.2,226.02,226.14,32083
2079,2024-08-23 08:39:00,1724427540,226.16,226.3,226.12,226.29,25261
2080,2024-08-23 08:40:00,1724427600,226.29,226.64,226.27,226.62,80185
2081,2024-08-23 08:41:00,1724427660,226.64,226.71,226.33,226.33,76336
2082,2024-08-23 08:42:00,1724427720,226.33,226.47,226.31,226.43,23561
2083,2024-08-23 08:43:00,1724427780,226.42,226.45,226.1,226.25,35805
2084,2024-08-23 08:44:00,1724427840,226.24,226.31,225.89,226.06,92860
2085,2024-08-23 08:45:00,1724427900,226.06,226.11,225.61,225.72,61297
2086,2024-08-23 08:46:00,1724427960,225.72,225.99,225.68,225.97,42532
2087,2024-08-23 08:47:00,1724428020,226.0,226.04,225.88,226.03,20815
2088,2024-08-23 08:48:00,1724428080,226.02,226.16,225.98,226.09,24643
2089,2024-08-23 08:49:00,1724428140,226.09,226.15,226.02,226.1,33071
2090,2024-08-23 08:50:00,1724428200,226.08,226.11,225.9,226.0,29165
2091,2024-08-23 08:51:00,1724428260,225.97,225.99,225.81,225.93,31101
2092,2024-08-23 08:52:00,1724428320,225.92,226.0,225.76,225.88,22823
2093,2024-08-23 08:53:00,1724428380,225.88,225.98,225.83,225.96,16296
2094,2024-08-23 08:54:00,1724428440,225.96,225.99,225.79,225.93,27426
2095,2024-08-23 08:55:00,1724428500,225.93,226.12,225.88,226.07,38289
2096,2024-08-23 08:56:00,1724428560,226.07,226.08,225.97,226.04,20721
2097,2024-08-23 08:57:00,1724428620,226.02,226.06,225.96,226.01,16744
2098,2024-08-23 08:58:00,1724428680,225.99,226.0,225.78,225.89,30772
2099,2024-08-23 08:59:00,1724428740,225.88,225.94,225.76,225.84,21405
2100,2024-08-23 09:00:00,1724428800,225.85,225.91,225.35,225.41,101712
2101,2024-08-23 09:01:00,1724428860,225.38,225.48,225.28,225.38,46374
2102,2024-08-23 09:02:00,1724428920,225.39,225.51,225.26,225.26,41888
2103,2024-08-23 09:03:00,1724428980,225.27,225.41,225.26,225.36,32221
2104,2024-08-23 09:04:00,1724429040,225.34,225.43,225.33,225.33,27794
2105,2024-08-23 09:05:00,1724429100,225.35,225.46,225.25,225.25,45213
2106,2024-08-23 09:06:00,1724429160,225.26,225.46,225.04,225.42,54671
2107,2024-08-23 09:07:00,1724429220,225.44,225.48,225.35,225.43,38446
2108,2024-08-23 09:08:00,1724429280,225.43,225.54,225.37,225.46,34298
2109,2024-08-23 09:09:00,1724429340,225.46,225.55,225.45,225.53,15408
2110,2024-08-23 09:10:00,1724429400,225.52,225.55,225.45,225.5,22728
2111,2024-08-23 09:11:00,1724429460,225.52,225.61,225.49,225.59,26939
2112,2024-08-23 09:12:00,1724429520,225.58,225.6,225.51,225.54,35864
2113,2024-08-23 09:13:00,1724429580,225.54,225.55,225.39,225.44,33157
2114,2024-08-23 09:14:00,1724429640,225.43,225.44,225.13,225.24,41260
2115,2024-08-23 09:15:00,1724429700,225.25,225.4,225.19,225.36,30890
2116,2024-08-23 09:16:00,1724429760,225.36,225.5,225.25,225.29,38468
2117,2024-08-23 09:17:00,1724429820,225.29,225.39,225.2,225.31,58253
2118,2024-08-23 09:18:00,1724429880,225.3,225.53,225.26,225.53,22054
2119,2024-08-23 09:19:00,1724429940,225.54,225.68,225.53,225.68,68521
2120,2024-08-23 09:20:00,1724430000,225.68,225.68,225.56,225.58,36305
2121,2024-08-23 09:21:00,1724430060,225.61,225.62,225.45,225.53,42741
2122,2024-08-23 09:22:00,1724430120,225.51,225.59,225.38,225.45,22867
2123,2024-08-23 09:23:00,1724430180,225.47,225.5,225.38,225.45,23968
2124,2024-08-23 09:24:00,1724430240,225.46,225.5,225.2,225.2,70416
2125,2024-08-23 09:25:00,1724430300,225.21,225.26,225.11,225.12,46367
2126,2024-08-23 09:26:00,1724430360,225.11,225.14,224.95,225.12,105140
2127,2024-08-23 09:27:00,1724430420,225.13,225.13,225.0,225.0,23030
2128,2024-08-23 09:28:00,1724430480,225.0,225.13,224.88,225.06,58704
2129,2024-08-23 09:29:00,1724430540,225.07,225.19,225.04,225.12,41682
2130,2024-08-23 09:30:00,1724430600,225.11,225.13,225.08,225.1,62233
2131,2024-08-23 09:31:00,1724430660,225.1,225.16,225.08,225.1,47345
2132,2024-08-23 09:32:00,1724430720,225.1,225.12,225.05,225.11,30323
2133,2024-08-23 09:33:00,1724430780,225.11,225.13,224.98,225.0,45572
2134,2024-08-23 09:34:00,1724430840,225.0,225.28,224.99,225.2,60913
2135,2024-08-23 09:35:00,1724430900,225.2,225.35,225.2,225.29,31087
2136,2024-08-23 09:36:00,1724430960,225.3,225.4,225.24,225.26,21634
2137,2024-08-23 09:37:00,1724431020,225.27,225.3,225.17,225.21,34954
2138,2024-08-23 09:38:00,1724431080,225.2,225.22,225.07,225.1,25853
2139,2024-08-23 09:39:00,1724431140,225.09,225.18,225.02,225.07,29379
2140,2024-08-23 09:40:00,1724431200,225.06,225.1,224.99,225.02,16179
2141,2024-08-23 09:41:00,1724431260,225.01,225.1,224.97,225.06,29670
2142,2024-08-23 09:42:00,1724431320,225.06,225.06,224.45,224.51,91903
2143,2024-08-23 09:43:00,1724431380,224.5,224.63,224.39,224.53,84043
2144,2024-08-23 09:44:00,1724431440,224.53,224.71,224.53,224.61,30551
2145,2024-08-23 09:45:00,1724431500,224.63,224.72,224.54,224.54,37226
2146,2024-08-23 09:46:00,1724431560,224.52,224.62,224.33,224.51,76506
2147,2024-08-23 09:47:00,1724431620,224.52,224.85,224.5,224.81,42677
2148,2024-08-23 09:48:00,1724431680,224.82,224.86,224.76,224.81,20500
2149,2024-08-23 09:49:00,1724431740,224.81,224.91,224.67,224.88,22790
2150,2024-08-23 09:50:00,1724431800,224.88,225.11,224.88,225.04,33606
2151,2024-08-23 09:51:00,1724431860,225.04,225.35,224.99,225.29,72716
2152,2024-08-23 09:52:00,1724431920,225.3,225.34,225.12,225.16,29449
2153,2024-08-23 09:53:00,1724431980,225.17,225.27,225.15,225.25,24497
2154,2024-08-23 09:54:00,1724432040,225.28,225.31,225.18,225.28,30866
2155,2024-08-23 09:55:00,1724432100,225.27,225.42,225.26,225.35,67395
2156,2024-08-23 09:56:00,1724432160,225.35,225.45,225.32,225.45,63183
2157,2024-08-23 09:57:00,1724432220,225.43,225.47,225.37,225.4,40531
2158,2024-08-23 09:58:00,1724432280,225.4,225.42,225.27,225.32,38470
2159,2024-08-23 09:59:00,1724432340,225.34,225.35,225.27,225.3,13583
2160,2024-08-23 10:00:00,1724432400,225.33,225.34,225.15,225.2,27535
2161,2024-08-23 10:01:00,1724432460,225.22,225.34,225.19,225.27,15381
2162,2024-08-23 10:02:00,1724432520,225.27,225.3,225.22,225.27,34434
2163,2024-08-23 10:03:00,1724432580,225.26,225.3,225.15,225.17,27207
2164,2024-08-23 10:04:00,1724432640,225.17,225.28,225.16,225.25,18241
2165,2024-08-23 10:05:00,1724432700,225.25,225.38,225.23,225.32,22111
2166,2024-08-23 10:06:00,1724432760,225.33,225.43,225.32,225.41,20048
2167,2024-08-23 10:07:00,1724432820,225.41,225.49,225.41,225.46,18364
2168,2024-08-23 10:08:00,1724432880,225.44,225.48,225.39,225.47,17540
2169,2024-08-23 10:09:00,1724432940,225.47,225.49,225.42,225.48,39860
2170,2024-08-23 10:10:00,1724433000,225.49,225.54,225.4,225.49,52534
2171,2024-08-23 10:11:00,1724433060,225.5,225.52,225.33,225.4,26578
2172,2024-08-23 10:12:00,1724433120,225.39,225.5,225.38,225.47,15981
2173,2024-08-23 10:13:00,1724433180,225.47,225.48,225.41,225.45,17590
2174,2024-08-23 10:14:00,1724433240,225.45,225.53,225.38,225.51,24128
2175,2024-08-23 10:15:00,1724433300,225.51,225.61,225.45,225.61,41064
2176,2024-08-23 10:16:00,1724433360,225.6,225.71,225.57,225.7,27553
2177,2024-08-23 10:17:00,1724433420,225.69,225.76,225.65,225.71,38711
2178,2024-08-23 10:18:00,1724433480,225.72,225.78,225.61,225.63,35392
2179,2024-08-23 10:19:00,1724433540,225.64,225.67,225.58,225.67,23661
2180,2024-08-23 10:20:00,1724433600,225.68,225.77,225.63,225.75,17755
2181,2024-08-23 10:21:00,1724433660,225.74,225.75,225.67,225.69,19947
2182,2024-08-23 10:22:00,1724433720,225.7,225.84,225.69,225.75,26999
2183,2024-08-23 10:23:00,1724433780,225.76,225.85,225.76,225.84,27222
2184,2024-08-23 10:24:00,1724433840,225.84,225.87,225.82,225.84,21993
2185,2024-08-23 10:25:00,1724433900,225.86,225.89,225.84,225.86,19275
2186,2024-08-23 10:26:00,1724433960,225.85,225.85,225.7,225.77,20863
2187,2024-08-23 10:27:00,1724434020,225.77,225.82,225.74,225.82,15216
2188,2024-08-23 10:28:00,1724434080,225.82,225.9,225.81,225.9,17910
2189,2024-08-23 10:29:00,1724434140,225.89,225.99,225.88,225.97,25238
2190,2024-08-23 10:30:00,1724434200,225.97,226.11,225.95,226.07,55824
2191,2024-08-23 10:31:00,1724434260,226.09,226.1,225.97,226.06,28242
2192,2024-08-23 10:32:00,1724434320,226.06,226.1,226.03,226.06,25118
2193,2024-08-23 10:33:00,1724434380,226.08,226.08,226.03,226.05,15542
2194,2024-08-23 10:34:00,1724434440,226.06,226.13,226.0,226.11,23575
2195,2024-08-23 10:35:00,1724434500,226.1,226.19,225.99,226.16,37436
2196,2024-08-23 10:36:00,1724434560,226.17,226.19,226.01,226.02,25495
2197,2024-08-23 10:37:00,1724434620,226.0,226.13,225.99,226.1,16816
2198,2024-08-23 10:38:00,1724434680,226.12,226.22,226.1,226.21,19070
2199,2024-08-23 10:39:00,1724434740,226.2,226.23,226.15,226.19,29407
2200,2024-08-23 10:40:00,1724434800,226.2,226.2,226.11,226.18,27200
2201,2024-08-23 10:41:00,1724434860,226.17,226.24,226.17,226.21,29659
2202,2024-08-23 10:42:00,1724434920,226.21,226.3,226.2,226.3,28063
2203,2024-08-23 10:43:00,1724434980,226.3,226.3,226.24,226.27,27515
2204,2024-08-23 10:44:00,1724435040,226.27,226.5,226.27,226.47,64576
2205,2024-08-23 10:45:00,1724435100,226.48,226.51,226.36,226.39,34197
2206,2024-08-23 10:46:00,1724435160,226.4,226.42,226.25,226.34,46688
2207,2024-08-23 10:47:00,1724435220,226.34,226.4,226.31,226.36,35069
2208,2024-08-23 10:48:00,1724435280,226.36,226.39,226.3,226.31,32618
2209,2024-08-23 10:49:00,1724435340,226.32,226.32,226.15,226.24,45355
2210,2024-08-23 10:50:00,1724435400,226.24,226.29,226.17,226.23,34015
2211,2024-08-23 10:51:00,1724435460,226.23,226.24,226.16,226.19,23364
2212,2024-08-23 10:52:00,1724435520,226.2,226.31,226.11,226.28,34232
2213,2024-08-23 10:53:00,1724435580,226.27,226.44,226.27,226.42,27083
2214,2024-08-23 10:54:00,1724435640,226.43,226.43,226.38,226.39,21381
2215,2024-08-23 10:55:00,1724435700,226.39,226.4,226.26,226.29,24653
2216,2024-08-23 10:56:00,1724435760,226.29,226.29,226.05,226.18,69376
2217,2024-08-23 10:57:00,1724435820,226.18,226.23,226.14,226.2,20377
2218,2024-08-23 10:58:00,1724435880,226.18,226.27,226.12,226.22,17023
2219,2024-08-23 10:59:00,1724435940,226.23,226.28,226.19,226.21,28532
2220,2024-08-23 11:00:00,1724436000,226.21,226.23,226.11,226.15,23497
2221,2024-08-23 11:01:00,1724436060,226.15,226.24,226.15,226.19,15860
2222,2024-08-23 11:02:00,1724436120,226.2,226.28,226.2,226.22,16262
2223,2024-08-23 11:03:00,1724436180,226.22,226.24,226.17,226.24,31222
2224,2024-08-23 11:04:00,1724436240,226.23,226.34,226.23,226.34,28248
2225,2024-08-23 11:05:00,1724436300,226.35,226.35,226.24,226.26,15313
2226,2024-08-23 11:06:00,1724436360,226.28,226.34,226.24,226.27,26755
2227,2024-08-23 11:07:00,1724436420,226.27,226.32,226.24,226.3,15504
2228,2024-08-23 11:08:00,1724436480,226.31,226.4,226.3,226.39,23175
2229,2024-08-23 11:09:00,1724436540,226.39,226.39,226.31,226.38,16376
2230,2024-08-23 11:10:00,1724436600,226.37,226.43,226.34,226.41,41388
2231,2024-08-23 11:11:00,1724436660,226.41,226.42,226.3,226.3,14079
2232,2024-08-23 11:12:00,1724436720,226.29,226.4,226.29,226.38,23938
2233,2024-08-23 11:13:00,1724436780,226.38,226.44,226.37,226.43,25417
2234,2024-08-23 11:14:00,1724436840,226.43,226.47,226.41,226.43,25363
2235,2024-08-23 11:15:00,1724436900,226.44,226.48,226.41,226.48,12384
2236,2024-08-23 11:16:00,1724436960,226.48,226.5,226.4,226.41,54067
2237,2024-08-23 11:17:00,1724437020,226.4,226.43,226.21,226.25,59616
2238,2024-08-23 11:18:00,1724437080,226.25,226.31,226.24,226.28,36959
2239,2024-08-23 11:19:00,1724437140,226.28,226.28,226.17,226.23,24481
2240,2024-08-23 11:20:00,1724437200,226.22,226.29,226.2,226.28,25482
2241,2024-08-23 11:21:00,1724437260,226.28,226.31,226.26,226.31,31154
2242,2024-08-23 11:22:00,1724437320,226.31,226.35,226.18,226.27,57585
2243,2024-08-23 11:23:00,1724437380,226.27,226.43,226.27,226.4,23414
2244,2024-08-23 11:24:00,1724437440,226.4,226.49,226.38,226.49,22706
2245,2024-08-23 11:25:00,1724437500,226.49,226.55,226.42,226.44,44365
2246,2024-08-23 11:26:00,1724437560,226.44,226.49,226.41,226.49,11877
2247,2024-08-23 11:27:00,1724437620,226.48,226.52,226.4,226.42,32315
2248,2024-08-23 11:28:00,1724437680,226.42,226.47,226.38,226.46,24380
2249,2024-08-23 11:29:00,1724437740,226.45,226.48,226.43,226.45,20631
2250,2024-08-23 11:30:00,1724437800,226.46,226.47,226.33,226.33,34641
2251,2024-08-23 11:31:00,1724437860,226.36,226.38,226.28,226.29,16771
2252,2024-08-23 11:32:00,1724437920,226.31,226.35,226.28,226.35,18704
2253,2024-08-23 11:33:00,1724437980,226.33,226.38,226.31,226.35,26654
2254,2024-08-23 11:34:00,1724438040,226.34,226.34,226.28,226.29,19213
2255,2024-08-23 11:35:00,1724438100,226.29,226.36,226.22,226.33,18574
2256,2024-08-23 11:36:00,1724438160,226.34,226.42,226.34,226.42,28188
2257,2024-08-23 11:37:00,1724438220,226.41,226.47,226.35,226.38,24041
2258,2024-08-23 11:38:00,1724438280,226.38,226.51,226.38,226.5,35053
2259,2024-08-23 11:39:00,1724438340,226.48,226.51,226.45,226.5,16332
2260,2024-08-23 11:40:00,1724438400,226.51,226.52,226.43,226.5,24258
2261,2024-08-23 11:41:00,1724438460,226.5,226.59,226.45,226.49,69061
2262,2024-08-23 11:42:00,1724438520,226.5,226.58,226.49,226.52,13114
2263,2024-08-23 11:43:00,1724438580,226.51,226.6,226.49,226.58,25831
2264,2024-08-23 11:44:00,1724438640,226.57,226.62,226.57,226.61,31447
2265,2024-08-23 11:45:00,1724438700,226.61,226.62,226.58,226.62,17213
2266,2024-08-23 11:46:00,1724438760,226.6,226.7,226.6,226.67,34813
2267,2024-08-23 11:47:00,1724438820,226.67,226.7,226.61,226.62,25444
2268,2024-08-23 11:48:00,1724438880,226.6,226.65,226.58,226.63,12557
2269,2024-08-23 11:49:00,1724438940,226.62,226.63,226.59,226.62,7238
2270,2024-08-23 11:50:00,1724439000,226.62,226.67,226.58,226.65,17610
2271,2024-08-23 11:51:00,1724439060,226.65,226.66,226.57,226.57,18361
2272,2024-08-23 11:52:00,1724439120,226.56,226.63,226.53,226.6,23175
2273,2024-08-23 11:53:00,1724439180,226.6,226.61,226.51,226.58,16857
2274,2024-08-23 11:54:00,1724439240,226.58,226.62,226.57,226.61,12526
2275,2024-08-23 11:55:00,1724439300,226.61,226.65,226.58,226.59,24636
2276,2024-08-23 11:56:00,1724439360,226.58,226.59,226.47,226.52,31638
2277,2024-08-23 11:57:00,1724439420,226.52,226.52,226.38,226.43,28020
2278,2024-08-23 11:58:00,1724439480,226.42,226.43,226.25,226.42,22618
2279,2024-08-23 11:59:00,1724439540,226.41,226.49,226.4,226.47,21832
2280,2024-08-23 12:00:00,1724439600,226.47,226.49,226.36,226.37,23232
2281,2024-08-23 12:01:00,1724439660,226.38,226.38,226.23,226.31,26499
2282,2024-08-23 12:02:00,1724439720,226.31,226.32,226.22,226.3,35676
2283,2024-08-23 12:03:00,1724439780,226.29,226.44,226.27,226.41,44522
2284,2024-08-23 12:04:00,1724439840,226.42,226.46,226.4,226.43,21849
2285,2024-08-23 12:05:00,1724439900,226.43,226.6,226.41,226.51,56021
2286,2024-08-23 12:06:00,1724439960,226.52,226.54,226.41,226.46,27937
2287,2024-08-23 12:07:00,1724440020,226.46,226.49,226.41,226.44,14777
2288,2024-08-23 12:08:00,1724440080,226.44,226.55,226.44,226.54,21913
2289,2024-08-23 12:09:00,1724440140,226.52,226.57,226.51,226.55,15334
2290,2024-08-23 12:10:00,1724440200,226.57,226.65,226.56,226.62,33402
2291,2024-08-23 12:11:00,1724440260,226.62,226.82,226.62,226.75,53690
2292,2024-08-23 12:12:00,1724440320,226.74,226.75,226.6,226.63,34521
2293,2024-08-23 12:13:00,1724440380,226.63,227.0,226.62,226.87,107075
2294,2024-08-23 12:14:00,1724440440,226.89,226.93,226.82,226.84,38478
2295,2024-08-23 12:15:00,1724440500,226.85,226.86,226.68,226.74,45147
2296,2024-08-23 12:16:00,1724440560,226.74,226.78,226.64,226.66,40013
2297,2024-08-23 12:17:00,1724440620,226.66,226.73,226.65,226.71,24722
2298,2024-08-23 12:18:00,1724440680,226.71,226.77,226.68,226.77,20960
2299,2024-08-23 12:19:00,1724440740,226.77,226.85,226.76,226.82,62025
2300,2024-08-23 12:20:00,1724440800,226.81,226.89,226.77,226.81,41998
2301,2024-08-23 12:21:00,1724440860,226.8,226.87,226.79,226.81,21985
2302,2024-08-23 12:22:00,1724440920,226.79,226.81,226.73,226.8,18931
2303,2024-08-23 12:23:00,1724440980,226.79,226.88,226.75,226.83,43615
2304,2024-08-23 12:24:00,1724441040,226.83,226.99,226.82,226.96,40368
2305,2024-08-23 12:25:00,1724441100,226.96,226.97,226.93,226.94,18531
2306,2024-08-23 12:26:00,1724441160,226.94,227.0,226.92,226.92,31747
2307,2024-08-23 12:27:00,1724441220,226.92,226.99,226.92,226.98,28869
2308,2024-08-23 12:28:00,1724441280,226.97,227.08,226.96,227.07,67357
2309,2024-08-23 12:29:00,1724441340,227.06,227.1,227.0,227.06,87387
2310,2024-08-23 12:30:00,1724441400,227.06,227.17,226.97,227.0,104934
2311,2024-08-23 12:31:00,1724441460,227.0,227.06,226.91,226.94,31170
2312,2024-08-23 12:32:00,1724441520,226.94,226.99,226.93,226.96,35044
2313,2024-08-23 12:33:00,1724441580,226.96,227.01,226.94,226.99,30529
2314,2024-08-23 12:34:00,1724441640,226.99,227.0,226.86,226.96,33547
2315,2024-08-23 12:35:00,1724441700,226.95,226.95,226.79,226.81,30710
2316,2024-08-23 12:36:00,1724441760,226.8,226.8,226.67,226.8,38296
2317,2024-08-23 12:37:00,1724441820,226.81,226.85,226.72,226.73,27787
2318,2024-08-23 12:38:00,1724441880,226.74,226.85,226.74,226.8,39528
2319,2024-08-23 12:39:00,1724441940,226.8,226.81,226.66,226.72,172389
2320,2024-08-23 12:40:00,1724442000,226.73,226.87,226.72,226.87,46652
2321,2024-08-23 12:41:00,1724442060,226.86,226.91,226.78,226.79,46160
2322,2024-08-23 12:42:00,1724442120,226.78,226.8,226.52,226.54,71569
2323,2024-08-23 12:43:00,1724442180,226.52,226.55,226.43,226.44,44379
2324,2024-08-23 12:44:00,1724442240,226.45,226.52,226.43,226.47,26544
2325,2024-08-23 12:45:00,1724442300,226.47,226.47,226.23,226.44,63215
2326,2024-08-23 12:46:00,1724442360,226.42,226.45,226.28,226.37,52359
2327,2024-08-23 12:47:00,1724442420,226.35,226.5,226.34,226.43,48090
2328,2024-08-23 12:48:00,1724442480,226.44,226.63,226.41,226.6,81577
2329,2024-08-23 12:49:00,1724442540,226.62,226.72,226.55,226.68,63928
2330,2024-08-23 12:50:00,1724442600,226.69,226.86,226.58,226.84,85599
2331,2024-08-23 12:51:00,1724442660,226.83,226.95,226.79,226.86,74668
2332,2024-08-23 12:52:00,1724442720,226.84,226.94,226.81,226.9,116552
2333,2024-08-23 12:53:00,1724442780,226.9,227.0,226.88,226.95,60396
2334,2024-08-23 12:54:00,1724442840,226.94,227.08,226.89,227.07,131652
2335,2024-08-23 12:55:00,1724442900,227.05,227.1,226.73,226.79,146537
2336,2024-08-23 12:56:00,1724442960,226.8,226.92,226.7,226.91,91423
2337,2024-08-23 12:57:00,1724443020,226.92,226.97,226.8,226.83,119298
2338,2024-08-23 12:58:00,1724443080,226.85,226.95,226.84,226.9,136505
2339,2024-08-23 12:59:00,1724443140,226.89,227.03,226.72,226.77,560420
2340,2024-08-26 06:30:00,1724679000,226.76,227.22,226.32,226.4,592059
2341,2024-08-26 06:31:00,1724679060,226.43,226.78,226.36,226.71,93242
2342,2024-08-26 06:32:00,1724679120,226.71,226.88,226.6,226.83,118642
2343,2024-08-26 06:33:00,1724679180,226.84,226.96,226.81,226.84,91107
2344,2024-08-26 06:34:00,1724679240,226.85,226.92,226.73,226.86,85504
2345,2024-08-26 06:35:00,1724679300,226.87,226.9,226.66,226.83,95799
2346,2024-08-26 06:36:00,1724679360,226.82,226.93,226.63,226.76,79352
2347,2024-08-26 06:37:00,1724679420,226.76,226.95,226.76,226.86,124829
2348,2024-08-26 06:38:00,1724679480,226.86,226.88,226.78,226.83,50373
2349,2024-08-26 06:39:00,1724679540,226.83,226.87,226.65,226.7,50658
2350,2024-08-26 06:40:00,1724679600,226.73,226.77,226.58,226.73,84467
2351,2024-08-26 06:41:00,1724679660,226.72,226.74,226.42,226.5,65497
2352,2024-08-26 06:42:00,1724679720,226.51,226.52,226.22,226.41,123797
2353,2024-08-26 06:43:00,1724679780,226.42,226.56,226.28,226.44,45176
2354,2024-08-26 06:44:00,1724679840,226.44,226.63,226.35,226.54,34642
2355,2024-08-26 06:45:00,1724679900,226.54,226.62,226.29,226.37,66083
2356,2024-08-26 06:46:00,1724679960,226.35,226.41,226.27,226.37,61194
2357,2024-08-26 06:47:00,1724680020,226.36,226.39,226.22,226.33,38294
2358,2024-08-26 06:48:00,1724680080,226.33,226.35,226.15,226.25,60326
2359,2024-08-26 06:49:00,1724680140,226.27,226.33,226.07,226.12,56082
2360,2024-08-26 06:50:00,1724680200,226.12,226.23,226.03,226.21,43475
2361,2024-08-26 06:51:00,1724680260,226.22,226.24,226.12,226.14,56035
2362,2024-08-26 06:52:00,1724680320,226.14,226.48,226.13,226.37,49917
2363,2024-08-26 06:53:00,1724680380,226.38,226.47,226.27,226.46,41688
2364,2024-08-26 06:54:00,1724680440,226.46,226.53,226.32,226.4,49306
2365,2024-08-26 06:55:00,1724680500,226.41,226.55,226.38,226.54,59925
2366,2024-08-26 06:56:00,1724680560,226.54,226.54,226.37,226.41,40534
2367,2024-08-26 06:57:00,1724680620,226.41,226.46,226.28,226.34,32621
2368,2024-08-26 06:58:00,1724680680,226.37,226.4,226.32,226.36,37363
2369,2024-08-26 06:59:00,1724680740,226.37,226.39,226.28,226.34,32611
2370,2024-08-26 07:00:00,1724680800,226.35,226.45,226.12,226.37,114265
2371,2024-08-26 07:01:00,1724680860,226.38,226.5,226.3,226.37,54066
2372,2024-08-26 07:02:00,1724680920,226.39,226.49,226.37,226.41,32075
2373,2024-08-26 07:03:00,1724680980,226.41,226.58,226.41,226.57,37028
2374,2024-08-26 07:04:00,1724681040,226.56,226.66,226.54,226.66,52070
2375,2024-08-26 07:05:00,1724681100,226.65,226.72,226.49,226.59,63727
2376,2024-08-26 07:06:00,1724681160,226.58,226.59,226.46,226.55,42458
2377,2024-08-26 07:07:00,1724681220,226.53,226.55,226.31,226.35,64945
2378,2024-08-26 07:08:00,1724681280,226.36,226.4,225.7,225.79,194204
2379,2024-08-26 07:09:00,1724681340,225.8,225.81,225.44,225.48,85019
2380,2024-08-26 07:10:00,1724681400,225.49,225.61,225.42,225.54,52188
2381,2024-08-26 07:11:00,1724681460,225.54,225.55,225.3,225.34,57389
2382,2024-08-26 07:12:00,1724681520,225.33,225.69,225.3,225.42,93225
2383,2024-08-26 07:13:00,1724681580,225.41,225.49,225.34,225.4,45603
2384,2024-08-26 07:14:00,1724681640,225.42,225.5,225.36,225.44,36855
2385,2024-08-26 07:15:00,1724681700,225.44,225.44,225.16,225.25,74995
2386,2024-08-26 07:16:00,1724681760,225.24,225.24,224.86,224.91,124381
2387,2024-08-26 07:17:00,1724681820,224.91,225.19,224.77,225.18,96915
2388,2024-08-26 07:18:00,1724681880,225.19,225.19,225.03,225.07,44609
2389,2024-08-26 07:19:00,1724681940,225.06,225.1,224.7,224.8,66170
2390,2024-08-26 07:20:00,1724682000,224.81,224.96,224.65,224.93,67060
2391,2024-08-26 07:21:00,1724682060,224.93,225.09,224.91,225.03,35820
2392,2024-08-26 07:22:00,1724682120,225.04,225.05,224.76,224.9,54645
2393,2024-08-26 07:23:00,1724682180,224.9,224.94,224.69,224.69,80721
2394,2024-08-26 07:24:00,1724682240,224.72,224.79,224.47,224.63,94778
2395,2024-08-26 07:25:00,1724682300,224.64,224.95,224.61,224.9,56813
2396,2024-08-26 07:26:00,1724682360,224.91,224.99,224.83,224.97,55219
2397,2024-08-26 07:27:00,1724682420,224.98,225.09,224.93,225.03,55386
2398,2024-08-26 07:28:00,1724682480,225.03,225.05,224.86,224.95,46395
2399,2024-08-26 07:29:00,1724682540,224.96,224.99,224.87,224.95,27099
2400,2024-08-26 07:30:00,1724682600,224.93,224.93,224.74,224.81,53492
2401,2024-08-26 07:31:00,1724682660,224.82,224.83,224.51,224.65,87658
2402,2024-08-26 07:32:00,1724682720,224.63,224.63,224.41,224.52,48570
2403,2024-08-26 07:33:00,1724682780,224.53,224.58,224.31,224.32,62294
2404,2024-08-26 07:34:00,1724682840,224.34,224.43,224.13,224.38,66541
2405,2024-08-26 07:35:00,1724682900,224.39,224.39,224.23,224.28,74426
2406,2024-08-26 07:36:00,1724682960,224.25,224.38,224.14,224.24,83214
2407,2024-08-26 07:37:00,1724683020,224.25,224.3,224.1,224.17,74671
2408,2024-08-26 07:38:00,1724683080,224.17,224.28,223.89,224.01,176233
2409,2024-08-26 07:39:00,1724683140,224.01,224.05,223.91,224.02,61373
2410,2024-08-26 07:40:00,1724683200,224.0,224.27,223.98,224.17,61826
2411,2024-08-26 07:41:00,1724683260,224.18,224.33,224.06,224.15,85988
2412,2024-08-26 07:42:00,1724683320,224.14,224.2,224.04,224.17,39097
2413,2024-08-26 07:43:00,1724683380,224.18,224.21,224.04,224.16,54821
2414,2024-08-26 07:44:00,1724683440,224.15,224.15,223.99,224.11,56827
2415,2024-08-26 07:45:00,1724683500,224.08,224.27,224.03,224.07,54582
2416,2024-08-26 07:46:00,1724683560,224.06,224.12,224.01,224.05,40770
2417,2024-08-26 07:47:00,1724683620,224.04,224.16,223.93,224.15,50965
2418,2024-08-26 07:48:00,1724683680,224.16,224.18,224.0,224.17,39958
2419,2024-08-26 07:49:00,1724683740,224.16,224.2,224.11,224.14,32647
2420,2024-08-26 07:50:00,1724683800,224.14,224.23,224.06,224.12,34013
2421,2024-08-26 07:51:00,1724683860,224.1,224.17,224.04,224.09,34936
2422,2024-08-26 07:52:00,1724683920,224.1,224.39,224.09,224.38,75003
2423,2024-08-26 07:53:00,1724683980,224.36,224.37,224.21,224.27,39555
2424,2024-08-26 07:54:00,1724684040,224.27,224.39,224.27,224.35,27775
2425,2024-08-26 07:55:00,1724684100,224.36,224.54,224.36,224.52,59331
2426,2024-08-26 07:56:00,1724684160,224.52,224.68,224.5,224.61,39654
2427,2024-08-26 07:57:00,1724684220,224.6,224.76,224.58,224.75,41336
2428,2024-08-26 07:58:00,1724684280,224.73,224.8,224.67,224.8,37989
2429,2024-08-26 07:59:00,1724684340,224.79,224.85,224.73,224.82,59223
2430,2024-08-26 08:00:00,1724684400,224.81,224.85,224.71,224.73,38450
2431,2024-08-26 08:01:00,1724684460,224.74,224.85,224.74,224.82,26945
2432,2024-08-26 08:02:00,1724684520,224.82,224.86,224.79,224.8,35141
2433,2024-08-26 08:03:00,1724684580,224.8,224.86,224.78,224.83,28053
2434,2024-08-26 08:04:00,1724684640,224.82,224.86,224.77,224.85,33110
2435,2024-08-26 08:05:00,1724684700,224.84,224.88,224.82,224.87,31237
2436,2024-08-26 08:06:00,1724684760,224.87,224.96,224.86,224.9,74177
2437,2024-08-26 08:07:00,1724684820,224.9,224.95,224.74,224.77,42000
2438,2024-08-26 08:08:00,1724684880,224.77,224.89,224.74,224.82,25749
2439,2024-08-26 08:09:00,1724684940,224.81,224.89,224.79,224.83,26518
2440,2024-08-26 08:10:00,1724685000,224.83,224.87,224.73,224.79,34433
2441,2024-08-26 08:11:00,1724685060,224.79,224.82,224.74,224.82,24438
2442,2024-08-26 08:12:00,1724685120,224.82,224.99,224.79,224.97,44706
2443,2024-08-26 08:13:00,1724685180,224.98,225.1,224.88,224.9,64900
2444,2024-08-26 08:14:00,1724685240,224.9,224.93,224.71,224.78,54361
2445,2024-08-26 08:15:00,1724685300,224.77,224.83,224.68,224.74,58519
2446,2024-08-26 08:16:00,1724685360,224.74,224.76,224.54,224.6,47134
2447,2024-08-26 08:17:00,1724685420,224.6,224.7,224.56,224.68,27673
2448,2024-08-26 08:18:00,1724685480,224.68,224.74,224.59,224.61,25385
2449,2024-08-26 08:19:00,1724685540,224.62,224.79,224.61,224.73,22014
2450,2024-08-26 08:20:00,1724685600,224.73,225.0,224.73,224.95,61237
2451,2024-08-26 08:21:00,1724685660,224.95,225.08,224.94,224.98,32444
2452,2024-08-26 08:22:00,1724685720,224.99,225.07,224.97,225.03,31679
2453,2024-08-26 08:23:00,1724685780,225.04,225.21,225.03,225.11,58614
2454,2024-08-26 08:24:00,1724685840,225.1,225.14,224.86,224.89,61705
2455,2024-08-26 08:25:00,1724685900,224.89,225.03,224.86,225.01,31472
2456,2024-08-26 08:26:00,1724685960,224.99,225.02,224.85,224.94,24103
2457,2024-08-26 08:27:00,1724686020,224.94,224.99,224.88,224.95,11531
2458,2024-08-26 08:28:00,1724686080,224.94,225.06,224.94,224.99,21486
2459,2024-08-26 08:29:00,1724686140,224.99,225.1,224.99,225.07,23010
2460,2024-08-26 08:30:00,1724686200,225.07,225.07,224.9,224.92,37153
2461,2024-08-26 08:31:00,1724686260,224.92,224.92,224.84,224.84,28651
2462,2024-08-26 08:32:00,1724686320,224.85,224.99,224.85,224.95,22491
2463,2024-08-26 08:33:00,1724686380,224.97,225.0,224.86,224.98,41219
2464,2024-08-26 08:34:00,1724686440,224.98,225.1,224.97,225.05,33119
2465,2024-08-26 08:35:00,1724686500,225.05,225.12,225.02,225.09,38338
2466,2024-08-26 08:36:00,1724686560,225.09,225.23,225.07,225.18,30887
2467,2024-08-26 08:37:00,1724686620,225.18,225.23,225.17,225.21,54335
2468,2024-08-26 08:38:00,1724686680,225.21,225.24,225.1,225.19,49810
2469,2024-08-26 08:39:00,1724686740,225.19,225.2,225.07,225.18,28238
2470,2024-08-26 08:40:00,1724686800,225.18,225.25,225.15,225.2,35432
2471,2024-08-26 08:41:00,1724686860,225.21,225.39,225.21,225.38,45005
2472,2024-08-26 08:42:00,1724686920,225.38,225.4,225.29,225.32,35525
2473,2024-08-26 08:43:00,1724686980,225.31,225.4,225.31,225.36,17463
2474,2024-08-26 08:44:00,1724687040,225.37,225.37,225.17,225.17,22378
2475,2024-08-26 08:45:00,1724687100,225.15,225.24,225.08,225.16,46122
2476,2024-08-26 08:46:00,1724687160,225.18,225.28,225.14,225.19,20458
2477,2024-08-26 08:47:00,1724687220,225.2,225.2,224.9,225.11,52094
2478,2024-08-26 08:48:00,1724687280,225.14,225.33,225.11,225.3,25963
2479,2024-08-26 08:49:00,1724687340,225.33,225.38,225.3,225.33,15823
2480,2024-08-26 08:50:00,1724687400,225.33,225.36,225.17,225.18,34228
2481,2024-08-26 08:51:00,1724687460,225.19,225.23,225.06,225.12,21765
2482,2024-08-26 08:52:00,1724687520,225.1,225.11,224.82,224.91,26811
2483,2024-08-26 08:53:00,1724687580,224.9,225.0,224.88,224.92,12106
2484,2024-08-26 08:54:00,1724687640,224.9,224.93,224.81,224.84,17012
2485,2024-08-26 08:55:00,1724687700,224.84,224.96,224.75,224.87,24263
2486,2024-08-26 08:56:00,1724687760,224.87,224.94,224.79,224.93,27771
2487,2024-08-26 08:57:00,1724687820,224.93,224.99,224.89,224.93,24901
2488,2024-08-26 08:58:00,1724687880,224.93,224.94,224.79,224.81,30235
2489,2024-08-26 08:59:00,1724687940,224.82,224.87,224.74,224.87,25219
2490,2024-08-26 09:00:00,1724688000,224.84,224.85,224.68,224.81,35144
2491,2024-08-26 09:01:00,1724688060,224.82,224.85,224.64,224.72,19704
2492,2024-08-26 09:02:00,1724688120,224.74,224.9,224.74,224.9,11719
2493,2024-08-26 09:03:00,1724688180,224.88,224.96,224.82,224.94,19344
2494,2024-08-26 09:04:00,1724688240,224.94,224.98,224.84,224.95,18021
2495,2024-08-26 09:05:00,1724688300,224.97,225.0,224.87,224.88,45027
2496,2024-08-26 09:06:00,1724688360,224.87,224.97,224.86,224.9,37449
2497,2024-08-26 09:07:00,1724688420,224.92,225.03,224.88,225.0,44998
2498,2024-08-26 09:08:00,1724688480,225.02,225.07,224.99,225.07,34504
2499,2024-08-26 09:09:00,1724688540,225.06,225.06,225.02,225.04,19930
2500,2024-08-26 09:10:00,1724688600,225.04,225.05,224.93,224.98,32529
2501,2024-08-26 09:11:00,1724688660,224.99,225.2,224.97,225.14,45377
2502,2024-08-26 09:12:00,1724688720,225.14,225.15,224.95,224.97,31801
2503,2024-08-26 09:13:00,1724688780,224.98,225.01,224.84,224.94,67547
2504,2024-08-26 09:14:00,1724688840,224.94,225.07,224.93,225.03,15573
2505,2024-08-26 09:15:00,1724688900,225.01,225.18,224.99,225.15,15336
2506,2024-08-26 09:16:00,1724688960,225.13,225.25,225.13,225.21,25851
2507,2024-08-26 09:17:00,1724689020,225.22,225.23,225.14,225.22,21919
2508,2024-08-26 09:18:00,1724689080,225.23,225.27,225.14,225.18,17756
2509,2024-08-26 09:19:00,1724689140,225.17,225.28,225.16,225.27,18843
2510,2024-08-26 09:20:00,1724689200,225.25,225.41,225.25,225.4,41818
2511,2024-08-26 09:21:00,1724689260,225.4,225.47,225.38,225.4,34691
2512,2024-08-26 09:22:00,1724689320,225.39,225.56,225.39,225.53,37318
2513,2024-08-26 09:23:00,1724689380,225.53,225.67,225.53,225.57,26665
2514,2024-08-26 09:24:00,1724689440,225.57,225.66,225.57,225.66,18186
2515,2024-08-26 09:25:00,1724689500,225.65,225.67,225.6,225.63,24038
2516,2024-08-26 09:26:00,1724689560,225.62,225.68,225.58,225.64,22901
2517,2024-08-26 09:27:00,1724689620,225.65,225.69,225.63,225.63,20601
2518,2024-08-26 09:28:00,1724689680,225.65,225.79,225.64,225.79,41038
2519,2024-08-26 09:29:00,1724689740,225.77,225.82,225.77,225.81,19785
2520,2024-08-26 09:30:00,1724689800,225.8,225.96,225.8,225.91,38652
2521,2024-08-26 09:31:00,1724689860,225.9,225.98,225.87,225.95,20007
2522,2024-08-26 09:32:00,1724689920,225.94,225.96,225.81,225.81,40841
2523,2024-08-26 09:33:00,1724689980,225.81,225.85,225.8,225.82,20726
2524,2024-08-26 09:34:00,1724690040,225.8,225.83,225.75,225.78,30131
2525,2024-08-26 09:35:00,1724690100,225.76,225.93,225.75,225.92,20833
2526,2024-08-26 09:36:00,1724690160,225.91,225.94,225.84,225.88,16698
2527,2024-08-26 09:37:00,1724690220,225.88,225.94,225.88,225.91,14784
2528,2024-08-26 09:38:00,1724690280,225.91,225.95,225.88,225.94,15798
2529,2024-08-26 09:39:00,1724690340,225.95,225.97,225.86,225.88,29800
2530,2024-08-26 09:40:00,1724690400,225.89,225.9,225.79,225.86,15869
2531,2024-08-26 09:41:00,1724690460,225.85,225.97,225.85,225.95,20431
2532,2024-08-26 09:42:00,1724690520,225.95,225.99,225.93,225.98,26850
2533,2024-08-26 09:43:00,1724690580,225.96,226.02,225.95,226.02,45332
2534,2024-08-26 09:44:00,1724690640,226.01,226.08,226.01,226.03,26442
2535,2024-08-26 09:45:00,1724690700,226.04,226.19,226.04,226.14,28914
2536,2024-08-26 09:46:00,1724690760,226.15,226.19,226.05,226.08,31152
2537,2024-08-26 09:47:00,1724690820,226.08,226.09,226.03,226.08,17525
2538,2024-08-26 09:48:00,1724690880,226.09,226.13,226.06,226.13,21276
2539,2024-08-26 09:49:00,1724690940,226.11,226.13,226.07,226.1,13390
2540,2024-08-26 09:50:00,1724691000,226.09,226.14,226.06,226.09,29079
2541,2024-08-26 09:51:00,1724691060,226.09,226.15,226.01,226.14,35498
2542,2024-08-26 09:52:00,1724691120,226.14,226.14,226.03,226.03,15802
2543,2024-08-26 09:53:00,1724691180,226.04,226.04,225.83,225.83,30120
2544,2024-08-26 09:54:00,1724691240,225.83,225.97,225.83,225.96,23213
2545,2024-08-26 09:55:00,1724691300,225.96,226.09,225.95,226.09,27677
2546,2024-08-26 09:56:00,1724691360,226.08,226.22,226.08,226.21,31922
2547,2024-08-26 09:57:00,1724691420,226.2,226.23,226.14,226.19,33162
2548,2024-08-26 09:58:00,1724691480,226.18,226.22,226.17,226.2,21166
2549,2024-08-26 09:59:00,1724691540,226.18,226.24,226.16,226.18,17222
2550,2024-08-26 10:00:00,1724691600,226.19,226.23,226.14,226.14,37263
2551,2024-08-26 10:01:00,1724691660,226.14,226.21,226.12,226.2,20493
2552,2024-08-26 10:02:00,1724691720,226.22,226.25,226.15,226.2,22184
2553,2024-08-26 10:03:00,1724691780,226.21,226.27,226.2,226.22,55248
2554,2024-08-26 10:04:00,1724691840,226.22,226.33,226.19,226.33,46338
2555,2024-08-26 10:05:00,1724691900,226.32,226.35,226.25,226.27,35646
2556,2024-08-26 10:06:00,1724691960,226.27,226.31,226.27,226.3,23344
2557,2024-08-26 10:07:00,1724692020,226.31,226.4,226.3,226.32,31937
2558,2024-08-26 10:08:00,1724692080,226.31,226.33,226.16,226.21,37071
2559,2024-08-26 10:09:00,1724692140,226.21,226.29,226.21,226.23,30630
2560,2024-08-26 10:10:00,1724692200,226.24,226.27,226.18,226.2,28629
2561,2024-08-26 10:11:00,1724692260,226.2,226.2,226.02,226.15,38057
2562,2024-08-26 10:12:00,1724692320,226.13,226.21,226.08,226.2,19607
2563,2024-08-26 10:13:00,1724692380,226.22,226.34,226.16,226.31,38042
2564,2024-08-26 10:14:00,1724692440,226.32,226.36,226.27,226.28,30553
2565,2024-08-26 10:15:00,1724692500,226.28,226.28,226.23,226.26,26187
2566,2024-08-26 10:16:00,1724692560,226.27,226.31,226.15,226.17,19229
2567,2024-08-26 10:17:00,1724692620,226.17,226.18,226.13,226.14,18847
2568,2024-08-26 10:18:00,1724692680,226.13,226.15,225.99,226.03,31600
2569,2024-08-26 10:19:00,1724692740,226.02,226.03,225.95,226.02,28605
2570,2024-08-26 10:20:00,1724692800,226.01,226.08,225.97,226.01,17200
2571,2024-08-26 10:21:00,1724692860,226.01,226.14,225.97,226.13,23935
2572,2024-08-26 10:22:00,1724692920,226.11,226.25,226.11,226.24,23538
2573,2024-08-26 10:23:00,1724692980,226.25,226.27,226.17,226.19,12571
2574,2024-08-26 10:24:00,1724693040,226.19,226.25,226.19,226.23,17532
2575,2024-08-26 10:25:00,1724693100,226.22,226.38,226.22,226.37,31977
2576,2024-08-26 10:26:00,1724693160,226.35,226.38,226.3,226.34,24040
2577,2024-08-26 10:27:00,1724693220,226.34,226.35,226.29,226.33,19786
2578,2024-08-26 10:28:00,1724693280,226.33,226.35,226.17,226.17,18802
2579,2024-08-26 10:29:00,1724693340,226.18,226.18,226.1,226.12,26831
2580,2024-08-26 10:30:00,1724693400,226.13,226.28,226.12,226.28,46078
2581,2024-08-26 10:31:00,1724693460,226.29,226.31,226.25,226.26,23708
2582,2024-08-26 10:32:00,1724693520,226.26,226.4,226.19,226.38,35143
2583,2024-08-26 10:33:00,1724693580,226.39,226.43,226.35,226.36,31164
2584,2024-08-26 10:34:00,1724693640,226.36,226.38,226.31,226.37,32481
2585,2024-08-26 10:35:00,1724693700,226.37,226.38,226.21,226.26,17556
2586,2024-08-26 10:36:00,1724693760,226.25,226.26,226.12,226.23,24519
2587,2024-08-26 10:37:00,1724693820,226.23,226.29,226.07,226.11,40789
2588,2024-08-26 10:38:00,1724693880,226.1,226.1,225.97,226.09,31444
2589,2024-08-26 10:39:00,1724693940,226.09,226.1,225.67,225.74,71150
2590,2024-08-26 10:40:00,1724694000,225.73,225.91,225.69,225.89,33728
2591,2024-08-26 10:41:00,1724694060,225.91,225.94,225.74,225.84,18207
2592,2024-08-26 10:42:00,1724694120,225.82,225.91,225.82,225.87,13467
2593,2024-08-26 10:43:00,1724694180,225.88,225.92,225.79,225.87,25899
2594,2024-08-26 10:44:00,1724694240,225.92,225.99,225.88,225.92,27519
2595,2024-08-26 10:45:00,1724694300,225.91,225.94,225.71,225.77,22470
2596,2024-08-26 10:46:00,1724694360,225.77,225.87,225.57,225.58,38188
2597,2024-08-26 10:47:00,1724694420,225.6,225.73,225.45,225.7,23753
2598,2024-08-26 10:48:00,1724694480,225.68,225.78,225.68,225.73,31683
2599,2024-08-26 10:49:00,1724694540,225.73,225.76,225.61,225.64,32685
2600,2024-08-26 10:50:00,1724694600,225.63,225.73,225.54,225.7,28120
2601,2024-08-26 10:51:00,1724694660,225.71,225.76,225.61,225.64,26997
2602,2024-08-26 10:52:00,1724694720,225.65,225.7,225.49,225.58,33942
2603,2024-08-26 10:53:00,1724694780,225.59,225.64,225.55,225.59,16136
2604,2024-08-26 10:54:00,1724694840,225.59,225.69,225.59,225.67,11621
2605,2024-08-26 10:55:00,1724694900,225.66,225.66,225.54,225.57,15720
2606,2024-08-26 10:56:00,1724694960,225.56,225.56,225.44,225.51,34339
2607,2024-08-26 10:57:00,1724695020,225.51,225.65,225.47,225.6,30594
2608,2024-08-26 10:58:00,1724695080,225.59,225.73,225.58,225.73,18289
2609,2024-08-26 10:59:00,1724695140,225.73,225.73,225.59,225.6,20873
2610,2024-08-26 11:00:00,1724695200,225.61,225.64,225.53,225.64,20961
2611,2024-08-26 11:01:00,1724695260,225.63,225.66,225.47,225.58,31629
2612,2024-08-26 11:02:00,1724695320,225.61,225.79,225.61,225.77,29437
2613,2024-08-26 11:03:00,1724695380,225.76,225.79,225.65,225.65,19105
2614,2024-08-26 11:04:00,1724695440,225.66,225.73,225.46,225.5,36168
2615,2024-08-26 11:05:00,1724695500,225.51,225.63,225.49,225.61,25719
2616,2024-08-26 11:06:00,1724695560,225.61,225.67,225.59,225.66,14588
2617,2024-08-26 11:07:00,1724695620,225.67,225.72,225.65,225.67,17211
2618,2024-08-26 11:08:00,1724695680,225.68,225.69,225.57,225.62,14727
2619,2024-08-26 11:09:00,1724695740,225.62,225.71,225.57,225.64,25563
2620,2024-08-26 11:10:00,1724695800,225.64,225.69,225.6,225.61,21948
2621,2024-08-26 11:11:00,1724695860,225.61,225.61,225.52,225.57,24542
2622,2024-08-26 11:12:00,1724695920,225.57,225.66,225.57,225.63,25171
2623,2024-08-26 11:13:00,1724695980,225.63,225.7,225.61,225.61,16726
2624,2024-08-26 11:14:00,1724696040,225.6,225.84,225.56,225.8,52016
2625,2024-08-26 11:15:00,1724696100,225.8,225.8,225.7,225.77,25623
2626,2024-08-26 11:16:00,1724696160,225.76,225.77,225.64,225.68,20631
2627,2024-08-26 11:17:00,1724696220,225.68,225.69,225.58,225.59,33275
2628,2024-08-26 11:18:00,1724696280,225.59,225.69,225.59,225.65,21175
2629,2024-08-26 11:19:00,1724696340,225.63,225.68,225.56,225.66,21505
2630,2024-08-26 11:20:00,1724696400,225.66,225.92,225.65,225.82,40204
2631,2024-08-26 11:21:00,1724696460,225.83,225.85,225.68,225.71,25574
2632,2024-08-26 11:22:00,1724696520,225.71,225.89,225.7,225.88,40051
2633,2024-08-26 11:23:00,1724696580,225.88,225.9,225.75,225.83,34923
2634,2024-08-26 11:24:00,1724696640,225.85,225.9,225.82,225.82,26906
2635,2024-08-26 11:25:00,1724696700,225.83,225.85,225.71,225.83,21763
2636,2024-08-26 11:26:00,1724696760,225.84,225.93,225.84,225.88,35255
2637,2024-08-26 11:27:00,1724696820,225.87,225.87,225.8,225.83,13555
2638,2024-08-26 11:28:00,1724696880,225.81,225.86,225.81,225.85,18197
2639,2024-08-26 11:29:00,1724696940,225.85,225.88,225.82,225.87,16099
2640,2024-08-26 11:30:00,1724697000,225.86,225.93,225.85,225.87,16745
2641,2024-08-26 11:31:00,1724697060,225.87,225.9,225.76,225.79,16705
2642,2024-08-26 11:32:00,1724697120,225.8,225.86,225.79,225.86,11324
2643,2024-08-26 11:33:00,1724697180,225.88,225.88,225.78,225.83,17881
2644,2024-08-26 11:34:00,1724697240,225.83,225.98,225.81,225.95,27868
2645,2024-08-26 11:35:00,1724697300,225.95,226.13,225.93,226.06,47574
2646,2024-08-26 11:36:00,1724697360,226.03,226.06,225.97,226.0,13236
2647,2024-08-26 11:37:00,1724697420,226.0,226.04,225.97,225.99,16062
2648,2024-08-26 11:38:00,1724697480,225.98,225.98,225.82,225.88,23416
2649,2024-08-26 11:39:00,1724697540,225.87,225.95,225.85,225.91,12723
2650,2024-08-26 11:40:00,1724697600,225.91,226.08,225.9,226.07,25138
2651,2024-08-26 11:41:00,1724697660,226.08,226.16,226.07,226.09,41364
2652,2024-08-26 11:42:00,1724697720,226.1,226.12,226.04,226.07,17597
2653,2024-08-26 11:43:00,1724697780,226.06,226.14,225.97,226.12,22570
2654,2024-08-26 11:44:00,1724697840,226.11,226.15,226.09,226.14,27348
2655,2024-08-26 11:45:00,1724697900,226.14,226.23,226.13,226.21,34390
2656,2024-08-26 11:46:00,1724697960,226.22,226.23,226.18,226.22,20599
2657,2024-08-26 11:47:00,1724698020,226.23,226.23,226.15,226.17,21769
2658,2024-08-26 11:48:00,1724698080,226.18,226.22,226.13,226.22,23672
2659,2024-08-26 11:49:00,1724698140,226.22,226.23,226.16,226.18,18649
2660,2024-08-26 11:50:00,1724698200,226.18,226.19,226.05,226.15,21938
2661,2024-08-26 11:51:00,1724698260,226.16,226.22,226.16,226.2,21360
2662,2024-08-26 11:52:00,1724698320,226.19,226.23,226.18,226.19,11324
2663,2024-08-26 11:53:00,1724698380,226.19,226.21,226.11,226.14,27964
2664,2024-08-26 11:54:00,1724698440,226.13,226.15,226.08,226.12,13970
2665,2024-08-26 11:55:00,1724698500,226.11,226.23,226.11,226.2,31574
2666,2024-08-26 11:56:00,1724698560,226.21,226.23,226.18,226.2,34479
2667,2024-08-26 11:57:00,1724698620,226.2,226.25,226.2,226.22,26515
2668,2024-08-26 11:58:00,1724698680,226.22,226.32,226.2,226.23,74116
2669,2024-08-26 11:59:00,1724698740,226.23,226.34,226.23,226.33,30329
2670,2024-08-26 12:00:00,1724698800,226.32,226.32,226.18,226.18,21951
2671,2024-08-26 12:01:00,1724698860,226.19,226.26,226.17,226.24,16106
2672,2024-08-26 12:02:00,1724698920,226.26,226.3,226.21,226.3,21947
2673,2024-08-26 12:03:00,1724698980,226.32,226.37,226.26,226.35,18056
2674,2024-08-26 12:04:00,1724699040,226.34,226.35,226.23,226.23,26691
2675,2024-08-26 12:05:00,1724699100,226.22,226.25,226.18,226.22,34856
2676,2024-08-26 12:06:00,1724699160,226.22,226.27,226.16,226.18,35801
2677,2024-08-26 12:07:00,1724699220,226.17,226.21,226.12,226.2,23289
2678,2024-08-26 12:08:00,1724699280,226.2,226.27,226.16,226.19,38619
2679,2024-08-26 12:09:00,1724699340,226.18,226.26,226.13,226.25,28916
2680,2024-08-26 12:10:00,1724699400,226.25,226.27,226.11,226.19,45079
2681,2024-08-26 12:11:00,1724699460,226.19,226.35,226.18,226.31,45329
2682,2024-08-26 12:12:00,1724699520,226.31,226.43,226.3,226.41,53740
2683,2024-08-26 12:13:00,1724699580,226.4,226.42,226.29,226.33,46471
2684,2024-08-26 12:14:00,1724699640,226.33,226.4,226.32,226.36,27306
2685,2024-08-26 12:15:00,1724699700,226.36,226.37,226.28,226.36,28355
2686,2024-08-26 12:16:00,1724699760,226.36,226.4,226.26,226.28,30706
2687,2024-08-26 12:17:00,1724699820,226.29,226.44,226.29,226.41,40870
2688,2024-08-26 12:18:00,1724699880,226.4,226.49,226.39,226.45,46009
2689,2024-08-26 12:19:00,1724699940,226.46,226.51,226.45,226.48,46131
2690,2024-08-26 12:20:00,1724700000,226.48,226.55,226.47,226.53,44215
2691,2024-08-26 12:21:00,1724700060,226.54,226.55,226.46,226.53,33133
2692,2024-08-26 12:22:00,1724700120,226.52,226.66,226.49,226.66,65909
2693,2024-08-26 12:23:00,1724700180,226.65,226.67,226.59,226.61,62282
2694,2024-08-26 12:24:00,1724700240,226.6,226.64,226.53,226.59,41869
2695,2024-08-26 12:25:00,1724700300,226.59,226.66,226.58,226.64,31532
2696,2024-08-26 12:26:00,1724700360,226.64,226.65,226.53,226.56,28344
2697,2024-08-26 12:27:00,1724700420,226.56,226.57,226.49,226.56,31663
2698,2024-08-26 12:28:00,1724700480,226.55,226.56,226.45,226.51,33228
2699,2024-08-26 12:29:00,1724700540,226.51,226.51,226.42,226.43,36015
2700,2024-08-26 12:30:00,1724700600,226.43,226.44,226.29,226.38,54990
2701,2024-08-26 12:31:00,1724700660,226.38,226.42,226.34,226.39,25474
2702,2024-08-26 12:32:00,1724700720,226.4,226.54,226.4,226.5,41189
2703,2024-08-26 12:33:00,1724700780,226.5,226.51,226.43,226.46,34422
2704,2024-08-26 12:34:00,1724700840,226.46,226.56,226.46,226.53,43240
2705,2024-08-26 12:35:00,1724700900,226.53,226.58,226.47,226.58,45891
2706,2024-08-26 12:36:00,1724700960,226.58,226.6,226.52,226.56,20128
2707,2024-08-26 12:37:00,1724701020,226.56,226.59,226.52,226.57,29223
2708,2024-08-26 12:38:00,1724701080,226.57,226.6,226.53,226.55,25144
2709,2024-08-26 12:39:00,1724701140,226.55,226.58,226.52,226.53,44381
2710,2024-08-26 12:40:00,1724701200,226.53,226.63,226.52,226.62,44110
2711,2024-08-26 12:41:00,1724701260,226.62,226.69,226.6,226.62,114078
2712,2024-08-26 12:42:00,1724701320,226.61,226.67,226.6,226.65,36351
2713,2024-08-26 12:43:00,1724701380,226.64,226.67,226.6,226.61,30902
2714,2024-08-26 12:44:00,1724701440,226.62,226.63,226.53,226.61,42969
2715,2024-08-26 12:45:00,1724701500,226.63,226.67,226.58,226.62,51412
2716,2024-08-26 12:46:00,1724701560,226.63,226.63,226.52,226.6,49400
2717,2024-08-26 12:47:00,1724701620,226.6,226.63,226.57,226.61,33926
2718,2024-08-26 12:48:00,1724701680,226.62,226.68,226.58,226.61,39752
2719,2024-08-26 12:49:00,1724701740,226.61,226.62,226.47,226.54,42561
2720,2024-08-26 12:50:00,1724701800,226.56,226.85,226.56,226.66,154724
2721,2024-08-26 12:51:00,1724701860,226.66,226.73,226.6,226.71,48699
2722,2024-08-26 12:52:00,1724701920,226.72,226.75,226.68,226.69,42556
2723,2024-08-26 12:53:00,1724701980,226.69,226.85,226.68,226.85,76378
2724,2024-08-26 12:54:00,1724702040,226.84,226.85,226.44,226.47,178508
2725,2024-08-26 12:55:00,1724702100,226.48,226.73,226.36,226.72,131648
2726,2024-08-26 12:56:00,1724702160,226.71,226.86,226.71,226.82,112662
2727,2024-08-26 12:57:00,1724702220,226.82,226.82,226.7,226.8,129215
2728,2024-08-26 12:58:00,1724702280,226.8,226.86,226.75,226.86,228359
2729,2024-08-26 12:59:00,1724702340,226.86,227.28,226.85,227.22,872485
