,date,time,open,high,low,close,volume
0,2024-08-16 06:30:00,1723815000,421.09,421.34,419.81,419.91,1331587
1,2024-08-16 06:31:00,1723815060,419.96,420.71,419.89,420.1,43912
2,2024-08-16 06:32:00,1723815120,420.06,420.06,419.16,419.91,54649
3,2024-08-16 06:33:00,1723815180,419.85,419.91,419.04,419.82,38915
4,2024-08-16 06:34:00,1723815240,419.73,420.13,419.58,419.98,20468
5,2024-08-16 06:35:00,1723815300,420.02,420.05,419.28,419.77,39545
6,2024-08-16 06:36:00,1723815360,419.82,420.73,419.67,420.7,39551
7,2024-08-16 06:37:00,1723815420,420.66,421.06,420.42,420.61,53104
8,2024-08-16 06:38:00,1723815480,420.62,420.63,419.58,419.86,21067
9,2024-08-16 06:39:00,1723815540,419.86,420.45,419.82,419.95,34552
10,2024-08-16 06:40:00,1723815600,420.0,420.5,419.84,419.84,41272
11,2024-08-16 06:41:00,1723815660,419.81,419.97,419.13,419.34,39588
12,2024-08-16 06:42:00,1723815720,419.26,419.54,419.21,419.36,22840
13,2024-08-16 06:43:00,1723815780,419.43,419.43,418.89,419.0,60357
14,2024-08-16 06:44:00,1723815840,418.91,419.2,418.81,419.07,23044
15,2024-08-16 06:45:00,1723815900,419.14,419.14,418.82,418.91,18506
16,2024-08-16 06:46:00,1723815960,418.9,419.12,418.72,418.83,18452
17,2024-08-16 06:47:00,1723816020,418.83,419.1,418.34,418.47,44404
18,2024-08-16 06:48:00,1723816080,418.42,418.48,418.23,418.4,22508
19,2024-08-16 06:49:00,1723816140,418.42,418.44,418.06,418.27,26641
20,2024-08-16 06:50:00,1723816200,418.2,418.63,418.17,418.51,28068
21,2024-08-16 06:51:00,1723816260,418.42,418.77,418.39,418.63,38518
22,2024-08-16 06:52:00,1723816320,418.65,418.66,418.17,418.26,26568
23,2024-08-16 06:53:00,1723816380,418.22,418.47,418.09,418.15,39391
24,2024-08-16 06:54:00,1723816440,418.16,418.16,417.3,417.64,67714
25,2024-08-16 06:55:00,1723816500,417.61,417.82,417.45,417.62,30099
26,2024-08-16 06:56:00,1723816560,417.64,417.97,417.54,417.8,25537
27,2024-08-16 06:57:00,1723816620,417.88,418.22,417.88,417.94,36220
28,2024-08-16 06:58:00,1723816680,417.95,417.99,417.5,417.69,46920
29,2024-08-16 06:59:00,1723816740,417.68,417.89,417.5,417.8,29194
30,2024-08-16 07:00:00,1723816800,417.79,418.48,417.68,418.46,37076
31,2024-08-16 07:01:00,1723816860,418.4,418.46,418.05,418.16,10954
32,2024-08-16 07:02:00,1723816920,418.21,418.3,417.94,418.05,21929
33,2024-08-16 07:03:00,1723816980,418.02,418.3,417.83,418.02,23500
34,2024-08-16 07:04:00,1723817040,418.07,418.35,418.01,418.33,25722
35,2024-08-16 07:05:00,1723817100,418.3,418.64,418.12,418.17,28591
36,2024-08-16 07:06:00,1723817160,418.33,418.73,418.3,418.73,22496
37,2024-08-16 07:07:00,1723817220,418.77,418.85,418.28,418.58,29531
38,2024-08-16 07:08:00,1723817280,418.58,418.66,418.3,418.42,34123
39,2024-08-16 07:09:00,1723817340,418.33,418.6,418.27,418.5,9674
40,2024-08-16 07:10:00,1723817400,418.54,418.9,418.45,418.67,19974
41,2024-08-16 07:11:00,1723817460,418.66,418.89,418.45,418.66,16789
42,2024-08-16 07:12:00,1723817520,418.56,418.67,418.38,418.56,14614
43,2024-08-16 07:13:00,1723817580,418.53,418.53,418.19,418.34,13241
44,2024-08-16 07:14:00,1723817640,418.34,418.49,418.26,418.31,26830
45,2024-08-16 07:15:00,1723817700,418.3,418.61,418.27,418.53,26777
46,2024-08-16 07:16:00,1723817760,418.52,418.68,418.27,418.42,22970
47,2024-08-16 07:17:00,1723817820,418.44,418.48,418.25,418.45,13939
48,2024-08-16 07:18:00,1723817880,418.43,418.98,418.31,418.84,32455
49,2024-08-16 07:19:00,1723817940,418.9,418.96,418.56,418.56,34232
50,2024-08-16 07:20:00,1723818000,418.53,418.76,418.5,418.67,21085
51,2024-08-16 07:21:00,1723818060,418.68,418.76,418.64,418.66,33714
52,2024-08-16 07:22:00,1723818120,418.68,418.75,418.45,418.59,21633
53,2024-08-16 07:23:00,1723818180,418.58,418.69,418.44,418.61,22327
54,2024-08-16 07:24:00,1723818240,418.59,418.62,418.44,418.5,12135
55,2024-08-16 07:25:00,1723818300,418.51,418.51,418.22,418.22,26184
56,2024-08-16 07:26:00,1723818360,418.27,418.56,418.26,418.33,14846
57,2024-08-16 07:27:00,1723818420,418.32,418.36,418.07,418.18,15632
58,2024-08-16 07:28:00,1723818480,418.21,418.24,418.02,418.04,13927
59,2024-08-16 07:29:00,1723818540,418.02,418.14,417.8,417.85,44297
60,2024-08-16 07:30:00,1723818600,417.82,418.1,417.8,417.89,30273
61,2024-08-16 07:31:00,1723818660,417.9,418.15,417.9,417.98,15063
62,2024-08-16 07:32:00,1723818720,417.9,417.91,417.58,417.64,31261
63,2024-08-16 07:33:00,1723818780,417.65,417.7,417.54,417.69,26652
64,2024-08-16 07:34:00,1723818840,417.68,417.95,417.68,417.92,24186
65,2024-08-16 07:35:00,1723818900,417.95,418.12,417.88,418.04,24928
66,2024-08-16 07:36:00,1723818960,418.04,418.16,417.98,418.13,11786
67,2024-08-16 07:37:00,1723819020,418.17,418.29,417.73,418.02,32687
68,2024-08-16 07:38:00,1723819080,417.99,418.42,417.99,418.33,18791
69,2024-08-16 07:39:00,1723819140,418.37,418.42,418.04,418.18,11591
70,2024-08-16 07:40:00,1723819200,418.2,418.22,417.74,417.77,14244
71,2024-08-16 07:41:00,1723819260,417.75,417.88,417.62,417.86,26451
72,2024-08-16 07:42:00,1723819320,417.83,418.02,417.83,418.02,15954
73,2024-08-16 07:43:00,1723819380,418.06,418.36,418.04,418.3,12637
74,2024-08-16 07:44:00,1723819440,418.35,418.35,418.15,418.31,10355
75,2024-08-16 07:45:00,1723819500,418.35,418.47,418.28,418.47,9686
76,2024-08-16 07:46:00,1723819560,418.49,418.54,418.25,418.26,10635
77,2024-08-16 07:47:00,1723819620,418.28,418.3,418.14,418.3,8608
78,2024-08-16 07:48:00,1723819680,418.27,418.35,417.61,417.64,32332
79,2024-08-16 07:49:00,1723819740,417.67,417.68,417.43,417.59,35037
80,2024-08-16 07:50:00,1723819800,417.64,417.73,417.54,417.55,17605
81,2024-08-16 07:51:00,1723819860,417.54,418.1,417.52,418.01,33112
82,2024-08-16 07:52:00,1723819920,418.03,418.33,417.94,418.3,24161
83,2024-08-16 07:53:00,1723819980,418.33,418.46,418.05,418.05,14365
84,2024-08-16 07:54:00,1723820040,418.09,418.09,417.76,417.87,20779
85,2024-08-16 07:55:00,1723820100,417.87,417.98,417.7,417.8,16377
86,2024-08-16 07:56:00,1723820160,417.77,417.94,417.71,417.71,9606
87,2024-08-16 07:57:00,1723820220,417.72,417.73,417.44,417.55,30944
88,2024-08-16 07:58:00,1723820280,417.56,417.68,417.43,417.45,10250
89,2024-08-16 07:59:00,1723820340,417.46,417.82,417.46,417.79,28430
90,2024-08-16 08:00:00,1723820400,417.79,417.9,417.65,417.87,26223
91,2024-08-16 08:01:00,1723820460,417.92,417.96,417.64,417.83,17461
92,2024-08-16 08:02:00,1723820520,417.8,418.08,417.8,418.08,16962
93,2024-08-16 08:03:00,1723820580,418.09,418.1,417.77,417.8,12794
94,2024-08-16 08:04:00,1723820640,417.77,418.05,417.75,418.05,10616
95,2024-08-16 08:05:00,1723820700,418.0,418.03,417.56,417.6,19293
96,2024-08-16 08:06:00,1723820760,417.65,417.65,417.4,417.46,23660
97,2024-08-16 08:07:00,1723820820,417.46,417.7,417.31,417.7,19863
98,2024-08-16 08:08:00,1723820880,417.65,417.8,417.57,417.76,13281
99,2024-08-16 08:09:00,1723820940,417.78,417.81,417.63,417.73,9125
100,2024-08-16 08:10:00,1723821000,417.71,417.72,417.33,417.47,15686
101,2024-08-16 08:11:00,1723821060,417.45,417.7,417.36,417.64,9733
102,2024-08-16 08:12:00,1723821120,417.66,417.69,417.35,417.55,12231
103,2024-08-16 08:13:00,1723821180,417.52,417.68,417.42,417.48,20090
104,2024-08-16 08:14:00,1723821240,417.48,417.74,417.46,417.7,10160
105,2024-08-16 08:15:00,1723821300,417.67,417.75,417.46,417.61,7192
106,2024-08-16 08:16:00,1723821360,417.61,417.76,417.31,417.45,11652
107,2024-08-16 08:17:00,1723821420,417.44,417.61,417.31,417.6,18383
108,2024-08-16 08:18:00,1723821480,417.64,417.64,417.38,417.51,16066
109,2024-08-16 08:19:00,1723821540,417.55,417.85,417.54,417.83,29717
110,2024-08-16 08:20:00,1723821600,417.84,417.84,417.5,417.68,14235
111,2024-08-16 08:21:00,1723821660,417.63,418.06,417.63,418.05,14594
112,2024-08-16 08:22:00,1723821720,418.08,418.27,417.97,418.21,19992
113,2024-08-16 08:23:00,1723821780,418.18,418.36,418.07,418.07,17075
114,2024-08-16 08:24:00,1723821840,418.11,418.2,418.1,418.14,9043
115,2024-08-16 08:25:00,1723821900,418.09,418.09,417.93,418.03,6711
116,2024-08-16 08:26:00,1723821960,418.03,418.1,417.88,417.88,13805
117,2024-08-16 08:27:00,1723822020,417.85,418.1,417.85,418.04,6308
118,2024-08-16 08:28:00,1723822080,418.04,418.15,417.87,418.15,7877
119,2024-08-16 08:29:00,1723822140,418.12,418.18,417.95,417.95,15716
120,2024-08-16 08:30:00,1723822200,417.95,418.16,417.91,417.99,8238
121,2024-08-16 08:31:00,1723822260,417.98,417.98,417.8,417.83,20774
122,2024-08-16 08:32:00,1723822320,417.83,417.9,417.74,417.81,9522
123,2024-08-16 08:33:00,1723822380,417.82,417.85,417.66,417.73,7437
124,2024-08-16 08:34:00,1723822440,417.75,417.95,417.75,417.78,8311
125,2024-08-16 08:35:00,1723822500,417.78,418.1,417.78,418.06,12947
126,2024-08-16 08:36:00,1723822560,418.09,418.15,417.95,418.08,12736
127,2024-08-16 08:37:00,1723822620,418.09,418.18,418.01,418.18,7729
128,2024-08-16 08:38:00,1723822680,418.18,418.33,418.16,418.33,28846
129,2024-08-16 08:39:00,1723822740,418.31,418.53,418.31,418.49,14961
130,2024-08-16 08:40:00,1723822800,418.49,418.65,418.44,418.46,27893
131,2024-08-16 08:41:00,1723822860,418.45,418.68,418.45,418.5,18531
132,2024-08-16 08:42:00,1723822920,418.46,418.64,418.46,418.62,13825
133,2024-08-16 08:43:00,1723822980,418.63,418.69,418.55,418.67,14350
134,2024-08-16 08:44:00,1723823040,418.67,418.7,418.6,418.63,18970
135,2024-08-16 08:45:00,1723823100,418.6,418.64,418.51,418.63,10127
136,2024-08-16 08:46:00,1723823160,418.62,418.88,418.58,418.88,15079
137,2024-08-16 08:47:00,1723823220,418.86,418.95,418.84,418.85,14568
138,2024-08-16 08:48:00,1723823280,418.85,418.87,418.73,418.8,9009
139,2024-08-16 08:49:00,1723823340,418.79,418.84,418.71,418.76,11238
140,2024-08-16 08:50:00,1723823400,418.75,418.77,418.45,418.45,13514
141,2024-08-16 08:51:00,1723823460,418.49,418.63,418.49,418.6,7043
142,2024-08-16 08:52:00,1723823520,418.57,418.65,418.57,418.65,14709
143,2024-08-16 08:53:00,1723823580,418.65,418.75,418.52,418.73,11713
144,2024-08-16 08:54:00,1723823640,418.74,418.74,418.65,418.66,8338
145,2024-08-16 08:55:00,1723823700,418.65,418.71,418.62,418.63,9870
146,2024-08-16 08:56:00,1723823760,418.66,418.68,418.54,418.62,10255
147,2024-08-16 08:57:00,1723823820,418.61,418.61,418.36,418.48,13815
148,2024-08-16 08:58:00,1723823880,418.46,418.72,418.45,418.67,10066
149,2024-08-16 08:59:00,1723823940,418.69,418.72,418.57,418.59,7038
150,2024-08-16 09:00:00,1723824000,418.5,418.63,418.42,418.56,5044
151,2024-08-16 09:01:00,1723824060,418.58,418.65,418.51,418.54,2896
152,2024-08-16 09:02:00,1723824120,418.52,418.52,418.46,418.51,5262
153,2024-08-16 09:03:00,1723824180,418.52,418.54,418.43,418.47,4427
154,2024-08-16 09:04:00,1723824240,418.45,418.51,418.28,418.28,8447
155,2024-08-16 09:05:00,1723824300,418.28,418.45,418.22,418.45,7310
156,2024-08-16 09:06:00,1723824360,418.44,418.47,418.35,418.45,4325
157,2024-08-16 09:07:00,1723824420,418.45,418.61,418.39,418.58,15318
158,2024-08-16 09:08:00,1723824480,418.56,418.66,418.54,418.59,7009
159,2024-08-16 09:09:00,1723824540,418.57,418.58,418.45,418.53,8675
160,2024-08-16 09:10:00,1723824600,418.54,418.7,418.5,418.69,6784
161,2024-08-16 09:11:00,1723824660,418.73,418.77,418.56,418.63,17112
162,2024-08-16 09:12:00,1723824720,418.59,418.61,418.56,418.61,3175
163,2024-08-16 09:13:00,1723824780,418.61,418.75,418.61,418.68,8154
164,2024-08-16 09:14:00,1723824840,418.67,418.72,418.62,418.71,7923
165,2024-08-16 09:15:00,1723824900,418.71,418.8,418.65,418.66,7002
166,2024-08-16 09:16:00,1723824960,418.64,418.67,418.55,418.56,6727
167,2024-08-16 09:17:00,1723825020,418.59,418.8,418.58,418.8,13467
168,2024-08-16 09:18:00,1723825080,418.78,418.91,418.76,418.9,31234
169,2024-08-16 09:19:00,1723825140,418.9,418.95,418.78,418.9,19998
170,2024-08-16 09:20:00,1723825200,418.91,419.16,418.89,419.14,26212
171,2024-08-16 09:21:00,1723825260,419.12,419.3,419.08,419.25,22729
172,2024-08-16 09:22:00,1723825320,419.25,419.35,419.25,419.33,17977
173,2024-08-16 09:23:00,1723825380,419.35,419.44,419.25,419.43,11796
174,2024-08-16 09:24:00,1723825440,419.42,419.43,419.37,419.43,10462
175,2024-08-16 09:25:00,1723825500,419.45,419.45,418.95,418.99,16585
176,2024-08-16 09:26:00,1723825560,419.02,419.09,418.93,419.0,10626
177,2024-08-16 09:27:00,1723825620,419.04,419.23,419.04,419.16,6538
178,2024-08-16 09:28:00,1723825680,419.17,419.21,419.09,419.13,6631
179,2024-08-16 09:29:00,1723825740,419.12,419.21,419.12,419.14,7551
180,2024-08-16 09:30:00,1723825800,419.15,419.2,419.0,419.19,9089
181,2024-08-16 09:31:00,1723825860,419.19,419.2,419.12,419.2,12548
182,2024-08-16 09:32:00,1723825920,419.17,419.2,419.12,419.12,12128
183,2024-08-16 09:33:00,1723825980,419.14,419.3,419.11,419.27,14334
184,2024-08-16 09:34:00,1723826040,419.27,419.42,419.27,419.42,7932
185,2024-08-16 09:35:00,1723826100,419.44,419.45,419.24,419.35,11738
186,2024-08-16 09:36:00,1723826160,419.38,419.44,419.35,419.38,10499
187,2024-08-16 09:37:00,1723826220,419.39,419.4,419.27,419.3,5112
188,2024-08-16 09:38:00,1723826280,419.29,419.29,419.11,419.19,8986
189,2024-08-16 09:39:00,1723826340,419.19,419.2,419.09,419.19,7883
190,2024-08-16 09:40:00,1723826400,419.17,419.17,419.07,419.11,7934
191,2024-08-16 09:41:00,1723826460,419.15,419.27,419.15,419.27,16230
192,2024-08-16 09:42:00,1723826520,419.19,419.27,419.04,419.13,14936
193,2024-08-16 09:43:00,1723826580,419.15,419.29,419.14,419.2,15719
194,2024-08-16 09:44:00,1723826640,419.13,419.15,419.02,419.03,10803
195,2024-08-16 09:45:00,1723826700,419.04,419.1,418.98,418.99,13880
196,2024-08-16 09:46:00,1723826760,419.0,419.15,418.98,419.11,15230
197,2024-08-16 09:47:00,1723826820,419.12,419.18,419.02,419.06,12530
198,2024-08-16 09:48:00,1723826880,419.05,419.23,419.04,419.23,11574
199,2024-08-16 09:49:00,1723826940,419.22,419.37,419.22,419.34,11673
200,2024-08-16 09:50:00,1723827000,419.32,419.4,419.28,419.38,11758
201,2024-08-16 09:51:00,1723827060,419.38,419.38,419.28,419.3,7193
202,2024-08-16 09:52:00,1723827120,419.3,419.34,419.21,419.28,7251
203,2024-08-16 09:53:00,1723827180,419.27,419.34,419.2,419.3,5924
204,2024-08-16 09:54:00,1723827240,419.31,419.4,419.27,419.4,3989
205,2024-08-16 09:55:00,1723827300,419.4,419.4,419.27,419.28,9819
206,2024-08-16 09:56:00,1723827360,419.29,419.33,419.28,419.31,5002
207,2024-08-16 09:57:00,1723827420,419.35,419.53,419.33,419.53,21272
208,2024-08-16 09:58:00,1723827480,419.53,419.65,419.53,419.56,8268
209,2024-08-16 09:59:00,1723827540,419.55,419.58,419.5,419.56,4577
210,2024-08-16 10:00:00,1723827600,419.56,419.58,419.44,419.5,3757
211,2024-08-16 10:01:00,1723827660,419.54,419.54,419.35,419.5,11454
212,2024-08-16 10:02:00,1723827720,419.53,419.61,419.35,419.41,9339
213,2024-08-16 10:03:00,1723827780,419.48,419.53,419.47,419.52,11712
214,2024-08-16 10:04:00,1723827840,419.52,419.54,419.4,419.46,14787
215,2024-08-16 10:05:00,1723827900,419.49,419.49,419.33,419.45,7432
216,2024-08-16 10:06:00,1723827960,419.48,419.5,419.34,419.5,3640
217,2024-08-16 10:07:00,1723828020,419.46,419.52,419.37,419.41,3963
218,2024-08-16 10:08:00,1723828080,419.34,419.34,419.23,419.24,10346
219,2024-08-16 10:09:00,1723828140,419.25,419.28,419.14,419.2,15082
220,2024-08-16 10:10:00,1723828200,419.21,419.23,419.12,419.2,8250
221,2024-08-16 10:11:00,1723828260,419.16,419.23,419.15,419.17,15305
222,2024-08-16 10:12:00,1723828320,419.15,419.23,419.11,419.11,8682
223,2024-08-16 10:13:00,1723828380,419.11,419.41,419.1,419.38,11928
224,2024-08-16 10:14:00,1723828440,419.39,419.43,419.27,419.27,11320
225,2024-08-16 10:15:00,1723828500,419.24,419.29,419.16,419.16,4294
226,2024-08-16 10:16:00,1723828560,419.15,419.3,419.1,419.23,12383
227,2024-08-16 10:17:00,1723828620,419.23,419.36,419.23,419.3,4278
228,2024-08-16 10:18:00,1723828680,419.3,419.37,419.27,419.37,5909
229,2024-08-16 10:19:00,1723828740,419.41,419.53,419.36,419.52,7973
230,2024-08-16 10:20:00,1723828800,419.53,419.59,419.43,419.51,13331
231,2024-08-16 10:21:00,1723828860,419.52,419.54,419.34,419.34,8886
232,2024-08-16 10:22:00,1723828920,419.37,419.47,419.37,419.45,4143
233,2024-08-16 10:23:00,1723828980,419.44,419.59,419.43,419.58,4937
234,2024-08-16 10:24:00,1723829040,419.6,419.67,419.57,419.66,9914
235,2024-08-16 10:25:00,1723829100,419.65,419.68,419.61,419.62,5713
236,2024-08-16 10:26:00,1723829160,419.62,419.62,419.49,419.56,7429
237,2024-08-16 10:27:00,1723829220,419.56,419.58,419.42,419.55,4035
238,2024-08-16 10:28:00,1723829280,419.53,419.58,419.47,419.47,6056
239,2024-08-16 10:29:00,1723829340,419.5,419.6,419.44,419.5,17871
240,2024-08-16 10:30:00,1723829400,419.52,419.63,419.47,419.61,8931
241,2024-08-16 10:31:00,1723829460,419.62,419.68,419.58,419.66,4808
242,2024-08-16 10:32:00,1723829520,419.66,419.66,419.6,419.6,5110
243,2024-08-16 10:33:00,1723829580,419.6,419.61,419.52,419.52,4656
244,2024-08-16 10:34:00,1723829640,419.56,419.56,419.34,419.34,8623
245,2024-08-16 10:35:00,1723829700,419.37,419.5,419.33,419.45,8615
246,2024-08-16 10:36:00,1723829760,419.45,419.55,419.43,419.52,7423
247,2024-08-16 10:37:00,1723829820,419.53,419.55,419.47,419.48,6399
248,2024-08-16 10:38:00,1723829880,419.45,419.45,419.3,419.32,6592
249,2024-08-16 10:39:00,1723829940,419.35,419.38,419.25,419.26,5480
250,2024-08-16 10:40:00,1723830000,419.29,419.33,419.27,419.29,7652
251,2024-08-16 10:41:00,1723830060,419.31,419.31,419.13,419.16,8707
252,2024-08-16 10:42:00,1723830120,419.15,419.22,419.13,419.18,8180
253,2024-08-16 10:43:00,1723830180,419.18,419.19,419.1,419.19,12990
254,2024-08-16 10:44:00,1723830240,419.19,419.28,419.17,419.28,7698
255,2024-08-16 10:45:00,1723830300,419.26,419.3,419.22,419.25,3743
256,2024-08-16 10:46:00,1723830360,419.25,419.28,419.18,419.18,4160
257,2024-08-16 10:47:00,1723830420,419.18,419.19,418.95,418.99,16805
258,2024-08-16 10:48:00,1723830480,418.99,418.99,418.96,418.98,11372
259,2024-08-16 10:49:00,1723830540,418.97,418.99,418.96,418.98,13165
260,2024-08-16 10:50:00,1723830600,418.97,418.98,418.52,418.67,27060
261,2024-08-16 10:51:00,1723830660,418.67,418.88,418.63,418.76,8636
262,2024-08-16 10:52:00,1723830720,418.73,418.73,418.63,418.66,5147
263,2024-08-16 10:53:00,1723830780,418.61,418.62,418.52,418.6,9338
264,2024-08-16 10:54:00,1723830840,418.59,418.67,418.55,418.63,10092
265,2024-08-16 10:55:00,1723830900,418.65,418.76,418.64,418.73,7153
266,2024-08-16 10:56:00,1723830960,418.79,418.8,418.68,418.77,5116
267,2024-08-16 10:57:00,1723831020,418.78,418.96,418.77,418.93,8208
268,2024-08-16 10:58:00,1723831080,418.96,419.01,418.94,418.99,3445
269,2024-08-16 10:59:00,1723831140,418.99,419.1,418.98,419.08,6421
270,2024-08-16 11:00:00,1723831200,419.08,419.12,418.9,418.9,14751
271,2024-08-16 11:01:00,1723831260,418.89,419.0,418.83,418.83,14618
272,2024-08-16 11:02:00,1723831320,418.86,418.89,418.81,418.83,5424
273,2024-08-16 11:03:00,1723831380,418.81,418.82,418.71,418.71,7096
274,2024-08-16 11:04:00,1723831440,418.71,418.73,418.68,418.71,6341
275,2024-08-16 11:05:00,1723831500,418.72,418.74,418.63,418.63,10527
276,2024-08-16 11:06:00,1723831560,418.63,418.68,418.6,418.63,9863
277,2024-08-16 11:07:00,1723831620,418.64,418.67,418.56,418.56,6109
278,2024-08-16 11:08:00,1723831680,418.58,418.61,418.53,418.61,4179
279,2024-08-16 11:09:00,1723831740,418.63,418.67,418.47,418.53,13877
280,2024-08-16 11:10:00,1723831800,418.52,418.58,418.46,418.58,5091
281,2024-08-16 11:11:00,1723831860,418.57,418.66,418.54,418.63,11534
282,2024-08-16 11:12:00,1723831920,418.63,418.66,418.61,418.65,2828
283,2024-08-16 11:13:00,1723831980,418.65,418.65,418.41,418.5,19723
284,2024-08-16 11:14:00,1723832040,418.53,418.59,418.52,418.56,5020
285,2024-08-16 11:15:00,1723832100,418.57,418.66,418.56,418.66,18607
286,2024-08-16 11:16:00,1723832160,418.64,418.66,418.59,418.62,5109
287,2024-08-16 11:17:00,1723832220,418.65,418.66,418.61,418.62,12632
288,2024-08-16 11:18:00,1723832280,418.6,418.64,418.55,418.56,9946
289,2024-08-16 11:19:00,1723832340,418.56,418.66,418.55,418.65,9427
290,2024-08-16 11:20:00,1723832400,418.65,418.65,418.49,418.49,8305
291,2024-08-16 11:21:00,1723832460,418.49,418.61,418.44,418.61,9836
292,2024-08-16 11:22:00,1723832520,418.61,418.65,418.52,418.61,10235
293,2024-08-16 11:23:00,1723832580,418.6,418.64,418.54,418.58,7221
294,2024-08-16 11:24:00,1723832640,418.59,418.6,418.49,418.53,5577
295,2024-08-16 11:25:00,1723832700,418.52,418.64,418.5,418.63,8891
296,2024-08-16 11:26:00,1723832760,418.64,418.68,418.59,418.68,5133
297,2024-08-16 11:27:00,1723832820,418.68,418.81,418.68,418.81,11381
298,2024-08-16 11:28:00,1723832880,418.78,418.86,418.76,418.85,18865
299,2024-08-16 11:29:00,1723832940,418.85,418.93,418.83,418.93,4824
300,2024-08-16 11:30:00,1723833000,418.94,418.98,418.79,418.87,9699
301,2024-08-16 11:31:00,1723833060,418.89,418.9,418.79,418.89,5184
302,2024-08-16 11:32:00,1723833120,418.89,418.93,418.82,418.9,6074
303,2024-08-16 11:33:00,1723833180,418.88,418.99,418.88,418.96,4756
304,2024-08-16 11:34:00,1723833240,418.96,419.09,418.96,419.07,13073
305,2024-08-16 11:35:00,1723833300,419.05,419.14,419.03,419.06,11194
306,2024-08-16 11:36:00,1723833360,419.06,419.14,419.04,419.06,9660
307,2024-08-16 11:37:00,1723833420,419.03,419.07,418.98,419.01,9537
308,2024-08-16 11:38:00,1723833480,419.01,419.09,418.96,418.97,5669
309,2024-08-16 11:39:00,1723833540,418.98,419.11,418.96,419.05,8430
310,2024-08-16 11:40:00,1723833600,419.05,419.14,419.04,419.14,4588
311,2024-08-16 11:41:00,1723833660,419.12,419.13,418.98,419.0,8135
312,2024-08-16 11:42:00,1723833720,419.02,419.02,418.81,418.81,8539
313,2024-08-16 11:43:00,1723833780,418.8,418.85,418.75,418.75,6622
314,2024-08-16 11:44:00,1723833840,418.8,418.8,418.68,418.69,34581
315,2024-08-16 11:45:00,1723833900,418.72,418.83,418.71,418.73,6771
316,2024-08-16 11:46:00,1723833960,418.78,418.78,418.65,418.68,6732
317,2024-08-16 11:47:00,1723834020,418.65,418.7,418.6,418.62,10609
318,2024-08-16 11:48:00,1723834080,418.62,418.66,418.52,418.63,11298
319,2024-08-16 11:49:00,1723834140,418.63,418.73,418.63,418.68,8212
320,2024-08-16 11:50:00,1723834200,418.7,418.74,418.66,418.7,10442
321,2024-08-16 11:51:00,1723834260,418.69,418.77,418.67,418.71,9553
322,2024-08-16 11:52:00,1723834320,418.71,418.77,418.67,418.75,4691
323,2024-08-16 11:53:00,1723834380,418.74,418.86,418.73,418.85,6206
324,2024-08-16 11:54:00,1723834440,418.85,418.99,418.85,418.95,12102
325,2024-08-16 11:55:00,1723834500,418.95,419.01,418.91,418.96,13833
326,2024-08-16 11:56:00,1723834560,418.95,419.04,418.93,418.99,7461
327,2024-08-16 11:57:00,1723834620,418.92,418.94,418.89,418.89,11687
328,2024-08-16 11:58:00,1723834680,418.9,418.92,418.87,418.91,12556
329,2024-08-16 11:59:00,1723834740,418.9,419.03,418.89,418.94,26202
330,2024-08-16 12:00:00,1723834800,418.93,418.93,418.87,418.89,8029
331,2024-08-16 12:01:00,1723834860,418.9,418.9,418.83,418.88,9677
332,2024-08-16 12:02:00,1723834920,418.85,418.88,418.77,418.8,10937
333,2024-08-16 12:03:00,1723834980,418.8,418.84,418.77,418.83,20072
334,2024-08-16 12:04:00,1723835040,418.8,418.82,418.65,418.82,9756
335,2024-08-16 12:05:00,1723835100,418.85,418.96,418.83,418.96,9550
336,2024-08-16 12:06:00,1723835160,418.91,418.95,418.88,418.9,4870
337,2024-08-16 12:07:00,1723835220,418.91,418.91,418.67,418.69,9167
338,2024-08-16 12:08:00,1723835280,418.7,418.81,418.67,418.78,5504
339,2024-08-16 12:09:00,1723835340,418.79,418.84,418.77,418.81,4866
340,2024-08-16 12:10:00,1723835400,418.8,418.9,418.69,418.76,6892
341,2024-08-16 12:11:00,1723835460,418.76,418.84,418.72,418.81,8805
342,2024-08-16 12:12:00,1723835520,418.83,418.86,418.78,418.79,5160
343,2024-08-16 12:13:00,1723835580,418.77,418.95,418.76,418.89,9505
344,2024-08-16 12:14:00,1723835640,418.89,418.95,418.83,418.84,4966
345,2024-08-16 12:15:00,1723835700,418.8,418.95,418.79,418.94,6521
346,2024-08-16 12:16:00,1723835760,418.94,418.95,418.81,418.83,9429
347,2024-08-16 12:17:00,1723835820,418.85,418.95,418.82,418.9,8611
348,2024-08-16 12:18:00,1723835880,418.89,418.93,418.85,418.88,11033
349,2024-08-16 12:19:00,1723835940,418.88,419.04,418.88,419.04,22583
350,2024-08-16 12:20:00,1723836000,419.0,419.01,418.83,418.91,7550
351,2024-08-16 12:21:00,1723836060,418.92,418.98,418.8,418.93,21856
352,2024-08-16 12:22:00,1723836120,419.0,419.02,418.96,419.02,3590
353,2024-08-16 12:23:00,1723836180,418.98,419.04,418.94,418.97,7384
354,2024-08-16 12:24:00,1723836240,418.95,419.0,418.85,418.91,16056
355,2024-08-16 12:25:00,1723836300,418.89,418.93,418.86,418.91,4868
356,2024-08-16 12:26:00,1723836360,418.87,418.94,418.71,418.91,20557
357,2024-08-16 12:27:00,1723836420,418.92,418.95,418.87,418.91,8368
358,2024-08-16 12:28:00,1723836480,418.93,418.93,418.85,418.88,9210
359,2024-08-16 12:29:00,1723836540,418.89,418.95,418.83,418.88,10520
360,2024-08-16 12:30:00,1723836600,418.9,418.96,418.83,418.89,13363
361,2024-08-16 12:31:00,1723836660,418.89,419.03,418.89,419.01,12556
362,2024-08-16 12:32:00,1723836720,419.03,419.18,418.99,419.05,14731
363,2024-08-16 12:33:00,1723836780,419.02,419.16,418.97,419.12,15062
364,2024-08-16 12:34:00,1723836840,419.14,419.24,419.12,419.2,18307
365,2024-08-16 12:35:00,1723836900,419.2,419.22,419.11,419.18,16568
366,2024-08-16 12:36:00,1723836960,419.16,419.18,419.0,419.05,26042
367,2024-08-16 12:37:00,1723837020,419.08,419.13,419.01,419.11,10335
368,2024-08-16 12:38:00,1723837080,419.13,419.14,418.93,418.93,10519
369,2024-08-16 12:39:00,1723837140,418.99,419.01,418.91,418.99,8924
370,2024-08-16 12:40:00,1723837200,418.97,419.02,418.86,418.96,8489
371,2024-08-16 12:41:00,1723837260,418.98,418.98,418.88,418.88,9272
372,2024-08-16 12:42:00,1723837320,418.88,418.9,418.79,418.8,22007
373,2024-08-16 12:43:00,1723837380,418.78,418.81,418.71,418.74,6883
374,2024-08-16 12:44:00,1723837440,418.76,418.76,418.55,418.58,17244
375,2024-08-16 12:45:00,1723837500,418.61,418.69,418.48,418.6,16929
376,2024-08-16 12:46:00,1723837560,418.57,418.57,418.36,418.45,22676
377,2024-08-16 12:47:00,1723837620,418.45,418.63,418.31,418.55,34634
378,2024-08-16 12:48:00,1723837680,418.57,418.64,418.42,418.57,18672
379,2024-08-16 12:49:00,1723837740,418.59,418.6,418.45,418.51,13453
380,2024-08-16 12:50:00,1723837800,418.4,418.58,418.39,418.55,21060
381,2024-08-16 12:51:00,1723837860,418.53,418.63,418.44,418.57,28778
382,2024-08-16 12:52:00,1723837920,418.57,418.7,418.55,418.62,11782
383,2024-08-16 12:53:00,1723837980,418.58,418.77,418.55,418.76,20008
384,2024-08-16 12:54:00,1723838040,418.76,418.79,418.44,418.57,40607
385,2024-08-16 12:55:00,1723838100,418.51,418.76,418.39,418.67,47515
386,2024-08-16 12:56:00,1723838160,418.65,418.82,418.49,418.62,49799
387,2024-08-16 12:57:00,1723838220,418.62,418.71,418.56,418.6,32135
388,2024-08-16 12:58:00,1723838280,418.61,418.62,418.38,418.44,66983
389,2024-08-16 12:59:00,1723838340,418.45,418.64,418.42,418.54,176393
390,2024-08-19 06:30:00,1724074200,418.96,419.87,418.9,419.11,257872
391,2024-08-19 06:31:00,1724074260,419.19,419.38,418.71,418.8,24208
392,2024-08-19 06:32:00,1724074320,418.86,419.19,418.76,419.0,31499
393,2024-08-19 06:33:00,1724074380,419.0,419.31,418.61,418.66,28849
394,2024-08-19 06:34:00,1724074440,418.69,418.88,418.42,418.48,18715
395,2024-08-19 06:35:00,1724074500,418.54,418.82,418.46,418.74,26884
396,2024-08-19 06:36:00,1724074560,418.77,418.77,418.24,418.33,31807
397,2024-08-19 06:37:00,1724074620,418.33,418.54,418.14,418.51,35354
398,2024-08-19 06:38:00,1724074680,418.49,418.49,418.03,418.25,37500
399,2024-08-19 06:39:00,1724074740,418.29,418.35,417.91,418.18,45903
400,2024-08-19 06:40:00,1724074800,418.19,418.43,418.15,418.4,23071
401,2024-08-19 06:41:00,1724074860,418.33,418.78,418.09,418.23,33419
402,2024-08-19 06:42:00,1724074920,418.18,418.2,417.92,418.06,17235
403,2024-08-19 06:43:00,1724074980,418.04,418.15,417.71,417.8,31681
404,2024-08-19 06:44:00,1724075040,417.8,418.17,417.67,418.03,27560
405,2024-08-19 06:45:00,1724075100,418.02,418.02,417.76,417.91,27910
406,2024-08-19 06:46:00,1724075160,417.92,418.4,417.72,418.4,25427
407,2024-08-19 06:47:00,1724075220,418.36,418.39,418.2,418.21,15193
408,2024-08-19 06:48:00,1724075280,418.22,418.37,418.12,418.37,20095
409,2024-08-19 06:49:00,1724075340,418.31,418.42,418.14,418.14,13010
410,2024-08-19 06:50:00,1724075400,418.18,418.34,418.04,418.15,31041
411,2024-08-19 06:51:00,1724075460,418.16,418.4,418.15,418.34,18031
412,2024-08-19 06:52:00,1724075520,418.38,418.95,418.38,418.94,15879
413,2024-08-19 06:53:00,1724075580,418.95,419.02,418.85,418.93,21314
414,2024-08-19 06:54:00,1724075640,418.94,419.18,418.7,418.81,25714
415,2024-08-19 06:55:00,1724075700,418.81,418.97,418.62,418.83,12310
416,2024-08-19 06:56:00,1724075760,418.82,419.54,418.82,419.39,28704
417,2024-08-19 06:57:00,1724075820,419.38,419.52,419.28,419.48,18865
418,2024-08-19 06:58:00,1724075880,419.49,419.52,419.34,419.48,9963
419,2024-08-19 06:59:00,1724075940,419.5,419.65,419.34,419.64,19089
420,2024-08-19 07:00:00,1724076000,419.61,419.75,419.4,419.45,24678
421,2024-08-19 07:01:00,1724076060,419.5,419.75,419.33,419.45,18735
422,2024-08-19 07:02:00,1724076120,419.42,419.42,419.14,419.27,15367
423,2024-08-19 07:03:00,1724076180,419.25,419.32,418.84,418.84,20924
424,2024-08-19 07:04:00,1724076240,418.81,419.37,418.75,419.05,14951
425,2024-08-19 07:05:00,1724076300,419.0,419.06,418.61,418.75,11303
426,2024-08-19 07:06:00,1724076360,418.78,418.78,418.55,418.55,11614
427,2024-08-19 07:07:00,1724076420,418.61,419.03,418.6,419.01,11917
428,2024-08-19 07:08:00,1724076480,418.97,419.24,418.86,419.23,7267
429,2024-08-19 07:09:00,1724076540,419.25,419.25,418.96,419.0,13029
430,2024-08-19 07:10:00,1724076600,419.01,419.2,419.0,419.06,15321
431,2024-08-19 07:11:00,1724076660,419.08,419.09,418.81,418.81,10384
432,2024-08-19 07:12:00,1724076720,418.84,418.96,418.78,418.96,9628
433,2024-08-19 07:13:00,1724076780,418.93,418.99,418.8,418.89,10494
434,2024-08-19 07:14:00,1724076840,418.88,418.88,418.67,418.71,22359
435,2024-08-19 07:15:00,1724076900,418.68,418.68,418.25,418.25,23411
436,2024-08-19 07:16:00,1724076960,418.28,418.31,417.97,418.15,27992
437,2024-08-19 07:17:00,1724077020,418.14,418.14,417.4,417.44,32288
438,2024-08-19 07:18:00,1724077080,417.51,417.72,417.25,417.28,13305
439,2024-08-19 07:19:00,1724077140,417.29,417.29,416.7,416.76,36444
440,2024-08-19 07:20:00,1724077200,416.76,417.07,416.46,416.5,36342
441,2024-08-19 07:21:00,1724077260,416.53,417.23,416.47,417.19,37584
442,2024-08-19 07:22:00,1724077320,417.14,417.46,417.11,417.28,13142
443,2024-08-19 07:23:00,1724077380,417.34,417.88,417.33,417.55,21661
444,2024-08-19 07:24:00,1724077440,417.52,417.63,417.42,417.53,15098
445,2024-08-19 07:25:00,1724077500,417.54,417.62,417.24,417.25,12988
446,2024-08-19 07:26:00,1724077560,417.23,417.58,417.18,417.39,16780
447,2024-08-19 07:27:00,1724077620,417.37,417.78,417.37,417.76,11293
448,2024-08-19 07:28:00,1724077680,417.77,417.77,417.47,417.73,17407
449,2024-08-19 07:29:00,1724077740,417.75,417.81,417.54,417.81,14385
450,2024-08-19 07:30:00,1724077800,417.78,417.89,417.57,417.57,12504
451,2024-08-19 07:31:00,1724077860,417.64,417.73,417.5,417.7,15804
452,2024-08-19 07:32:00,1724077920,417.74,417.88,417.44,417.44,11394
453,2024-08-19 07:33:00,1724077980,417.47,417.49,417.25,417.31,9719
454,2024-08-19 07:34:00,1724078040,417.32,417.55,417.31,417.48,7703
455,2024-08-19 07:35:00,1724078100,417.49,417.57,417.4,417.4,11029
456,2024-08-19 07:36:00,1724078160,417.38,417.43,417.22,417.23,7014
457,2024-08-19 07:37:00,1724078220,417.29,417.36,417.06,417.12,9937
458,2024-08-19 07:38:00,1724078280,417.11,417.55,417.1,417.54,8212
459,2024-08-19 07:39:00,1724078340,417.57,417.65,417.37,417.37,7285
460,2024-08-19 07:40:00,1724078400,417.41,417.46,417.22,417.32,17875
461,2024-08-19 07:41:00,1724078460,417.33,417.46,417.26,417.45,11331
462,2024-08-19 07:42:00,1724078520,417.44,417.44,417.2,417.24,6879
463,2024-08-19 07:43:00,1724078580,417.22,417.41,417.14,417.23,11878
464,2024-08-19 07:44:00,1724078640,417.15,417.31,417.15,417.15,6348
465,2024-08-19 07:45:00,1724078700,417.2,417.37,417.2,417.3,5118
466,2024-08-19 07:46:00,1724078760,417.36,417.52,417.32,417.42,6979
467,2024-08-19 07:47:00,1724078820,417.44,417.53,417.32,417.46,10941
468,2024-08-19 07:48:00,1724078880,417.44,417.53,417.28,417.5,18111
469,2024-08-19 07:49:00,1724078940,417.49,417.65,417.33,417.65,6296
470,2024-08-19 07:50:00,1724079000,417.64,417.93,417.64,417.92,9612
471,2024-08-19 07:51:00,1724079060,417.91,418.25,417.88,418.25,35553
472,2024-08-19 07:52:00,1724079120,418.21,418.32,418.12,418.13,18440
473,2024-08-19 07:53:00,1724079180,418.17,418.57,418.17,418.52,17004
474,2024-08-19 07:54:00,1724079240,418.59,418.7,418.51,418.54,13700
475,2024-08-19 07:55:00,1724079300,418.56,418.56,418.22,418.23,10190
476,2024-08-19 07:56:00,1724079360,418.28,418.28,418.14,418.23,6201
477,2024-08-19 07:57:00,1724079420,418.21,418.23,418.01,418.18,7417
478,2024-08-19 07:58:00,1724079480,418.15,418.3,418.15,418.29,9945
479,2024-08-19 07:59:00,1724079540,418.28,418.28,418.1,418.2,5110
480,2024-08-19 08:00:00,1724079600,418.18,418.26,418.07,418.26,6912
481,2024-08-19 08:01:00,1724079660,418.3,418.43,418.2,418.23,11419
482,2024-08-19 08:02:00,1724079720,418.27,418.34,418.2,418.3,4712
483,2024-08-19 08:03:00,1724079780,418.33,418.53,418.29,418.36,13017
484,2024-08-19 08:04:00,1724079840,418.37,418.37,418.21,418.28,8083
485,2024-08-19 08:05:00,1724079900,418.25,418.36,418.21,418.23,10503
486,2024-08-19 08:06:00,1724079960,418.27,418.36,418.21,418.27,18324
487,2024-08-19 08:07:00,1724080020,418.34,418.36,418.19,418.25,7865
488,2024-08-19 08:08:00,1724080080,418.25,418.29,418.16,418.24,6411
489,2024-08-19 08:09:00,1724080140,418.15,418.29,418.11,418.26,6979
490,2024-08-19 08:10:00,1724080200,418.27,418.27,417.99,418.02,15579
491,2024-08-19 08:11:00,1724080260,418.0,418.04,417.87,417.87,8945
492,2024-08-19 08:12:00,1724080320,417.86,417.89,417.67,417.89,11182
493,2024-08-19 08:13:00,1724080380,417.94,418.05,417.93,417.94,5663
494,2024-08-19 08:14:00,1724080440,417.97,418.0,417.78,417.82,12191
495,2024-08-19 08:15:00,1724080500,417.87,418.01,417.77,417.85,10173
496,2024-08-19 08:16:00,1724080560,417.87,417.91,417.81,417.91,3649
497,2024-08-19 08:17:00,1724080620,417.89,417.9,417.61,417.67,10452
498,2024-08-19 08:18:00,1724080680,417.69,417.87,417.68,417.78,10562
499,2024-08-19 08:19:00,1724080740,417.79,417.85,417.73,417.73,5613
500,2024-08-19 08:20:00,1724080800,417.74,417.81,417.67,417.73,12951
501,2024-08-19 08:21:00,1724080860,417.7,417.82,417.57,417.76,16064
502,2024-08-19 08:22:00,1724080920,417.72,417.72,417.53,417.61,12686
503,2024-08-19 08:23:00,1724080980,417.57,417.88,417.57,417.86,8780
504,2024-08-19 08:24:00,1724081040,417.88,418.06,417.71,418.04,22116
505,2024-08-19 08:25:00,1724081100,418.02,418.06,417.94,417.99,8972
506,2024-08-19 08:26:00,1724081160,417.95,418.04,417.93,417.93,5302
507,2024-08-19 08:27:00,1724081220,417.92,418.1,417.81,418.07,14702
508,2024-08-19 08:28:00,1724081280,418.1,418.22,418.04,418.05,8323
509,2024-08-19 08:29:00,1724081340,418.03,418.04,417.94,417.97,9025
510,2024-08-19 08:30:00,1724081400,417.97,418.05,417.83,417.83,11836
511,2024-08-19 08:31:00,1724081460,417.82,417.95,417.82,417.9,5477
512,2024-08-19 08:32:00,1724081520,417.9,418.05,417.87,417.98,9823
513,2024-08-19 08:33:00,1724081580,417.99,418.05,417.89,418.02,6669
514,2024-08-19 08:34:00,1724081640,418.0,418.14,417.97,418.03,7606
515,2024-08-19 08:35:00,1724081700,418.03,418.12,417.97,418.03,5965
516,2024-08-19 08:36:00,1724081760,417.99,418.06,417.95,418.02,8445
517,2024-08-19 08:37:00,1724081820,418.0,418.01,417.85,417.93,8226
518,2024-08-19 08:38:00,1724081880,417.93,417.99,417.86,417.92,13449
519,2024-08-19 08:39:00,1724081940,417.9,417.9,417.63,417.74,9188
520,2024-08-19 08:40:00,1724082000,417.74,417.87,417.74,417.77,7821
521,2024-08-19 08:41:00,1724082060,417.75,417.8,417.62,417.77,14876
522,2024-08-19 08:42:00,1724082120,417.75,417.92,417.73,417.92,11541
523,2024-08-19 08:43:00,1724082180,417.87,417.87,417.69,417.69,7885
524,2024-08-19 08:44:00,1724082240,417.68,417.78,417.58,417.78,7211
525,2024-08-19 08:45:00,1724082300,417.75,417.93,417.75,417.93,5195
526,2024-08-19 08:46:00,1724082360,417.93,417.97,417.84,417.9,16864
527,2024-08-19 08:47:00,1724082420,417.85,417.94,417.76,417.86,9461
528,2024-08-19 08:48:00,1724082480,417.86,417.97,417.78,417.81,5827
529,2024-08-19 08:49:00,1724082540,417.81,417.84,417.69,417.77,5923
530,2024-08-19 08:50:00,1724082600,417.75,417.78,417.63,417.73,10225
531,2024-08-19 08:51:00,1724082660,417.74,417.91,417.74,417.9,10654
532,2024-08-19 08:52:00,1724082720,417.89,418.04,417.85,417.97,17172
533,2024-08-19 08:53:00,1724082780,418.01,418.12,417.92,418.0,9388
534,2024-08-19 08:54:00,1724082840,417.96,417.97,417.81,417.93,5982
535,2024-08-19 08:55:00,1724082900,417.92,417.99,417.79,417.8,8940
536,2024-08-19 08:56:00,1724082960,417.81,417.95,417.54,417.61,16748
537,2024-08-19 08:57:00,1724083020,417.61,417.64,417.48,417.5,11770
538,2024-08-19 08:58:00,1724083080,417.51,417.51,417.08,417.29,18190
539,2024-08-19 08:59:00,1724083140,417.29,417.36,417.21,417.31,28137
540,2024-08-19 09:00:00,1724083200,417.33,417.52,417.32,417.41,11598
541,2024-08-19 09:01:00,1724083260,417.4,417.5,417.32,417.32,10137
542,2024-08-19 09:02:00,1724083320,417.33,417.58,417.31,417.5,11631
543,2024-08-19 09:03:00,1724083380,417.51,417.72,417.47,417.66,5877
544,2024-08-19 09:04:00,1724083440,417.72,417.72,417.52,417.55,11201
545,2024-08-19 09:05:00,1724083500,417.54,417.68,417.52,417.6,5870
546,2024-08-19 09:06:00,1724083560,417.62,417.78,417.62,417.72,6111
547,2024-08-19 09:07:00,1724083620,417.68,417.78,417.61,417.61,11580
548,2024-08-19 09:08:00,1724083680,417.64,417.77,417.62,417.77,4962
549,2024-08-19 09:09:00,1724083740,417.74,417.85,417.7,417.79,5843
550,2024-08-19 09:10:00,1724083800,417.83,417.87,417.68,417.68,6650
551,2024-08-19 09:11:00,1724083860,417.66,417.85,417.65,417.81,6530
552,2024-08-19 09:12:00,1724083920,417.81,417.81,417.62,417.62,5735
553,2024-08-19 09:13:00,1724083980,417.65,417.77,417.62,417.73,11070
554,2024-08-19 09:14:00,1724084040,417.75,417.76,417.58,417.65,4064
555,2024-08-19 09:15:00,1724084100,417.64,417.68,417.57,417.67,9477
556,2024-08-19 09:16:00,1724084160,417.68,417.76,417.66,417.69,6362
557,2024-08-19 09:17:00,1724084220,417.7,417.83,417.7,417.78,4953
558,2024-08-19 09:18:00,1724084280,417.78,417.86,417.7,417.84,3910
559,2024-08-19 09:19:00,1724084340,417.85,418.03,417.85,418.03,14859
560,2024-08-19 09:20:00,1724084400,417.95,418.03,417.92,417.92,5594
561,2024-08-19 09:21:00,1724084460,417.93,417.99,417.93,417.98,8353
562,2024-08-19 09:22:00,1724084520,417.99,418.07,417.94,418.0,6191
563,2024-08-19 09:23:00,1724084580,418.01,418.08,417.94,418.0,3354
564,2024-08-19 09:24:00,1724084640,418.04,418.13,418.03,418.05,10742
565,2024-08-19 09:25:00,1724084700,418.06,418.12,418.0,418.08,5352
566,2024-08-19 09:26:00,1724084760,418.08,418.1,418.04,418.1,9584
567,2024-08-19 09:27:00,1724084820,418.11,418.12,417.99,418.0,5170
568,2024-08-19 09:28:00,1724084880,418.0,418.15,418.0,418.05,9229
569,2024-08-19 09:29:00,1724084940,418.07,418.18,418.04,418.13,8182
570,2024-08-19 09:30:00,1724085000,418.15,418.17,417.97,418.05,8958
571,2024-08-19 09:31:00,1724085060,418.07,418.3,418.06,418.2,12760
572,2024-08-19 09:32:00,1724085120,418.22,418.3,418.18,418.24,5973
573,2024-08-19 09:33:00,1724085180,418.24,418.35,418.22,418.33,7369
574,2024-08-19 09:34:00,1724085240,418.31,418.43,418.2,418.43,10384
575,2024-08-19 09:35:00,1724085300,418.41,418.54,418.41,418.52,6990
576,2024-08-19 09:36:00,1724085360,418.52,418.67,418.51,418.61,11723
577,2024-08-19 09:37:00,1724085420,418.63,418.68,418.55,418.55,6989
578,2024-08-19 09:38:00,1724085480,418.55,418.63,418.49,418.57,9513
579,2024-08-19 09:39:00,1724085540,418.59,418.64,418.53,418.53,7030
580,2024-08-19 09:40:00,1724085600,418.58,418.67,418.56,418.56,6774
581,2024-08-19 09:41:00,1724085660,418.61,418.66,418.58,418.6,10161
582,2024-08-19 09:42:00,1724085720,418.63,418.67,418.52,418.67,10249
583,2024-08-19 09:43:00,1724085780,418.67,418.69,418.55,418.62,4173
584,2024-08-19 09:44:00,1724085840,418.61,418.79,418.6,418.75,8407
585,2024-08-19 09:45:00,1724085900,418.74,418.74,418.63,418.63,6787
586,2024-08-19 09:46:00,1724085960,418.63,418.7,418.62,418.69,5793
587,2024-08-19 09:47:00,1724086020,418.7,418.85,418.7,418.84,4694
588,2024-08-19 09:48:00,1724086080,418.85,418.86,418.8,418.81,2225
589,2024-08-19 09:49:00,1724086140,418.79,418.84,418.75,418.82,3623
590,2024-08-19 09:50:00,1724086200,418.82,418.98,418.81,418.9,18743
591,2024-08-19 09:51:00,1724086260,418.9,419.05,418.9,419.02,16472
592,2024-08-19 09:52:00,1724086320,418.99,419.14,418.89,419.05,8067
593,2024-08-19 09:53:00,1724086380,419.0,419.2,419.0,419.06,7986
594,2024-08-19 09:54:00,1724086440,419.07,419.16,419.05,419.16,11728
595,2024-08-19 09:55:00,1724086500,419.15,419.19,418.99,419.04,5475
596,2024-08-19 09:56:00,1724086560,419.01,419.04,418.96,419.0,6458
597,2024-08-19 09:57:00,1724086620,419.01,419.02,418.95,418.97,7370
598,2024-08-19 09:58:00,1724086680,418.95,418.95,418.82,418.86,6232
599,2024-08-19 09:59:00,1724086740,418.84,418.88,418.78,418.88,2996
600,2024-08-19 10:00:00,1724086800,418.88,418.88,418.77,418.79,2694
601,2024-08-19 10:01:00,1724086860,418.81,418.88,418.78,418.86,2427
602,2024-08-19 10:02:00,1724086920,418.86,419.0,418.85,418.98,8243
603,2024-08-19 10:03:00,1724086980,418.99,419.0,418.88,418.9,4862
604,2024-08-19 10:04:00,1724087040,418.9,418.93,418.86,418.88,2581
605,2024-08-19 10:05:00,1724087100,418.89,418.93,418.81,418.81,9315
606,2024-08-19 10:06:00,1724087160,418.83,418.84,418.68,418.77,5528
607,2024-08-19 10:07:00,1724087220,418.75,418.81,418.65,418.65,7709
608,2024-08-19 10:08:00,1724087280,418.66,418.66,418.51,418.59,10436
609,2024-08-19 10:09:00,1724087340,418.58,418.59,418.46,418.51,9049
610,2024-08-19 10:10:00,1724087400,418.53,418.57,418.45,418.48,5687
611,2024-08-19 10:11:00,1724087460,418.47,418.55,418.41,418.5,5725
612,2024-08-19 10:12:00,1724087520,418.48,418.57,418.43,418.43,6135
613,2024-08-19 10:13:00,1724087580,418.44,418.45,418.27,418.41,8482
614,2024-08-19 10:14:00,1724087640,418.43,418.44,418.3,418.39,9805
615,2024-08-19 10:15:00,1724087700,418.4,418.42,418.27,418.3,7370
616,2024-08-19 10:16:00,1724087760,418.3,418.42,418.29,418.4,6151
617,2024-08-19 10:17:00,1724087820,418.39,418.5,418.37,418.37,9640
618,2024-08-19 10:18:00,1724087880,418.37,418.51,418.33,418.5,7754
619,2024-08-19 10:19:00,1724087940,418.49,418.6,418.48,418.58,8324
620,2024-08-19 10:20:00,1724088000,418.58,418.67,418.56,418.65,9874
621,2024-08-19 10:21:00,1724088060,418.71,418.75,418.64,418.7,10010
622,2024-08-19 10:22:00,1724088120,418.71,418.72,418.56,418.56,7768
623,2024-08-19 10:23:00,1724088180,418.57,418.57,418.39,418.5,11800
624,2024-08-19 10:24:00,1724088240,418.49,418.54,418.49,418.51,1422
625,2024-08-19 10:25:00,1724088300,418.52,418.52,418.42,418.5,5393
626,2024-08-19 10:26:00,1724088360,418.5,418.58,418.5,418.58,4529
627,2024-08-19 10:27:00,1724088420,418.6,418.7,418.59,418.68,9942
628,2024-08-19 10:28:00,1724088480,418.68,418.69,418.61,418.62,4674
629,2024-08-19 10:29:00,1724088540,418.61,418.64,418.52,418.57,8726
630,2024-08-19 10:30:00,1724088600,418.57,418.65,418.56,418.59,6003
631,2024-08-19 10:31:00,1724088660,418.54,418.62,418.44,418.62,10287
632,2024-08-19 10:32:00,1724088720,418.57,418.7,418.56,418.7,5490
633,2024-08-19 10:33:00,1724088780,418.71,418.88,418.7,418.81,15921
634,2024-08-19 10:34:00,1724088840,418.81,418.95,418.79,418.93,12203
635,2024-08-19 10:35:00,1724088900,418.93,418.99,418.9,418.94,11988
636,2024-08-19 10:36:00,1724088960,418.93,418.95,418.87,418.95,3701
637,2024-08-19 10:37:00,1724089020,418.93,419.02,418.93,418.97,7108
638,2024-08-19 10:38:00,1724089080,418.98,418.98,418.75,418.81,7544
639,2024-08-19 10:39:00,1724089140,418.81,418.96,418.81,418.93,5372
640,2024-08-19 10:40:00,1724089200,418.92,419.0,418.86,418.86,6929
641,2024-08-19 10:41:00,1724089260,418.92,418.98,418.86,418.98,7265
642,2024-08-19 10:42:00,1724089320,418.95,418.95,418.77,418.77,7133
643,2024-08-19 10:43:00,1724089380,418.81,418.81,418.75,418.79,5413
644,2024-08-19 10:44:00,1724089440,418.8,418.96,418.79,418.91,11926
645,2024-08-19 10:45:00,1724089500,418.94,419.0,418.88,418.99,7170
646,2024-08-19 10:46:00,1724089560,418.98,419.01,418.84,418.98,4499
647,2024-08-19 10:47:00,1724089620,418.98,419.07,418.9,418.9,8988
648,2024-08-19 10:48:00,1724089680,418.92,418.98,418.84,418.98,5804
649,2024-08-19 10:49:00,1724089740,419.0,419.0,418.87,418.91,4703
650,2024-08-19 10:50:00,1724089800,418.9,418.95,418.89,418.92,5173
651,2024-08-19 10:51:00,1724089860,418.93,418.98,418.92,418.95,6823
652,2024-08-19 10:52:00,1724089920,418.95,418.98,418.86,418.91,6413
653,2024-08-19 10:53:00,1724089980,418.88,418.97,418.81,418.97,8018
654,2024-08-19 10:54:00,1724090040,418.98,418.98,418.86,418.87,7266
655,2024-08-19 10:55:00,1724090100,418.85,419.01,418.8,419.0,9544
656,2024-08-19 10:56:00,1724090160,419.0,419.03,418.95,418.95,9253
657,2024-08-19 10:57:00,1724090220,418.95,418.99,418.9,418.9,11398
658,2024-08-19 10:58:00,1724090280,418.89,418.92,418.78,418.92,5682
659,2024-08-19 10:59:00,1724090340,418.91,418.96,418.9,418.94,3945
660,2024-08-19 11:00:00,1724090400,418.94,419.1,418.85,419.07,12548
661,2024-08-19 11:01:00,1724090460,419.09,419.14,418.98,419.03,8549
662,2024-08-19 11:02:00,1724090520,419.05,419.08,418.99,419.04,7451
663,2024-08-19 11:03:00,1724090580,419.03,419.04,418.97,418.97,7900
664,2024-08-19 11:04:00,1724090640,418.95,418.99,418.89,418.94,4408
665,2024-08-19 11:05:00,1724090700,418.92,419.02,418.92,419.0,7369
666,2024-08-19 11:06:00,1724090760,418.98,419.01,418.88,418.92,6567
667,2024-08-19 11:07:00,1724090820,418.92,418.94,418.87,418.89,11584
668,2024-08-19 11:08:00,1724090880,418.91,419.03,418.9,418.98,12840
669,2024-08-19 11:09:00,1724090940,418.99,419.12,418.93,419.06,9497
670,2024-08-19 11:10:00,1724091000,419.09,419.14,419.02,419.14,8853
671,2024-08-19 11:11:00,1724091060,419.11,419.11,419.02,419.03,6477
672,2024-08-19 11:12:00,1724091120,419.04,419.16,419.04,419.16,12237
673,2024-08-19 11:13:00,1724091180,419.16,419.22,419.13,419.14,5840
674,2024-08-19 11:14:00,1724091240,419.16,419.25,419.13,419.24,5185
675,2024-08-19 11:15:00,1724091300,419.26,419.34,419.22,419.28,13323
676,2024-08-19 11:16:00,1724091360,419.3,419.34,419.13,419.13,45772
677,2024-08-19 11:17:00,1724091420,419.14,419.18,419.11,419.12,4578
678,2024-08-19 11:18:00,1724091480,419.12,419.14,419.01,419.02,5864
679,2024-08-19 11:19:00,1724091540,419.04,419.14,418.99,419.11,6845
680,2024-08-19 11:20:00,1724091600,419.12,419.12,419.05,419.06,3642
681,2024-08-19 11:21:00,1724091660,419.05,419.14,419.05,419.07,8268
682,2024-08-19 11:22:00,1724091720,419.1,419.27,419.09,419.23,5204
683,2024-08-19 11:23:00,1724091780,419.23,419.39,419.23,419.39,2877
684,2024-08-19 11:24:00,1724091840,419.38,419.4,419.27,419.34,7506
685,2024-08-19 11:25:00,1724091900,419.31,419.38,419.23,419.27,10682
686,2024-08-19 11:26:00,1724091960,419.25,419.36,419.25,419.34,5362
687,2024-08-19 11:27:00,1724092020,419.36,419.41,419.34,419.38,3721
688,2024-08-19 11:28:00,1724092080,419.38,419.5,419.33,419.45,14782
689,2024-08-19 11:29:00,1724092140,419.45,419.5,419.41,419.42,7871
690,2024-08-19 11:30:00,1724092200,419.45,419.45,419.36,419.37,5712
691,2024-08-19 11:31:00,1724092260,419.38,419.51,419.38,419.5,3483
692,2024-08-19 11:32:00,1724092320,419.47,419.54,419.45,419.45,8909
693,2024-08-19 11:33:00,1724092380,419.49,419.57,419.49,419.54,4026
694,2024-08-19 11:34:00,1724092440,419.53,419.55,419.44,419.54,4426
695,2024-08-19 11:35:00,1724092500,419.54,419.78,419.52,419.74,8491
696,2024-08-19 11:36:00,1724092560,419.76,419.83,419.72,419.75,12699
697,2024-08-19 11:37:00,1724092620,419.76,419.82,419.73,419.79,8559
698,2024-08-19 11:38:00,1724092680,419.81,419.82,419.72,419.72,4889
699,2024-08-19 11:39:00,1724092740,419.73,419.76,419.62,419.66,10391
700,2024-08-19 11:40:00,1724092800,419.66,419.96,419.58,419.88,26955
701,2024-08-19 11:41:00,1724092860,419.91,419.98,419.81,419.98,6678
702,2024-08-19 11:42:00,1724092920,419.96,420.28,419.96,420.2,40516
703,2024-08-19 11:43:00,1724092980,420.21,420.31,420.21,420.31,6824
704,2024-08-19 11:44:00,1724093040,420.27,420.48,420.27,420.42,18382
705,2024-08-19 11:45:00,1724093100,420.42,420.6,420.38,420.41,22210
706,2024-08-19 11:46:00,1724093160,420.4,420.43,420.37,420.38,2956
707,2024-08-19 11:47:00,1724093220,420.39,420.48,420.37,420.48,5415
708,2024-08-19 11:48:00,1724093280,420.47,420.5,420.3,420.3,11711
709,2024-08-19 11:49:00,1724093340,420.31,420.38,420.3,420.3,6693
710,2024-08-19 11:50:00,1724093400,420.33,420.46,420.32,420.42,6600
711,2024-08-19 11:51:00,1724093460,420.41,420.46,420.35,420.43,7030
712,2024-08-19 11:52:00,1724093520,420.45,420.52,420.4,420.48,18569
713,2024-08-19 11:53:00,1724093580,420.48,420.5,420.41,420.47,7701
714,2024-08-19 11:54:00,1724093640,420.46,420.52,420.45,420.48,4838
715,2024-08-19 11:55:00,1724093700,420.45,420.48,420.36,420.38,8977
716,2024-08-19 11:56:00,1724093760,420.4,420.4,419.98,419.99,31954
717,2024-08-19 11:57:00,1724093820,420.02,420.07,419.91,420.0,11177
718,2024-08-19 11:58:00,1724093880,420.06,420.15,420.0,420.0,9755
719,2024-08-19 11:59:00,1724093940,420.04,420.07,420.01,420.03,6460
720,2024-08-19 12:00:00,1724094000,420.05,420.07,419.86,420.01,8449
721,2024-08-19 12:01:00,1724094060,420.01,420.05,419.93,419.97,3324
722,2024-08-19 12:02:00,1724094120,419.93,420.03,419.92,420.01,6541
723,2024-08-19 12:03:00,1724094180,420.02,420.14,419.99,420.0,13988
724,2024-08-19 12:04:00,1724094240,420.0,420.08,419.9,419.92,8459
725,2024-08-19 12:05:00,1724094300,419.9,420.0,419.87,419.97,7352
726,2024-08-19 12:06:00,1724094360,420.02,420.16,420.0,420.08,97530
727,2024-08-19 12:07:00,1724094420,420.08,420.09,419.73,419.75,24366
728,2024-08-19 12:08:00,1724094480,419.76,419.98,419.75,419.87,10820
729,2024-08-19 12:09:00,1724094540,419.87,419.9,419.79,419.84,10130
730,2024-08-19 12:10:00,1724094600,419.84,419.92,419.76,419.92,12897
731,2024-08-19 12:11:00,1724094660,419.93,419.93,419.64,419.66,10702
732,2024-08-19 12:12:00,1724094720,419.66,419.76,419.6,419.63,12367
733,2024-08-19 12:13:00,1724094780,419.64,419.65,419.57,419.61,11250
734,2024-08-19 12:14:00,1724094840,419.61,419.61,419.51,419.61,11381
735,2024-08-19 12:15:00,1724094900,419.6,419.64,419.51,419.58,15694
736,2024-08-19 12:16:00,1724094960,419.59,419.68,419.58,419.67,7853
737,2024-08-19 12:17:00,1724095020,419.68,419.84,419.68,419.81,12871
738,2024-08-19 12:18:00,1724095080,419.79,419.87,419.78,419.84,5284
739,2024-08-19 12:19:00,1724095140,419.84,420.0,419.82,419.99,5786
740,2024-08-19 12:20:00,1724095200,419.95,420.0,419.85,419.88,11848
741,2024-08-19 12:21:00,1724095260,419.9,419.94,419.82,419.9,8343
742,2024-08-19 12:22:00,1724095320,419.93,419.93,419.83,419.84,10987
743,2024-08-19 12:23:00,1724095380,419.84,419.91,419.77,419.87,7327
744,2024-08-19 12:24:00,1724095440,419.9,420.0,419.9,419.98,11143
745,2024-08-19 12:25:00,1724095500,419.94,419.96,419.88,419.91,8112
746,2024-08-19 12:26:00,1724095560,419.92,419.92,419.63,419.63,10694
747,2024-08-19 12:27:00,1724095620,419.7,419.8,419.67,419.78,4981
748,2024-08-19 12:28:00,1724095680,419.74,419.79,419.7,419.75,6939
749,2024-08-19 12:29:00,1724095740,419.77,419.78,419.59,419.61,11034
750,2024-08-19 12:30:00,1724095800,419.61,419.7,419.57,419.68,9812
751,2024-08-19 12:31:00,1724095860,419.67,419.7,419.62,419.64,6113
752,2024-08-19 12:32:00,1724095920,419.61,419.63,419.47,419.61,12079
753,2024-08-19 12:33:00,1724095980,419.6,419.61,419.53,419.6,5732
754,2024-08-19 12:34:00,1724096040,419.6,419.65,419.52,419.54,7188
755,2024-08-19 12:35:00,1724096100,419.56,419.64,419.48,419.63,8242
756,2024-08-19 12:36:00,1724096160,419.63,419.63,419.47,419.49,9581
757,2024-08-19 12:37:00,1724096220,419.5,419.64,419.48,419.61,9264
758,2024-08-19 12:38:00,1724096280,419.62,419.64,419.51,419.61,6000
759,2024-08-19 12:39:00,1724096340,419.65,419.72,419.6,419.71,10613
760,2024-08-19 12:40:00,1724096400,419.71,419.76,419.63,419.65,12318
761,2024-08-19 12:41:00,1724096460,419.63,419.74,419.58,419.69,10898
762,2024-08-19 12:42:00,1724096520,419.7,419.76,419.63,419.68,11954
763,2024-08-19 12:43:00,1724096580,419.68,419.68,419.58,419.62,7834
764,2024-08-19 12:44:00,1724096640,419.63,419.69,419.58,419.68,6833
765,2024-08-19 12:45:00,1724096700,419.67,419.74,419.61,419.65,11309
766,2024-08-19 12:46:00,1724096760,419.64,419.69,419.6,419.68,14208
767,2024-08-19 12:47:00,1724096820,419.7,419.74,419.63,419.66,7942
768,2024-08-19 12:48:00,1724096880,419.66,419.68,419.6,419.62,9084
769,2024-08-19 12:49:00,1724096940,419.63,419.64,419.55,419.6,18319
770,2024-08-19 12:50:00,1724097000,419.61,419.73,419.5,419.72,19420
771,2024-08-19 12:51:00,1724097060,419.7,419.87,419.62,419.84,20827
772,2024-08-19 12:52:00,1724097120,419.87,420.17,419.78,420.11,32475
773,2024-08-19 12:53:00,1724097180,420.13,420.45,420.11,420.43,35530
774,2024-08-19 12:54:00,1724097240,420.43,421.16,420.34,420.96,92858
775,2024-08-19 12:55:00,1724097300,421.02,421.42,420.91,421.0,118366
776,2024-08-19 12:56:00,1724097360,421.03,421.37,420.9,421.33,53302
777,2024-08-19 12:57:00,1724097420,421.34,421.49,421.27,421.41,86247
778,2024-08-19 12:58:00,1724097480,421.42,421.46,420.93,421.13,90505
779,2024-08-19 12:59:00,1724097540,421.15,421.75,421.11,421.58,290143
780,2024-08-20 06:30:00,1724160600,421.7,422.75,421.68,422.6,295020
781,2024-08-20 06:31:00,1724160660,422.54,422.76,422.09,422.26,20730
782,2024-08-20 06:32:00,1724160720,422.26,422.26,421.64,421.93,25192
783,2024-08-20 06:33:00,1724160780,421.94,422.35,421.94,422.26,35253
784,2024-08-20 06:34:00,1724160840,422.24,422.85,422.12,422.85,24573
785,2024-08-20 06:35:00,1724160900,422.83,423.19,422.32,422.48,40613
786,2024-08-20 06:36:00,1724160960,422.54,422.63,422.29,422.55,31878
787,2024-08-20 06:37:00,1724161020,422.51,422.9,422.51,422.89,20094
788,2024-08-20 06:38:00,1724161080,422.85,422.9,422.47,422.6,28693
789,2024-08-20 06:39:00,1724161140,422.57,422.85,422.5,422.62,25264
790,2024-08-20 06:40:00,1724161200,422.63,422.77,422.3,422.49,28045
791,2024-08-20 06:41:00,1724161260,422.49,422.73,422.35,422.73,15442
792,2024-08-20 06:42:00,1724161320,422.72,422.95,422.32,422.55,20478
793,2024-08-20 06:43:00,1724161380,422.56,422.63,422.46,422.52,13761
794,2024-08-20 06:44:00,1724161440,422.52,422.73,422.34,422.65,15868
795,2024-08-20 06:45:00,1724161500,422.68,422.83,422.51,422.71,16365
796,2024-08-20 06:46:00,1724161560,422.71,423.06,422.64,423.06,34360
797,2024-08-20 06:47:00,1724161620,423.08,423.26,423.03,423.14,23570
798,2024-08-20 06:48:00,1724161680,423.2,423.49,423.13,423.49,38527
799,2024-08-20 06:49:00,1724161740,423.45,423.5,423.24,423.29,17212
800,2024-08-20 06:50:00,1724161800,423.34,423.39,423.06,423.31,25468
801,2024-08-20 06:51:00,1724161860,423.31,423.31,423.08,423.25,15017
802,2024-08-20 06:52:00,1724161920,423.26,423.35,423.18,423.34,17090
803,2024-08-20 06:53:00,1724161980,423.31,423.39,423.06,423.13,48072
804,2024-08-20 06:54:00,1724162040,423.15,423.2,422.93,423.2,33983
805,2024-08-20 06:55:00,1724162100,423.2,423.54,423.08,423.52,18428
806,2024-08-20 06:56:00,1724162160,423.54,423.55,423.13,423.17,53216
807,2024-08-20 06:57:00,1724162220,423.18,423.57,423.15,423.47,14664
808,2024-08-20 06:58:00,1724162280,423.54,423.6,423.42,423.57,11646
809,2024-08-20 06:59:00,1724162340,423.58,423.61,423.3,423.41,21532
810,2024-08-20 07:00:00,1724162400,423.43,423.66,423.29,423.31,26051
811,2024-08-20 07:01:00,1724162460,423.37,423.44,422.93,422.95,22827
812,2024-08-20 07:02:00,1724162520,422.96,423.14,422.84,423.02,12688
813,2024-08-20 07:03:00,1724162580,422.96,423.25,422.9,423.15,9869
814,2024-08-20 07:04:00,1724162640,423.19,423.24,423.07,423.21,30899
815,2024-08-20 07:05:00,1724162700,423.25,423.39,423.15,423.31,22030
816,2024-08-20 07:06:00,1724162760,423.31,423.45,423.26,423.3,8539
817,2024-08-20 07:07:00,1724162820,423.32,423.45,423.3,423.3,12657
818,2024-08-20 07:08:00,1724162880,423.26,423.46,423.21,423.41,10491
819,2024-08-20 07:09:00,1724162940,423.41,423.52,423.39,423.5,14118
820,2024-08-20 07:10:00,1724163000,423.53,423.56,423.32,423.39,12484
821,2024-08-20 07:11:00,1724163060,423.47,423.59,423.19,423.2,19441
822,2024-08-20 07:12:00,1724163120,423.21,423.3,422.85,422.93,34612
823,2024-08-20 07:13:00,1724163180,422.91,422.94,422.65,422.78,27128
824,2024-08-20 07:14:00,1724163240,422.79,422.96,422.57,422.86,25957
825,2024-08-20 07:15:00,1724163300,422.96,422.97,422.46,422.69,31351
826,2024-08-20 07:16:00,1724163360,422.68,422.82,422.58,422.69,16251
827,2024-08-20 07:17:00,1724163420,422.69,422.84,422.65,422.68,17956
828,2024-08-20 07:18:00,1724163480,422.68,422.95,422.58,422.83,30502
829,2024-08-20 07:19:00,1724163540,422.89,422.98,422.8,422.88,19119
830,2024-08-20 07:20:00,1724163600,422.88,422.96,422.78,422.87,37166
831,2024-08-20 07:21:00,1724163660,422.88,423.09,422.86,422.97,12918
832,2024-08-20 07:22:00,1724163720,423.02,423.13,422.84,423.11,40318
833,2024-08-20 07:23:00,1724163780,423.11,423.12,422.86,422.94,20126
834,2024-08-20 07:24:00,1724163840,422.94,422.98,422.71,422.83,27473
835,2024-08-20 07:25:00,1724163900,422.85,422.86,422.63,422.74,16896
836,2024-08-20 07:26:00,1724163960,422.69,422.83,422.38,422.74,34207
837,2024-08-20 07:27:00,1724164020,422.69,422.79,422.58,422.58,17115
838,2024-08-20 07:28:00,1724164080,422.61,422.61,422.35,422.41,16924
839,2024-08-20 07:29:00,1724164140,422.46,422.69,422.45,422.55,16752
840,2024-08-20 07:30:00,1724164200,422.57,422.64,422.36,422.37,13339
841,2024-08-20 07:31:00,1724164260,422.41,422.69,422.37,422.69,11379
842,2024-08-20 07:32:00,1724164320,422.68,422.68,422.46,422.56,15046
843,2024-08-20 07:33:00,1724164380,422.6,422.68,422.43,422.43,12197
844,2024-08-20 07:34:00,1724164440,422.44,422.72,422.33,422.64,24466
845,2024-08-20 07:35:00,1724164500,422.63,422.75,422.52,422.63,18415
846,2024-08-20 07:36:00,1724164560,422.68,422.68,422.4,422.57,17614
847,2024-08-20 07:37:00,1724164620,422.59,422.74,422.39,422.52,15431
848,2024-08-20 07:38:00,1724164680,422.51,422.61,422.39,422.41,16258
849,2024-08-20 07:39:00,1724164740,422.41,422.52,422.26,422.52,28926
850,2024-08-20 07:40:00,1724164800,422.49,422.68,422.37,422.57,29481
851,2024-08-20 07:41:00,1724164860,422.61,422.61,422.29,422.41,21591
852,2024-08-20 07:42:00,1724164920,422.44,422.44,422.2,422.23,39106
853,2024-08-20 07:43:00,1724164980,422.24,422.3,421.97,422.19,31082
854,2024-08-20 07:44:00,1724165040,422.18,422.37,422.02,422.16,22210
855,2024-08-20 07:45:00,1724165100,422.16,422.4,422.07,422.36,14197
856,2024-08-20 07:46:00,1724165160,422.38,422.6,422.38,422.6,22110
857,2024-08-20 07:47:00,1724165220,422.61,422.7,422.48,422.57,13290
858,2024-08-20 07:48:00,1724165280,422.56,422.75,422.48,422.62,24649
859,2024-08-20 07:49:00,1724165340,422.65,422.71,422.58,422.64,8700
860,2024-08-20 07:50:00,1724165400,422.61,422.84,422.59,422.8,8961
861,2024-08-20 07:51:00,1724165460,422.76,422.86,422.68,422.74,10691
862,2024-08-20 07:52:00,1724165520,422.8,422.94,422.8,422.92,9082
863,2024-08-20 07:53:00,1724165580,422.91,423.08,422.88,423.08,12338
864,2024-08-20 07:54:00,1724165640,423.08,423.17,423.0,423.1,10981
865,2024-08-20 07:55:00,1724165700,423.12,423.31,423.05,423.27,11071
866,2024-08-20 07:56:00,1724165760,423.24,423.38,423.2,423.32,15798
867,2024-08-20 07:57:00,1724165820,423.27,423.27,422.8,422.85,14785
868,2024-08-20 07:58:00,1724165880,422.81,423.03,422.81,422.91,14029
869,2024-08-20 07:59:00,1724165940,422.88,423.12,422.78,423.12,8480
870,2024-08-20 08:00:00,1724166000,423.17,423.17,422.79,422.92,10743
871,2024-08-20 08:01:00,1724166060,422.88,422.93,422.78,422.85,3013
872,2024-08-20 08:02:00,1724166120,422.83,423.02,422.83,423.02,4698
873,2024-08-20 08:03:00,1724166180,423.02,423.1,422.95,423.08,3902
874,2024-08-20 08:04:00,1724166240,423.0,423.03,422.76,422.8,11282
875,2024-08-20 08:05:00,1724166300,422.8,423.0,422.7,422.87,7009
876,2024-08-20 08:06:00,1724166360,422.94,423.11,422.84,422.87,9062
877,2024-08-20 08:07:00,1724166420,422.85,422.91,422.65,422.87,12503
878,2024-08-20 08:08:00,1724166480,422.87,422.94,422.8,422.86,7148
879,2024-08-20 08:09:00,1724166540,422.82,423.02,422.78,422.92,8131
880,2024-08-20 08:10:00,1724166600,422.95,422.97,422.88,422.89,5235
881,2024-08-20 08:11:00,1724166660,422.85,422.95,422.79,422.89,8750
882,2024-08-20 08:12:00,1724166720,422.84,422.91,422.81,422.84,1297
883,2024-08-20 08:13:00,1724166780,422.84,423.13,422.8,423.04,10124
884,2024-08-20 08:14:00,1724166840,423.02,423.08,422.87,422.88,10872
885,2024-08-20 08:15:00,1724166900,422.88,422.96,422.83,422.88,9011
886,2024-08-20 08:16:00,1724166960,422.88,423.0,422.76,422.87,8295
887,2024-08-20 08:17:00,1724167020,422.85,422.91,422.81,422.84,3166
888,2024-08-20 08:18:00,1724167080,422.88,422.9,422.81,422.81,5794
889,2024-08-20 08:19:00,1724167140,422.81,422.82,422.66,422.66,8765
890,2024-08-20 08:20:00,1724167200,422.67,422.87,422.62,422.87,10910
891,2024-08-20 08:21:00,1724167260,422.86,422.86,422.75,422.81,5042
892,2024-08-20 08:22:00,1724167320,422.76,422.76,422.59,422.61,5283
893,2024-08-20 08:23:00,1724167380,422.6,422.68,422.57,422.61,8695
894,2024-08-20 08:24:00,1724167440,422.61,422.73,422.53,422.57,14581
895,2024-08-20 08:25:00,1724167500,422.56,422.59,422.45,422.46,25444
896,2024-08-20 08:26:00,1724167560,422.45,422.49,422.25,422.25,17482
897,2024-08-20 08:27:00,1724167620,422.2,422.31,422.13,422.18,5297
898,2024-08-20 08:28:00,1724167680,422.08,422.08,421.87,421.94,16170
899,2024-08-20 08:29:00,1724167740,421.93,422.03,421.82,422.03,6408
900,2024-08-20 08:30:00,1724167800,421.9,422.12,421.87,422.05,6963
901,2024-08-20 08:31:00,1724167860,422.06,422.26,422.05,422.26,7900
902,2024-08-20 08:32:00,1724167920,422.27,422.42,422.26,422.38,11915
903,2024-08-20 08:33:00,1724167980,422.36,422.42,422.31,422.37,3444
904,2024-08-20 08:34:00,1724168040,422.33,422.38,422.31,422.35,7058
905,2024-08-20 08:35:00,1724168100,422.33,422.46,422.33,422.44,7125
906,2024-08-20 08:36:00,1724168160,422.46,422.48,422.11,422.36,10947
907,2024-08-20 08:37:00,1724168220,422.39,422.6,422.38,422.6,6817
908,2024-08-20 08:38:00,1724168280,422.58,422.58,422.46,422.57,3193
909,2024-08-20 08:39:00,1724168340,422.59,422.63,422.5,422.54,15077
910,2024-08-20 08:40:00,1724168400,422.5,422.62,422.5,422.57,2946
911,2024-08-20 08:41:00,1724168460,422.58,422.6,422.47,422.59,2978
912,2024-08-20 08:42:00,1724168520,422.57,422.64,422.52,422.56,13258
913,2024-08-20 08:43:00,1724168580,422.58,422.58,422.32,422.32,11796
914,2024-08-20 08:44:00,1724168640,422.29,422.42,422.27,422.29,7748
915,2024-08-20 08:45:00,1724168700,422.3,422.33,422.13,422.32,8998
916,2024-08-20 08:46:00,1724168760,422.28,422.34,422.18,422.2,7904
917,2024-08-20 08:47:00,1724168820,422.21,422.3,422.11,422.3,7997
918,2024-08-20 08:48:00,1724168880,422.29,422.29,422.17,422.25,3068
919,2024-08-20 08:49:00,1724168940,422.25,422.31,422.24,422.26,3589
920,2024-08-20 08:50:00,1724169000,422.28,422.36,422.14,422.22,8394
921,2024-08-20 08:51:00,1724169060,422.22,422.29,422.16,422.28,3161
922,2024-08-20 08:52:00,1724169120,422.3,422.36,422.13,422.36,6529
923,2024-08-20 08:53:00,1724169180,422.36,422.54,422.29,422.52,9122
924,2024-08-20 08:54:00,1724169240,422.54,422.58,422.38,422.55,10683
925,2024-08-20 08:55:00,1724169300,422.57,422.6,422.45,422.51,14962
926,2024-08-20 08:56:00,1724169360,422.51,422.6,422.44,422.55,11138
927,2024-08-20 08:57:00,1724169420,422.54,422.64,422.48,422.62,10342
928,2024-08-20 08:58:00,1724169480,422.63,422.81,422.59,422.79,23288
929,2024-08-20 08:59:00,1724169540,422.77,422.88,422.71,422.87,14932
930,2024-08-20 09:00:00,1724169600,422.9,422.92,422.73,422.8,11115
931,2024-08-20 09:01:00,1724169660,422.8,422.87,422.52,422.55,21271
932,2024-08-20 09:02:00,1724169720,422.56,422.62,422.4,422.59,9586
933,2024-08-20 09:03:00,1724169780,422.58,422.6,422.36,422.47,13285
934,2024-08-20 09:04:00,1724169840,422.42,422.55,422.41,422.54,9373
935,2024-08-20 09:05:00,1724169900,422.55,422.77,422.55,422.74,11543
936,2024-08-20 09:06:00,1724169960,422.75,422.81,422.71,422.8,4533
937,2024-08-20 09:07:00,1724170020,422.8,422.86,422.79,422.85,4496
938,2024-08-20 09:08:00,1724170080,422.86,422.93,422.86,422.87,7937
939,2024-08-20 09:09:00,1724170140,422.87,422.89,422.76,422.85,9517
940,2024-08-20 09:10:00,1724170200,422.89,422.89,422.72,422.75,7712
941,2024-08-20 09:11:00,1724170260,422.79,422.8,422.6,422.65,14490
942,2024-08-20 09:12:00,1724170320,422.65,422.7,422.64,422.67,4513
943,2024-08-20 09:13:00,1724170380,422.69,422.83,422.68,422.77,8052
944,2024-08-20 09:14:00,1724170440,422.78,422.78,422.71,422.78,3468
945,2024-08-20 09:15:00,1724170500,422.8,422.8,422.59,422.59,10748
946,2024-08-20 09:16:00,1724170560,422.55,422.65,422.53,422.64,6124
947,2024-08-20 09:17:00,1724170620,422.65,422.69,422.53,422.55,10431
948,2024-08-20 09:18:00,1724170680,422.56,422.61,422.52,422.6,11222
949,2024-08-20 09:19:00,1724170740,422.58,422.62,422.5,422.53,7944
950,2024-08-20 09:20:00,1724170800,422.55,422.62,422.46,422.62,18268
951,2024-08-20 09:21:00,1724170860,422.61,422.63,422.54,422.63,14326
952,2024-08-20 09:22:00,1724170920,422.65,422.79,422.6,422.79,8156
953,2024-08-20 09:23:00,1724170980,422.84,422.9,422.67,422.73,22280
954,2024-08-20 09:24:00,1724171040,422.73,422.8,422.62,422.76,8504
955,2024-08-20 09:25:00,1724171100,422.76,422.87,422.72,422.85,8692
956,2024-08-20 09:26:00,1724171160,422.83,422.89,422.79,422.89,7882
957,2024-08-20 09:27:00,1724171220,422.9,422.94,422.82,422.88,10045
958,2024-08-20 09:28:00,1724171280,422.85,422.94,422.84,422.94,8337
959,2024-08-20 09:29:00,1724171340,422.94,423.09,422.94,423.08,10828
960,2024-08-20 09:30:00,1724171400,423.06,423.3,423.02,423.28,21833
961,2024-08-20 09:31:00,1724171460,423.3,423.32,422.97,423.01,5347
962,2024-08-20 09:32:00,1724171520,423.03,423.08,422.9,422.94,8614
963,2024-08-20 09:33:00,1724171580,422.95,423.24,422.94,423.18,11411
964,2024-08-20 09:34:00,1724171640,423.19,423.26,423.14,423.21,9599
965,2024-08-20 09:35:00,1724171700,423.2,423.21,423.11,423.11,5241
966,2024-08-20 09:36:00,1724171760,423.1,423.23,423.1,423.13,10779
967,2024-08-20 09:37:00,1724171820,423.13,423.36,423.12,423.25,12132
968,2024-08-20 09:38:00,1724171880,423.23,423.26,423.19,423.26,8961
969,2024-08-20 09:39:00,1724171940,423.26,423.35,423.26,423.34,7983
970,2024-08-20 09:40:00,1724172000,423.34,423.42,423.32,423.41,11705
971,2024-08-20 09:41:00,1724172060,423.41,423.43,423.35,423.43,13335
972,2024-08-20 09:42:00,1724172120,423.43,423.54,423.41,423.49,14093
973,2024-08-20 09:43:00,1724172180,423.49,423.59,423.46,423.5,16529
974,2024-08-20 09:44:00,1724172240,423.49,423.55,423.44,423.46,7133
975,2024-08-20 09:45:00,1724172300,423.44,423.56,423.4,423.56,16233
976,2024-08-20 09:46:00,1724172360,423.55,423.6,423.5,423.5,9476
977,2024-08-20 09:47:00,1724172420,423.5,423.58,423.48,423.51,10599
978,2024-08-20 09:48:00,1724172480,423.5,423.56,423.48,423.54,11667
979,2024-08-20 09:49:00,1724172540,423.56,423.64,423.54,423.62,11081
980,2024-08-20 09:50:00,1724172600,423.64,423.7,423.61,423.69,17119
981,2024-08-20 09:51:00,1724172660,423.68,423.86,423.68,423.84,26581
982,2024-08-20 09:52:00,1724172720,423.85,423.93,423.82,423.93,13710
983,2024-08-20 09:53:00,1724172780,423.93,424.0,423.88,423.92,26030
984,2024-08-20 09:54:00,1724172840,423.93,423.93,423.69,423.89,27117
985,2024-08-20 09:55:00,1724172900,423.89,423.9,423.77,423.82,24764
986,2024-08-20 09:56:00,1724172960,423.84,423.85,423.64,423.72,14806
987,2024-08-20 09:57:00,1724173020,423.74,423.74,423.54,423.54,12657
988,2024-08-20 09:58:00,1724173080,423.57,423.57,423.48,423.54,15697
989,2024-08-20 09:59:00,1724173140,423.54,423.56,423.43,423.5,11254
990,2024-08-20 10:00:00,1724173200,423.53,423.56,423.21,423.28,36390
991,2024-08-20 10:01:00,1724173260,423.33,423.57,423.31,423.45,19064
992,2024-08-20 10:02:00,1724173320,423.44,423.55,423.39,423.47,15160
993,2024-08-20 10:03:00,1724173380,423.47,423.56,423.43,423.46,10840
994,2024-08-20 10:04:00,1724173440,423.43,423.65,423.38,423.65,21274
995,2024-08-20 10:05:00,1724173500,423.65,423.77,423.63,423.66,22658
996,2024-08-20 10:06:00,1724173560,423.68,423.83,423.65,423.8,13782
997,2024-08-20 10:07:00,1724173620,423.83,423.98,423.81,423.94,18443
998,2024-08-20 10:08:00,1724173680,423.92,423.97,423.67,423.69,18242
999,2024-08-20 10:09:00,1724173740,423.68,423.9,423.68,423.89,14312
1000,2024-08-20 10:10:00,1724173800,423.91,423.94,423.71,423.71,10110
1001,2024-08-20 10:11:00,1724173860,423.74,423.78,423.6,423.75,11394
1002,2024-08-20 10:12:00,1724173920,423.75,423.77,423.67,423.77,7168
1003,2024-08-20 10:13:00,1724173980,423.74,423.76,423.61,423.64,5211
1004,2024-08-20 10:14:00,1724174040,423.62,423.68,423.47,423.5,13582
1005,2024-08-20 10:15:00,1724174100,423.5,423.5,423.34,423.38,4058
1006,2024-08-20 10:16:00,1724174160,423.38,423.49,423.35,423.37,13772
1007,2024-08-20 10:17:00,1724174220,423.38,423.6,423.35,423.51,3862
1008,2024-08-20 10:18:00,1724174280,423.49,423.55,423.42,423.43,5340
1009,2024-08-20 10:19:00,1724174340,423.43,423.51,423.4,423.47,9120
1010,2024-08-20 10:20:00,1724174400,423.44,423.5,423.34,423.46,10413
1011,2024-08-20 10:21:00,1724174460,423.46,423.53,423.46,423.5,9045
1012,2024-08-20 10:22:00,1724174520,423.46,423.52,423.36,423.52,7384
1013,2024-08-20 10:23:00,1724174580,423.5,423.61,423.46,423.54,15179
1014,2024-08-20 10:24:00,1724174640,423.53,423.72,423.48,423.57,17427
1015,2024-08-20 10:25:00,1724174700,423.6,423.65,423.55,423.63,6076
1016,2024-08-20 10:26:00,1724174760,423.64,423.74,423.64,423.67,8877
1017,2024-08-20 10:27:00,1724174820,423.69,423.81,423.65,423.81,7444
1018,2024-08-20 10:28:00,1724174880,423.81,423.81,423.74,423.74,7150
1019,2024-08-20 10:29:00,1724174940,423.67,423.78,423.66,423.77,4599
1020,2024-08-20 10:30:00,1724175000,423.74,423.87,423.73,423.86,10046
1021,2024-08-20 10:31:00,1724175060,423.82,423.87,423.66,423.75,9404
1022,2024-08-20 10:32:00,1724175120,423.75,423.76,423.65,423.68,4787
1023,2024-08-20 10:33:00,1724175180,423.66,423.67,423.42,423.48,11486
1024,2024-08-20 10:34:00,1724175240,423.48,423.71,423.46,423.69,8212
1025,2024-08-20 10:35:00,1724175300,423.7,423.78,423.68,423.75,8443
1026,2024-08-20 10:36:00,1724175360,423.78,423.79,423.58,423.58,5357
1027,2024-08-20 10:37:00,1724175420,423.58,423.6,423.45,423.59,8914
1028,2024-08-20 10:38:00,1724175480,423.59,423.68,423.57,423.68,4964
1029,2024-08-20 10:39:00,1724175540,423.69,423.84,423.66,423.81,7580
1030,2024-08-20 10:40:00,1724175600,423.81,423.9,423.74,423.86,15120
1031,2024-08-20 10:41:00,1724175660,423.87,423.88,423.77,423.77,5708
1032,2024-08-20 10:42:00,1724175720,423.76,423.85,423.76,423.85,4740
1033,2024-08-20 10:43:00,1724175780,423.85,423.96,423.84,423.89,25746
1034,2024-08-20 10:44:00,1724175840,423.94,424.0,423.92,423.93,23987
1035,2024-08-20 10:45:00,1724175900,423.89,424.02,423.87,424.0,7678
1036,2024-08-20 10:46:00,1724175960,424.0,424.03,423.93,424.02,31694
1037,2024-08-20 10:47:00,1724176020,424.03,424.14,424.01,424.1,25566
1038,2024-08-20 10:48:00,1724176080,424.08,424.16,424.03,424.1,25199
1039,2024-08-20 10:49:00,1724176140,424.1,424.25,424.03,424.22,29929
1040,2024-08-20 10:50:00,1724176200,424.21,424.25,424.01,424.11,31448
1041,2024-08-20 10:51:00,1724176260,424.1,424.23,424.1,424.14,50924
1042,2024-08-20 10:52:00,1724176320,424.14,424.16,424.07,424.12,14141
1043,2024-08-20 10:53:00,1724176380,424.11,424.18,423.97,424.04,32353
1044,2024-08-20 10:54:00,1724176440,424.03,424.12,423.97,424.11,8477
1045,2024-08-20 10:55:00,1724176500,424.11,424.24,424.08,424.22,19023
1046,2024-08-20 10:56:00,1724176560,424.22,424.22,424.05,424.11,12590
1047,2024-08-20 10:57:00,1724176620,424.1,424.22,424.09,424.1,8695
1048,2024-08-20 10:58:00,1724176680,424.11,424.22,424.11,424.15,9549
1049,2024-08-20 10:59:00,1724176740,424.13,424.21,424.08,424.18,15991
1050,2024-08-20 11:00:00,1724176800,424.17,424.21,424.08,424.19,9491
1051,2024-08-20 11:01:00,1724176860,424.19,424.22,424.11,424.17,14314
1052,2024-08-20 11:02:00,1724176920,424.16,424.4,424.15,424.37,22967
1053,2024-08-20 11:03:00,1724176980,424.41,424.43,424.29,424.41,18667
1054,2024-08-20 11:04:00,1724177040,424.4,424.52,424.38,424.52,22758
1055,2024-08-20 11:05:00,1724177100,424.54,424.72,424.47,424.72,22465
1056,2024-08-20 11:06:00,1724177160,424.69,424.73,424.59,424.6,21327
1057,2024-08-20 11:07:00,1724177220,424.62,424.7,424.59,424.68,5110
1058,2024-08-20 11:08:00,1724177280,424.69,424.85,424.67,424.78,10442
1059,2024-08-20 11:09:00,1724177340,424.81,424.97,424.78,424.89,14514
1060,2024-08-20 11:10:00,1724177400,424.88,424.96,424.8,424.93,13580
1061,2024-08-20 11:11:00,1724177460,424.94,424.99,424.87,424.94,13973
1062,2024-08-20 11:12:00,1724177520,424.97,425.03,424.94,424.99,38606
1063,2024-08-20 11:13:00,1724177580,425.02,425.33,425.02,425.26,22361
1064,2024-08-20 11:14:00,1724177640,425.26,425.45,425.25,425.32,20312
1065,2024-08-20 11:15:00,1724177700,425.35,425.4,425.21,425.28,11701
1066,2024-08-20 11:16:00,1724177760,425.27,425.47,425.23,425.36,21359
1067,2024-08-20 11:17:00,1724177820,425.38,425.44,425.35,425.44,7884
1068,2024-08-20 11:18:00,1724177880,425.44,425.5,425.36,425.47,27990
1069,2024-08-20 11:19:00,1724177940,425.49,425.64,425.48,425.55,29788
1070,2024-08-20 11:20:00,1724178000,425.56,425.57,425.41,425.46,17231
1071,2024-08-20 11:21:00,1724178060,425.44,425.45,425.19,425.22,18410
1072,2024-08-20 11:22:00,1724178120,425.22,425.61,425.22,425.59,20169
1073,2024-08-20 11:23:00,1724178180,425.62,425.86,425.6,425.74,25120
1074,2024-08-20 11:24:00,1724178240,425.76,425.84,425.72,425.81,13734
1075,2024-08-20 11:25:00,1724178300,425.83,425.83,425.5,425.56,23258
1076,2024-08-20 11:26:00,1724178360,425.57,425.61,425.2,425.2,23166
1077,2024-08-20 11:27:00,1724178420,425.21,425.32,425.19,425.3,16443
1078,2024-08-20 11:28:00,1724178480,425.3,425.39,425.23,425.24,13205
1079,2024-08-20 11:29:00,1724178540,425.22,425.28,425.04,425.28,17134
1080,2024-08-20 11:30:00,1724178600,425.24,425.35,425.17,425.3,16873
1081,2024-08-20 11:31:00,1724178660,425.32,425.35,425.27,425.31,12139
1082,2024-08-20 11:32:00,1724178720,425.31,425.44,425.28,425.39,7482
1083,2024-08-20 11:33:00,1724178780,425.4,425.42,425.27,425.36,9658
1084,2024-08-20 11:34:00,1724178840,425.34,425.39,425.25,425.33,20314
1085,2024-08-20 11:35:00,1724178900,425.33,425.33,425.23,425.23,14039
1086,2024-08-20 11:36:00,1724178960,425.23,425.42,425.23,425.42,10044
1087,2024-08-20 11:37:00,1724179020,425.42,425.48,425.39,425.43,12014
1088,2024-08-20 11:38:00,1724179080,425.44,425.52,425.31,425.35,10125
1089,2024-08-20 11:39:00,1724179140,425.33,425.34,425.25,425.31,12378
1090,2024-08-20 11:40:00,1724179200,425.32,425.42,425.3,425.4,6986
1091,2024-08-20 11:41:00,1724179260,425.39,425.44,425.32,425.36,15630
1092,2024-08-20 11:42:00,1724179320,425.36,425.44,425.34,425.44,7494
1093,2024-08-20 11:43:00,1724179380,425.42,425.48,425.41,425.44,7979
1094,2024-08-20 11:44:00,1724179440,425.43,425.49,425.21,425.22,9760
1095,2024-08-20 11:45:00,1724179500,425.22,425.29,425.02,425.07,15835
1096,2024-08-20 11:46:00,1724179560,425.03,425.03,424.82,424.86,22186
1097,2024-08-20 11:47:00,1724179620,424.86,424.99,424.84,424.94,15653
1098,2024-08-20 11:48:00,1724179680,424.95,424.96,424.73,424.86,23683
1099,2024-08-20 11:49:00,1724179740,424.84,424.94,424.82,424.94,3815
1100,2024-08-20 11:50:00,1724179800,424.95,425.09,424.92,425.04,12695
1101,2024-08-20 11:51:00,1724179860,425.05,425.06,424.94,424.97,5116
1102,2024-08-20 11:52:00,1724179920,424.94,424.99,424.86,424.98,12361
1103,2024-08-20 11:53:00,1724179980,424.98,424.98,424.67,424.75,9980
1104,2024-08-20 11:54:00,1724180040,424.76,424.96,424.76,424.96,14886
1105,2024-08-20 11:55:00,1724180100,424.94,424.98,424.84,424.95,8222
1106,2024-08-20 11:56:00,1724180160,424.97,425.16,424.91,425.11,10398
1107,2024-08-20 11:57:00,1724180220,425.11,425.17,425.06,425.1,19993
1108,2024-08-20 11:58:00,1724180280,425.11,425.12,424.9,424.93,11679
1109,2024-08-20 11:59:00,1724180340,424.91,424.99,424.9,424.93,6322
1110,2024-08-20 12:00:00,1724180400,424.93,425.02,424.87,424.89,6616
1111,2024-08-20 12:01:00,1724180460,424.9,425.02,424.8,424.8,16379
1112,2024-08-20 12:02:00,1724180520,424.8,424.97,424.8,424.92,8218
1113,2024-08-20 12:03:00,1724180580,424.89,424.93,424.83,424.86,7397
1114,2024-08-20 12:04:00,1724180640,424.88,424.96,424.88,424.94,4629
1115,2024-08-20 12:05:00,1724180700,424.94,425.16,424.94,425.13,16181
1116,2024-08-20 12:06:00,1724180760,425.13,425.13,425.05,425.06,8521
1117,2024-08-20 12:07:00,1724180820,425.06,425.08,424.87,424.87,11264
1118,2024-08-20 12:08:00,1724180880,424.86,424.97,424.82,424.89,21509
1119,2024-08-20 12:09:00,1724180940,424.88,424.91,424.79,424.81,8204
1120,2024-08-20 12:10:00,1724181000,424.82,424.86,424.68,424.68,9283
1121,2024-08-20 12:11:00,1724181060,424.67,424.74,424.61,424.61,13065
1122,2024-08-20 12:12:00,1724181120,424.65,424.73,424.62,424.66,7121
1123,2024-08-20 12:13:00,1724181180,424.64,424.74,424.62,424.7,11521
1124,2024-08-20 12:14:00,1724181240,424.71,424.78,424.68,424.74,6211
1125,2024-08-20 12:15:00,1724181300,424.72,424.72,424.53,424.55,15975
1126,2024-08-20 12:16:00,1724181360,424.52,424.63,424.49,424.59,8998
1127,2024-08-20 12:17:00,1724181420,424.59,424.59,424.35,424.48,17322
1128,2024-08-20 12:18:00,1724181480,424.48,424.57,424.43,424.53,24382
1129,2024-08-20 12:19:00,1724181540,424.54,424.55,424.49,424.54,11216
1130,2024-08-20 12:20:00,1724181600,424.52,424.57,424.46,424.46,12335
1131,2024-08-20 12:21:00,1724181660,424.46,424.56,424.43,424.46,16388
1132,2024-08-20 12:22:00,1724181720,424.47,424.51,424.37,424.38,11102
1133,2024-08-20 12:23:00,1724181780,424.38,424.49,424.36,424.45,16155
1134,2024-08-20 12:24:00,1724181840,424.47,424.47,424.39,424.46,7602
1135,2024-08-20 12:25:00,1724181900,424.44,424.46,424.39,424.42,20462
1136,2024-08-20 12:26:00,1724181960,424.45,424.57,424.42,424.49,19073
1137,2024-08-20 12:27:00,1724182020,424.49,424.52,424.46,424.5,9246
1138,2024-08-20 12:28:00,1724182080,424.5,424.5,424.36,424.44,9056
1139,2024-08-20 12:29:00,1724182140,424.43,424.44,424.31,424.31,10314
1140,2024-08-20 12:30:00,1724182200,424.31,424.49,424.29,424.47,13544
1141,2024-08-20 12:31:00,1724182260,424.48,424.61,424.42,424.59,24878
1142,2024-08-20 12:32:00,1724182320,424.61,424.76,424.6,424.72,25956
1143,2024-08-20 12:33:00,1724182380,424.72,424.75,424.62,424.73,18327
1144,2024-08-20 12:34:00,1724182440,424.73,424.82,424.68,424.75,17378
1145,2024-08-20 12:35:00,1724182500,424.72,424.72,424.52,424.54,11706
1146,2024-08-20 12:36:00,1724182560,424.54,424.59,424.51,424.51,13183
1147,2024-08-20 12:37:00,1724182620,424.52,424.56,424.41,424.51,24083
1148,2024-08-20 12:38:00,1724182680,424.53,424.6,424.49,424.54,12160
1149,2024-08-20 12:39:00,1724182740,424.53,424.53,424.37,424.42,16575
1150,2024-08-20 12:40:00,1724182800,424.4,424.51,424.26,424.43,16074
1151,2024-08-20 12:41:00,1724182860,424.46,424.57,424.39,424.55,13412
1152,2024-08-20 12:42:00,1724182920,424.53,424.65,424.48,424.62,17661
1153,2024-08-20 12:43:00,1724182980,424.62,424.65,424.54,424.54,12192
1154,2024-08-20 12:44:00,1724183040,424.56,424.62,424.53,424.56,6797
1155,2024-08-20 12:45:00,1724183100,424.58,424.64,424.55,424.6,15674
1156,2024-08-20 12:46:00,1724183160,424.6,424.75,424.58,424.7,25408
1157,2024-08-20 12:47:00,1724183220,424.72,424.75,424.61,424.7,17089
1158,2024-08-20 12:48:00,1724183280,424.69,424.76,424.6,424.64,17448
1159,2024-08-20 12:49:00,1724183340,424.64,424.81,424.62,424.76,20040
1160,2024-08-20 12:50:00,1724183400,424.76,425.42,424.76,425.37,93530
1161,2024-08-20 12:51:00,1724183460,425.4,425.45,425.19,425.23,50169
1162,2024-08-20 12:52:00,1724183520,425.21,425.32,425.05,425.11,38278
1163,2024-08-20 12:53:00,1724183580,425.11,425.44,425.06,425.39,44751
1164,2024-08-20 12:54:00,1724183640,425.39,425.52,425.14,425.4,68378
1165,2024-08-20 12:55:00,1724183700,425.4,425.41,424.88,424.95,78653
1166,2024-08-20 12:56:00,1724183760,424.96,425.26,424.91,425.24,50370
1167,2024-08-20 12:57:00,1724183820,425.24,425.35,425.2,425.22,60325
1168,2024-08-20 12:58:00,1724183880,425.23,425.37,425.21,425.3,73945
1169,2024-08-20 12:59:00,1724183940,425.3,425.31,424.67,424.87,178761
1170,2024-08-21 06:30:00,1724247000,424.01,424.15,423.28,423.6,300320
1171,2024-08-21 06:31:00,1724247060,423.48,424.03,423.08,423.91,33286
1172,2024-08-21 06:32:00,1724247120,423.86,424.15,423.52,423.79,46463
1173,2024-08-21 06:33:00,1724247180,423.86,423.89,423.15,423.34,31606
1174,2024-08-21 06:34:00,1724247240,423.36,423.54,422.87,422.89,33260
1175,2024-08-21 06:35:00,1724247300,422.89,423.53,422.65,423.39,40929
1176,2024-08-21 06:36:00,1724247360,423.43,423.9,423.34,423.83,28483
1177,2024-08-21 06:37:00,1724247420,423.82,424.04,423.63,423.7,40486
1178,2024-08-21 06:38:00,1724247480,423.68,423.85,422.97,422.97,29371
1179,2024-08-21 06:39:00,1724247540,422.92,423.46,422.85,423.09,43857
1180,2024-08-21 06:40:00,1724247600,423.08,423.8,423.02,423.35,22025
1181,2024-08-21 06:41:00,1724247660,423.36,423.67,423.31,423.62,18826
1182,2024-08-21 06:42:00,1724247720,423.62,423.66,423.34,423.35,10495
1183,2024-08-21 06:43:00,1724247780,423.48,423.48,422.82,422.86,17192
1184,2024-08-21 06:44:00,1724247840,422.81,423.26,422.62,423.25,23353
1185,2024-08-21 06:45:00,1724247900,423.24,423.58,423.2,423.54,21934
1186,2024-08-21 06:46:00,1724247960,423.55,423.86,423.4,423.69,28293
1187,2024-08-21 06:47:00,1724248020,423.66,423.66,423.25,423.25,24773
1188,2024-08-21 06:48:00,1724248080,423.27,423.29,422.92,423.09,15652
1189,2024-08-21 06:49:00,1724248140,423.09,423.18,422.97,423.07,16368
1190,2024-08-21 06:50:00,1724248200,423.08,423.29,423.01,423.15,23889
1191,2024-08-21 06:51:00,1724248260,423.23,423.46,423.14,423.24,10838
1192,2024-08-21 06:52:00,1724248320,423.24,423.37,422.91,422.96,28572
1193,2024-08-21 06:53:00,1724248380,423.02,423.08,422.85,423.04,16060
1194,2024-08-21 06:54:00,1724248440,423.03,423.43,422.95,423.4,19523
1195,2024-08-21 06:55:00,1724248500,423.42,423.5,423.36,423.44,11387
1196,2024-08-21 06:56:00,1724248560,423.47,423.49,423.22,423.45,16006
1197,2024-08-21 06:57:00,1724248620,423.46,423.74,423.38,423.54,32054
1198,2024-08-21 06:58:00,1724248680,423.55,423.57,423.34,423.57,9990
1199,2024-08-21 06:59:00,1724248740,423.56,423.64,423.49,423.6,12611
1200,2024-08-21 07:00:00,1724248800,423.65,424.4,423.62,424.27,39720
1201,2024-08-21 07:01:00,1724248860,424.29,424.29,423.58,423.67,11474
1202,2024-08-21 07:02:00,1724248920,423.67,424.02,423.67,423.71,14975
1203,2024-08-21 07:03:00,1724248980,423.71,423.93,423.65,423.78,13034
1204,2024-08-21 07:04:00,1724249040,423.79,423.94,423.7,423.85,13785
1205,2024-08-21 07:05:00,1724249100,423.82,423.85,423.6,423.82,16571
1206,2024-08-21 07:06:00,1724249160,423.82,423.99,423.79,423.89,17718
1207,2024-08-21 07:07:00,1724249220,423.86,423.9,423.55,423.69,18613
1208,2024-08-21 07:08:00,1724249280,423.72,423.91,423.61,423.62,17861
1209,2024-08-21 07:09:00,1724249340,423.61,423.79,423.61,423.74,6097
1210,2024-08-21 07:10:00,1724249400,423.69,423.87,423.61,423.76,21923
1211,2024-08-21 07:11:00,1724249460,423.79,424.1,423.79,424.06,12344
1212,2024-08-21 07:12:00,1724249520,424.04,424.14,423.87,424.12,13905
1213,2024-08-21 07:13:00,1724249580,424.16,424.3,423.92,423.97,11605
1214,2024-08-21 07:14:00,1724249640,423.94,424.15,423.54,423.81,22827
1215,2024-08-21 07:15:00,1724249700,423.76,423.79,423.43,423.55,11548
1216,2024-08-21 07:16:00,1724249760,423.57,423.96,423.46,423.96,17484
1217,2024-08-21 07:17:00,1724249820,423.95,423.95,423.65,423.83,13019
1218,2024-08-21 07:18:00,1724249880,423.84,424.2,423.83,424.16,21291
1219,2024-08-21 07:19:00,1724249940,424.19,424.5,424.18,424.47,27806
1220,2024-08-21 07:20:00,1724250000,424.41,424.77,424.38,424.73,23859
1221,2024-08-21 07:21:00,1724250060,424.8,424.88,424.64,424.68,14582
1222,2024-08-21 07:22:00,1724250120,424.74,425.05,424.63,424.88,41003
1223,2024-08-21 07:23:00,1724250180,424.89,424.94,424.48,424.48,22974
1224,2024-08-21 07:24:00,1724250240,424.51,424.7,424.5,424.51,13133
1225,2024-08-21 07:25:00,1724250300,424.55,424.77,424.32,424.66,15827
1226,2024-08-21 07:26:00,1724250360,424.69,424.69,424.42,424.47,12580
1227,2024-08-21 07:27:00,1724250420,424.49,424.58,424.32,424.58,20824
1228,2024-08-21 07:28:00,1724250480,424.55,424.64,424.41,424.48,8648
1229,2024-08-21 07:29:00,1724250540,424.49,424.58,424.16,424.17,13514
1230,2024-08-21 07:30:00,1724250600,424.14,424.5,424.13,424.47,26696
1231,2024-08-21 07:31:00,1724250660,424.49,424.61,424.37,424.38,5350
1232,2024-08-21 07:32:00,1724250720,424.41,424.49,423.89,424.15,24317
1233,2024-08-21 07:33:00,1724250780,424.12,424.39,424.06,424.36,24751
1234,2024-08-21 07:34:00,1724250840,424.44,424.47,424.25,424.43,6511
1235,2024-08-21 07:35:00,1724250900,424.43,424.67,424.35,424.42,10989
1236,2024-08-21 07:36:00,1724250960,424.43,425.6,424.43,425.44,73844
1237,2024-08-21 07:37:00,1724251020,425.46,425.6,425.19,425.34,26678
1238,2024-08-21 07:38:00,1724251080,425.31,425.33,424.96,425.18,25492
1239,2024-08-21 07:39:00,1724251140,425.1,425.18,424.91,425.13,12040
1240,2024-08-21 07:40:00,1724251200,425.13,425.31,425.07,425.27,14900
1241,2024-08-21 07:41:00,1724251260,425.35,425.6,425.25,425.58,20940
1242,2024-08-21 07:42:00,1724251320,425.6,425.92,425.6,425.89,23241
1243,2024-08-21 07:43:00,1724251380,425.88,426.02,425.73,425.86,45967
1244,2024-08-21 07:44:00,1724251440,425.91,426.07,425.82,425.96,33847
1245,2024-08-21 07:45:00,1724251500,426.02,426.23,425.96,426.2,21323
1246,2024-08-21 07:46:00,1724251560,426.18,426.4,426.15,426.25,15840
1247,2024-08-21 07:47:00,1724251620,426.23,426.33,425.83,425.91,20063
1248,2024-08-21 07:48:00,1724251680,425.9,425.92,425.07,425.21,27359
1249,2024-08-21 07:49:00,1724251740,425.17,425.21,424.76,424.9,17690
1250,2024-08-21 07:50:00,1724251800,424.85,424.86,423.94,424.18,91701
1251,2024-08-21 07:51:00,1724251860,424.1,424.32,423.8,424.2,23241
1252,2024-08-21 07:52:00,1724251920,424.23,424.23,423.1,423.35,48699
1253,2024-08-21 07:53:00,1724251980,423.2,423.96,423.17,423.96,50359
1254,2024-08-21 07:54:00,1724252040,423.92,423.94,423.31,423.31,13426
1255,2024-08-21 07:55:00,1724252100,423.2,423.55,423.07,423.11,18997
1256,2024-08-21 07:56:00,1724252160,423.09,423.55,423.09,423.55,10952
1257,2024-08-21 07:57:00,1724252220,423.49,423.68,423.29,423.55,13602
1258,2024-08-21 07:58:00,1724252280,423.54,423.87,423.51,423.71,11700
1259,2024-08-21 07:59:00,1724252340,423.7,423.82,423.69,423.69,7527
1260,2024-08-21 08:00:00,1724252400,423.64,423.64,423.44,423.56,12546
1261,2024-08-21 08:01:00,1724252460,423.51,423.51,422.96,423.35,19172
1262,2024-08-21 08:02:00,1724252520,423.35,423.56,423.12,423.29,11028
1263,2024-08-21 08:03:00,1724252580,423.31,423.83,423.3,423.83,13876
1264,2024-08-21 08:04:00,1724252640,423.81,423.9,423.67,423.78,7868
1265,2024-08-21 08:05:00,1724252700,423.79,424.01,423.79,423.84,14637
1266,2024-08-21 08:06:00,1724252760,423.89,424.0,423.82,423.82,10397
1267,2024-08-21 08:07:00,1724252820,423.87,424.08,423.87,423.96,5468
1268,2024-08-21 08:08:00,1724252880,423.94,423.96,423.82,423.94,4959
1269,2024-08-21 08:09:00,1724252940,423.93,424.18,423.9,424.09,15599
1270,2024-08-21 08:10:00,1724253000,424.08,424.36,424.04,424.22,6640
1271,2024-08-21 08:11:00,1724253060,424.2,424.63,424.2,424.6,12589
1272,2024-08-21 08:12:00,1724253120,424.63,424.67,424.51,424.6,11047
1273,2024-08-21 08:13:00,1724253180,424.55,424.71,424.29,424.39,12694
1274,2024-08-21 08:14:00,1724253240,424.39,424.44,424.21,424.41,17968
1275,2024-08-21 08:15:00,1724253300,424.34,424.39,424.26,424.3,22371
1276,2024-08-21 08:16:00,1724253360,424.29,424.36,423.97,423.97,30723
1277,2024-08-21 08:17:00,1724253420,423.94,424.14,423.94,424.04,25810
1278,2024-08-21 08:18:00,1724253480,424.0,424.04,423.91,423.91,4310
1279,2024-08-21 08:19:00,1724253540,423.98,424.0,423.8,423.9,16672
1280,2024-08-21 08:20:00,1724253600,423.97,424.03,423.88,423.93,16539
1281,2024-08-21 08:21:00,1724253660,423.93,424.0,423.81,423.83,11081
1282,2024-08-21 08:22:00,1724253720,423.85,423.87,423.73,423.75,9584
1283,2024-08-21 08:23:00,1724253780,423.76,423.88,423.62,423.62,8836
1284,2024-08-21 08:24:00,1724253840,423.64,423.75,423.58,423.73,4586
1285,2024-08-21 08:25:00,1724253900,423.69,423.76,423.53,423.76,5190
1286,2024-08-21 08:26:00,1724253960,423.74,423.94,423.73,423.77,8805
1287,2024-08-21 08:27:00,1724254020,423.8,423.9,423.68,423.88,11493
1288,2024-08-21 08:28:00,1724254080,423.92,423.98,423.79,423.8,11827
1289,2024-08-21 08:29:00,1724254140,423.8,423.88,423.71,423.82,6743
1290,2024-08-21 08:30:00,1724254200,423.81,423.81,423.42,423.55,6736
1291,2024-08-21 08:31:00,1724254260,423.58,423.69,423.51,423.62,12334
1292,2024-08-21 08:32:00,1724254320,423.54,423.59,423.43,423.56,21315
1293,2024-08-21 08:33:00,1724254380,423.52,423.64,423.43,423.64,9767
1294,2024-08-21 08:34:00,1724254440,423.67,423.67,423.35,423.36,5081
1295,2024-08-21 08:35:00,1724254500,423.38,423.63,423.38,423.47,5151
1296,2024-08-21 08:36:00,1724254560,423.5,423.7,423.45,423.64,14336
1297,2024-08-21 08:37:00,1724254620,423.63,423.65,423.51,423.56,4646
1298,2024-08-21 08:38:00,1724254680,423.59,423.68,423.39,423.41,5682
1299,2024-08-21 08:39:00,1724254740,423.43,423.5,423.38,423.4,4474
1300,2024-08-21 08:40:00,1724254800,423.39,423.41,423.25,423.4,19589
1301,2024-08-21 08:41:00,1724254860,423.4,423.4,423.19,423.32,18767
1302,2024-08-21 08:42:00,1724254920,423.33,423.33,423.23,423.23,6140
1303,2024-08-21 08:43:00,1724254980,423.24,423.3,422.98,423.03,17835
1304,2024-08-21 08:44:00,1724255040,423.02,423.31,422.92,423.28,25995
1305,2024-08-21 08:45:00,1724255100,423.27,423.47,423.27,423.42,8442
1306,2024-08-21 08:46:00,1724255160,423.44,423.5,423.15,423.19,17138
1307,2024-08-21 08:47:00,1724255220,423.19,423.28,423.15,423.25,23934
1308,2024-08-21 08:48:00,1724255280,423.22,423.23,423.1,423.1,9966
1309,2024-08-21 08:49:00,1724255340,423.06,423.08,422.88,423.04,20234
1310,2024-08-21 08:50:00,1724255400,423.02,423.02,422.9,422.98,5773
1311,2024-08-21 08:51:00,1724255460,422.98,422.98,422.57,422.6,21916
1312,2024-08-21 08:52:00,1724255520,422.59,422.59,422.29,422.38,36480
1313,2024-08-21 08:53:00,1724255580,422.37,422.78,422.37,422.68,9262
1314,2024-08-21 08:54:00,1724255640,422.65,422.77,422.63,422.69,8025
1315,2024-08-21 08:55:00,1724255700,422.67,422.67,422.46,422.5,10733
1316,2024-08-21 08:56:00,1724255760,422.5,422.53,422.24,422.28,8846
1317,2024-08-21 08:57:00,1724255820,422.27,422.31,422.0,422.11,28288
1318,2024-08-21 08:58:00,1724255880,422.11,422.12,421.96,422.04,16466
1319,2024-08-21 08:59:00,1724255940,422.02,422.44,422.01,422.33,14757
1320,2024-08-21 09:00:00,1724256000,422.3,422.32,422.11,422.24,7628
1321,2024-08-21 09:01:00,1724256060,422.24,422.3,422.16,422.25,7970
1322,2024-08-21 09:02:00,1724256120,422.26,422.28,421.78,421.82,12735
1323,2024-08-21 09:03:00,1724256180,421.78,422.15,421.78,421.89,16931
1324,2024-08-21 09:04:00,1724256240,421.9,422.01,421.72,421.9,15388
1325,2024-08-21 09:05:00,1724256300,421.9,422.19,421.9,421.97,11724
1326,2024-08-21 09:06:00,1724256360,421.96,422.38,421.95,422.37,10421
1327,2024-08-21 09:07:00,1724256420,422.34,422.38,422.2,422.34,16880
1328,2024-08-21 09:08:00,1724256480,422.42,422.5,422.34,422.46,19368
1329,2024-08-21 09:09:00,1724256540,422.46,422.49,422.33,422.34,11954
1330,2024-08-21 09:10:00,1724256600,422.36,422.55,422.36,422.48,16049
1331,2024-08-21 09:11:00,1724256660,422.52,422.69,422.52,422.63,10681
1332,2024-08-21 09:12:00,1724256720,422.69,422.73,422.53,422.67,9644
1333,2024-08-21 09:13:00,1724256780,422.67,422.7,422.52,422.55,5007
1334,2024-08-21 09:14:00,1724256840,422.54,422.69,422.54,422.69,8836
1335,2024-08-21 09:15:00,1724256900,422.66,422.78,422.56,422.56,4388
1336,2024-08-21 09:16:00,1724256960,422.57,422.69,422.57,422.64,4848
1337,2024-08-21 09:17:00,1724257020,422.65,422.65,422.46,422.54,6832
1338,2024-08-21 09:18:00,1724257080,422.53,422.74,422.53,422.71,11848
1339,2024-08-21 09:19:00,1724257140,422.7,422.78,422.68,422.78,13889
1340,2024-08-21 09:20:00,1724257200,422.8,422.89,422.76,422.87,12677
1341,2024-08-21 09:21:00,1724257260,422.88,422.99,422.8,422.96,7167
1342,2024-08-21 09:22:00,1724257320,422.98,422.98,422.83,422.95,9936
1343,2024-08-21 09:23:00,1724257380,422.92,422.96,422.88,422.88,4724
1344,2024-08-21 09:24:00,1724257440,422.93,422.95,422.86,422.94,3701
1345,2024-08-21 09:25:00,1724257500,422.96,423.0,422.91,422.94,12192
1346,2024-08-21 09:26:00,1724257560,422.9,422.99,422.86,422.97,3432
1347,2024-08-21 09:27:00,1724257620,422.97,423.0,422.9,422.92,4272
1348,2024-08-21 09:28:00,1724257680,422.9,423.01,422.88,422.88,5599
1349,2024-08-21 09:29:00,1724257740,422.9,423.09,422.9,423.06,9691
1350,2024-08-21 09:30:00,1724257800,423.05,423.29,423.04,423.28,11193
1351,2024-08-21 09:31:00,1724257860,423.26,423.28,423.13,423.18,6873
1352,2024-08-21 09:32:00,1724257920,423.15,423.37,423.12,423.35,8560
1353,2024-08-21 09:33:00,1724257980,423.36,423.55,423.28,423.55,15140
1354,2024-08-21 09:34:00,1724258040,423.56,423.6,423.4,423.42,4882
1355,2024-08-21 09:35:00,1724258100,423.42,423.55,423.4,423.43,7160
1356,2024-08-21 09:36:00,1724258160,423.48,423.51,423.32,423.32,3837
1357,2024-08-21 09:37:00,1724258220,423.32,423.4,423.3,423.3,5564
1358,2024-08-21 09:38:00,1724258280,423.3,423.41,423.22,423.35,5675
1359,2024-08-21 09:39:00,1724258340,423.35,423.41,423.33,423.39,3269
1360,2024-08-21 09:40:00,1724258400,423.36,423.36,423.2,423.24,2715
1361,2024-08-21 09:41:00,1724258460,423.23,423.32,423.23,423.26,3233
1362,2024-08-21 09:42:00,1724258520,423.29,423.51,423.29,423.49,6389
1363,2024-08-21 09:43:00,1724258580,423.47,423.54,423.42,423.47,3013
1364,2024-08-21 09:44:00,1724258640,423.45,423.46,423.41,423.43,1478
1365,2024-08-21 09:45:00,1724258700,423.42,423.51,423.38,423.48,4769
1366,2024-08-21 09:46:00,1724258760,423.49,423.65,423.49,423.6,6808
1367,2024-08-21 09:47:00,1724258820,423.6,423.62,423.5,423.56,4649
1368,2024-08-21 09:48:00,1724258880,423.58,423.67,423.56,423.67,6365
1369,2024-08-21 09:49:00,1724258940,423.65,423.65,423.54,423.61,6191
1370,2024-08-21 09:50:00,1724259000,423.62,423.67,423.6,423.61,12650
1371,2024-08-21 09:51:00,1724259060,423.61,423.61,423.47,423.61,5096
1372,2024-08-21 09:52:00,1724259120,423.58,423.61,423.39,423.42,6812
1373,2024-08-21 09:53:00,1724259180,423.41,423.41,423.14,423.2,11209
1374,2024-08-21 09:54:00,1724259240,423.21,423.35,423.19,423.33,7933
1375,2024-08-21 09:55:00,1724259300,423.26,423.27,423.06,423.11,11815
1376,2024-08-21 09:56:00,1724259360,423.07,423.16,423.0,423.11,3975
1377,2024-08-21 09:57:00,1724259420,423.12,423.23,423.08,423.22,8347
1378,2024-08-21 09:58:00,1724259480,423.23,423.48,423.16,423.45,18247
1379,2024-08-21 09:59:00,1724259540,423.45,423.62,423.4,423.47,8707
1380,2024-08-21 10:00:00,1724259600,423.49,423.55,423.31,423.36,10113
1381,2024-08-21 10:01:00,1724259660,423.33,423.55,423.29,423.54,6460
1382,2024-08-21 10:02:00,1724259720,423.55,423.65,423.55,423.64,4734
1383,2024-08-21 10:03:00,1724259780,423.6,423.74,423.6,423.74,3469
1384,2024-08-21 10:04:00,1724259840,423.75,423.82,423.64,423.8,4300
1385,2024-08-21 10:05:00,1724259900,423.79,423.79,423.66,423.71,3688
1386,2024-08-21 10:06:00,1724259960,423.75,423.8,423.72,423.75,3582
1387,2024-08-21 10:07:00,1724260020,423.75,423.76,423.68,423.73,3920
1388,2024-08-21 10:08:00,1724260080,423.74,423.8,423.66,423.72,7573
1389,2024-08-21 10:09:00,1724260140,423.66,423.67,423.56,423.61,2042
1390,2024-08-21 10:10:00,1724260200,423.59,423.74,423.54,423.74,2388
1391,2024-08-21 10:11:00,1724260260,423.8,423.85,423.65,423.65,4592
1392,2024-08-21 10:12:00,1724260320,423.65,423.74,423.65,423.69,4399
1393,2024-08-21 10:13:00,1724260380,423.69,423.78,423.67,423.74,3877
1394,2024-08-21 10:14:00,1724260440,423.76,423.8,423.71,423.76,6655
1395,2024-08-21 10:15:00,1724260500,423.77,423.82,423.72,423.74,4682
1396,2024-08-21 10:16:00,1724260560,423.72,423.83,423.72,423.82,3759
1397,2024-08-21 10:17:00,1724260620,423.85,423.85,423.78,423.84,3017
1398,2024-08-21 10:18:00,1724260680,423.87,423.89,423.7,423.78,19427
1399,2024-08-21 10:19:00,1724260740,423.8,423.92,423.73,423.92,4118
1400,2024-08-21 10:20:00,1724260800,423.88,423.95,423.84,423.9,4427
1401,2024-08-21 10:21:00,1724260860,423.86,423.94,423.86,423.92,4487
1402,2024-08-21 10:22:00,1724260920,423.95,424.01,423.88,423.89,88230
1403,2024-08-21 10:23:00,1724260980,423.89,423.89,423.7,423.76,11883
1404,2024-08-21 10:24:00,1724261040,423.75,423.76,423.7,423.74,6470
1405,2024-08-21 10:25:00,1724261100,423.74,423.91,423.7,423.91,5757
1406,2024-08-21 10:26:00,1724261160,423.93,423.97,423.86,423.88,4374
1407,2024-08-21 10:27:00,1724261220,423.93,424.04,423.9,424.04,7793
1408,2024-08-21 10:28:00,1724261280,424.02,424.07,423.99,424.03,7368
1409,2024-08-21 10:29:00,1724261340,424.03,424.03,423.9,423.98,11702
1410,2024-08-21 10:30:00,1724261400,423.99,424.13,423.97,424.06,7655
1411,2024-08-21 10:31:00,1724261460,424.03,424.06,423.99,424.06,2306
1412,2024-08-21 10:32:00,1724261520,424.08,424.09,423.69,423.74,7534
1413,2024-08-21 10:33:00,1724261580,423.76,423.82,423.73,423.73,4703
1414,2024-08-21 10:34:00,1724261640,423.76,423.91,423.73,423.85,5512
1415,2024-08-21 10:35:00,1724261700,423.86,423.86,423.77,423.81,3909
1416,2024-08-21 10:36:00,1724261760,423.78,423.79,423.38,423.42,15632
1417,2024-08-21 10:37:00,1724261820,423.4,423.51,423.39,423.5,5874
1418,2024-08-21 10:38:00,1724261880,423.5,423.66,423.49,423.66,4171
1419,2024-08-21 10:39:00,1724261940,423.66,423.71,423.59,423.65,5104
1420,2024-08-21 10:40:00,1724262000,423.66,423.74,423.63,423.64,5250
1421,2024-08-21 10:41:00,1724262060,423.68,423.75,423.64,423.65,2885
1422,2024-08-21 10:42:00,1724262120,423.65,423.69,423.45,423.48,6297
1423,2024-08-21 10:43:00,1724262180,423.5,423.59,423.45,423.45,5771
1424,2024-08-21 10:44:00,1724262240,423.47,423.65,423.46,423.52,5046
1425,2024-08-21 10:45:00,1724262300,423.53,423.62,423.52,423.61,5066
1426,2024-08-21 10:46:00,1724262360,423.6,423.64,423.59,423.64,4351
1427,2024-08-21 10:47:00,1724262420,423.65,423.79,423.6,423.61,6355
1428,2024-08-21 10:48:00,1724262480,423.61,423.86,423.6,423.68,7307
1429,2024-08-21 10:49:00,1724262540,423.67,423.82,423.66,423.79,3937
1430,2024-08-21 10:50:00,1724262600,423.77,423.99,423.77,423.87,15285
1431,2024-08-21 10:51:00,1724262660,423.86,423.93,423.82,423.82,4843
1432,2024-08-21 10:52:00,1724262720,423.86,423.88,423.79,423.81,2821
1433,2024-08-21 10:53:00,1724262780,423.81,423.87,423.79,423.85,4504
1434,2024-08-21 10:54:00,1724262840,423.86,423.93,423.78,423.91,6357
1435,2024-08-21 10:55:00,1724262900,423.96,423.99,423.85,423.85,3824
1436,2024-08-21 10:56:00,1724262960,423.85,423.96,423.76,423.94,5473
1437,2024-08-21 10:57:00,1724263020,423.94,424.04,423.93,424.0,6897
1438,2024-08-21 10:58:00,1724263080,423.99,424.0,423.86,423.95,5860
1439,2024-08-21 10:59:00,1724263140,423.98,424.05,423.88,423.91,9903
1440,2024-08-21 11:00:00,1724263200,423.97,424.51,423.8,424.48,39558
1441,2024-08-21 11:01:00,1724263260,424.58,424.58,424.27,424.29,8799
1442,2024-08-21 11:02:00,1724263320,424.3,424.3,423.7,423.85,10190
1443,2024-08-21 11:03:00,1724263380,423.89,424.08,423.8,424.03,8858
1444,2024-08-21 11:04:00,1724263440,424.03,424.04,423.88,423.88,3302
1445,2024-08-21 11:05:00,1724263500,423.87,423.9,423.4,423.6,14853
1446,2024-08-21 11:06:00,1724263560,423.59,423.77,423.54,423.77,8746
1447,2024-08-21 11:07:00,1724263620,423.78,424.2,423.77,424.2,7730
1448,2024-08-21 11:08:00,1724263680,424.17,424.21,424.04,424.09,13449
1449,2024-08-21 11:09:00,1724263740,424.15,424.15,423.87,423.98,7117
1450,2024-08-21 11:10:00,1724263800,424.05,424.27,423.98,424.0,7055
1451,2024-08-21 11:11:00,1724263860,424.04,424.06,423.84,423.93,3620
1452,2024-08-21 11:12:00,1724263920,423.96,423.96,423.76,423.85,2878
1453,2024-08-21 11:13:00,1724263980,423.81,423.81,423.7,423.7,5060
1454,2024-08-21 11:14:00,1724264040,423.66,423.85,423.66,423.83,6107
1455,2024-08-21 11:15:00,1724264100,423.79,423.91,423.68,423.79,6363
1456,2024-08-21 11:16:00,1724264160,423.75,423.9,423.71,423.87,6650
1457,2024-08-21 11:17:00,1724264220,423.79,423.81,423.7,423.73,4202
1458,2024-08-21 11:18:00,1724264280,423.73,423.74,423.56,423.67,8439
1459,2024-08-21 11:19:00,1724264340,423.68,423.77,423.66,423.69,3228
1460,2024-08-21 11:20:00,1724264400,423.69,423.75,423.66,423.66,15828
1461,2024-08-21 11:21:00,1724264460,423.68,423.71,423.59,423.67,6345
1462,2024-08-21 11:22:00,1724264520,423.6,423.62,423.51,423.51,6108
1463,2024-08-21 11:23:00,1724264580,423.56,423.65,423.46,423.58,8684
1464,2024-08-21 11:24:00,1724264640,423.6,423.64,423.51,423.51,5900
1465,2024-08-21 11:25:00,1724264700,423.57,423.9,423.57,423.82,14005
1466,2024-08-21 11:26:00,1724264760,423.84,423.86,423.69,423.86,3797
1467,2024-08-21 11:27:00,1724264820,423.84,423.93,423.81,423.91,7717
1468,2024-08-21 11:28:00,1724264880,423.93,424.07,423.92,424.05,6925
1469,2024-08-21 11:29:00,1724264940,424.05,424.19,423.97,424.19,7042
1470,2024-08-21 11:30:00,1724265000,424.2,424.5,424.18,424.47,11872
1471,2024-08-21 11:31:00,1724265060,424.47,424.5,424.35,424.38,6194
1472,2024-08-21 11:32:00,1724265120,424.37,424.56,424.36,424.52,5527
1473,2024-08-21 11:33:00,1724265180,424.51,424.55,424.41,424.44,8715
1474,2024-08-21 11:34:00,1724265240,424.44,424.46,424.32,424.32,7549
1475,2024-08-21 11:35:00,1724265300,424.31,424.31,423.73,423.81,10058
1476,2024-08-21 11:36:00,1724265360,423.78,424.17,423.77,424.12,12793
1477,2024-08-21 11:37:00,1724265420,424.1,424.14,423.93,424.0,10166
1478,2024-08-21 11:38:00,1724265480,423.9,423.92,423.48,423.52,12001
1479,2024-08-21 11:39:00,1724265540,423.56,423.72,423.46,423.59,11784
1480,2024-08-21 11:40:00,1724265600,423.61,423.63,423.47,423.61,8757
1481,2024-08-21 11:41:00,1724265660,423.6,423.68,423.48,423.56,15433
1482,2024-08-21 11:42:00,1724265720,423.61,423.73,423.56,423.69,4084
1483,2024-08-21 11:43:00,1724265780,423.73,423.83,423.72,423.83,5703
1484,2024-08-21 11:44:00,1724265840,423.88,423.88,423.78,423.88,2551
1485,2024-08-21 11:45:00,1724265900,423.88,423.88,423.68,423.83,9426
1486,2024-08-21 11:46:00,1724265960,423.84,423.94,423.81,423.88,5200
1487,2024-08-21 11:47:00,1724266020,423.83,424.0,423.79,424.0,14968
1488,2024-08-21 11:48:00,1724266080,423.99,424.14,423.97,424.13,12803
1489,2024-08-21 11:49:00,1724266140,424.08,424.16,423.99,424.07,5588
1490,2024-08-21 11:50:00,1724266200,424.03,424.18,423.94,424.13,3044
1491,2024-08-21 11:51:00,1724266260,424.14,424.34,424.12,424.2,10608
1492,2024-08-21 11:52:00,1724266320,424.13,424.32,424.13,424.28,6903
1493,2024-08-21 11:53:00,1724266380,424.25,424.29,424.16,424.16,3146
1494,2024-08-21 11:54:00,1724266440,424.11,424.18,424.07,424.11,7594
1495,2024-08-21 11:55:00,1724266500,424.1,424.17,424.08,424.12,5316
1496,2024-08-21 11:56:00,1724266560,424.15,424.15,423.93,424.07,7906
1497,2024-08-21 11:57:00,1724266620,424.08,424.11,424.0,424.09,2994
1498,2024-08-21 11:58:00,1724266680,424.05,424.17,424.04,424.11,7568
1499,2024-08-21 11:59:00,1724266740,424.1,424.17,424.08,424.09,3871
1500,2024-08-21 12:00:00,1724266800,424.14,424.25,424.08,424.12,5866
1501,2024-08-21 12:01:00,1724266860,424.08,424.09,423.94,423.99,3460
1502,2024-08-21 12:02:00,1724266920,423.98,423.99,423.78,423.89,6678
1503,2024-08-21 12:03:00,1724266980,423.92,424.0,423.83,423.89,4746
1504,2024-08-21 12:04:00,1724267040,423.87,423.91,423.69,423.83,26838
1505,2024-08-21 12:05:00,1724267100,423.8,423.85,423.68,423.84,17364
1506,2024-08-21 12:06:00,1724267160,423.82,423.82,423.66,423.74,5995
1507,2024-08-21 12:07:00,1724267220,423.75,423.75,423.49,423.49,19570
1508,2024-08-21 12:08:00,1724267280,423.52,423.61,423.49,423.49,11541
1509,2024-08-21 12:09:00,1724267340,423.49,423.52,423.25,423.47,22730
1510,2024-08-21 12:10:00,1724267400,423.44,423.62,423.44,423.62,16675
1511,2024-08-21 12:11:00,1724267460,423.59,423.67,423.42,423.44,6760
1512,2024-08-21 12:12:00,1724267520,423.48,423.5,423.33,423.39,6043
1513,2024-08-21 12:13:00,1724267580,423.39,423.54,423.37,423.46,9191
1514,2024-08-21 12:14:00,1724267640,423.53,423.59,423.43,423.44,7166
1515,2024-08-21 12:15:00,1724267700,423.34,423.41,423.18,423.4,13456
1516,2024-08-21 12:16:00,1724267760,423.38,423.48,423.35,423.41,6283
1517,2024-08-21 12:17:00,1724267820,423.37,423.37,423.23,423.25,4131
1518,2024-08-21 12:18:00,1724267880,423.27,423.31,423.19,423.24,4192
1519,2024-08-21 12:19:00,1724267940,423.24,423.27,423.17,423.17,5645
1520,2024-08-21 12:20:00,1724268000,423.17,423.26,422.95,423.09,14339
1521,2024-08-21 12:21:00,1724268060,423.07,423.1,422.98,423.02,8706
1522,2024-08-21 12:22:00,1724268120,422.99,423.01,422.75,422.86,8904
1523,2024-08-21 12:23:00,1724268180,422.83,422.89,422.79,422.82,4515
1524,2024-08-21 12:24:00,1724268240,422.85,423.08,422.84,423.03,7127
1525,2024-08-21 12:25:00,1724268300,423.04,423.2,423.04,423.1,10260
1526,2024-08-21 12:26:00,1724268360,423.14,423.25,423.11,423.11,15072
1527,2024-08-21 12:27:00,1724268420,423.1,423.1,423.01,423.09,5429
1528,2024-08-21 12:28:00,1724268480,423.11,423.23,423.1,423.21,6674
1529,2024-08-21 12:29:00,1724268540,423.2,423.31,423.16,423.23,7811
1530,2024-08-21 12:30:00,1724268600,423.23,423.24,423.1,423.1,7254
1531,2024-08-21 12:31:00,1724268660,423.09,423.1,423.01,423.1,11519
1532,2024-08-21 12:32:00,1724268720,423.08,423.18,422.98,423.14,12521
1533,2024-08-21 12:33:00,1724268780,423.14,423.23,423.06,423.06,15274
1534,2024-08-21 12:34:00,1724268840,423.05,423.05,422.9,423.0,9682
1535,2024-08-21 12:35:00,1724268900,423.03,423.1,422.96,423.0,10242
1536,2024-08-21 12:36:00,1724268960,422.99,423.06,422.96,423.0,13481
1537,2024-08-21 12:37:00,1724269020,422.98,423.04,422.95,423.0,13320
1538,2024-08-21 12:38:00,1724269080,422.97,423.06,422.96,423.03,7990
1539,2024-08-21 12:39:00,1724269140,423.05,423.21,423.04,423.2,9732
1540,2024-08-21 12:40:00,1724269200,423.23,423.27,423.14,423.19,11314
1541,2024-08-21 12:41:00,1724269260,423.19,423.3,423.15,423.26,12777
1542,2024-08-21 12:42:00,1724269320,423.28,423.28,423.13,423.13,17217
1543,2024-08-21 12:43:00,1724269380,423.11,423.13,422.86,422.91,15451
1544,2024-08-21 12:44:00,1724269440,422.89,423.09,422.89,422.98,11479
1545,2024-08-21 12:45:00,1724269500,422.98,423.12,422.93,422.93,10723
1546,2024-08-21 12:46:00,1724269560,422.95,423.18,422.89,423.15,13819
1547,2024-08-21 12:47:00,1724269620,423.17,423.34,423.13,423.21,13160
1548,2024-08-21 12:48:00,1724269680,423.21,423.38,423.18,423.36,10119
1549,2024-08-21 12:49:00,1724269740,423.38,423.59,423.31,423.49,15053
1550,2024-08-21 12:50:00,1724269800,423.53,423.74,423.42,423.45,60874
1551,2024-08-21 12:51:00,1724269860,423.45,423.61,423.39,423.59,28286
1552,2024-08-21 12:52:00,1724269920,423.58,423.94,423.57,423.84,32633
1553,2024-08-21 12:53:00,1724269980,423.81,424.03,423.81,423.93,19730
1554,2024-08-21 12:54:00,1724270040,423.93,424.26,423.82,424.05,28348
1555,2024-08-21 12:55:00,1724270100,424.09,424.14,423.9,423.9,33425
1556,2024-08-21 12:56:00,1724270160,423.89,424.12,423.8,423.97,40267
1557,2024-08-21 12:57:00,1724270220,423.96,424.19,423.85,424.12,40684
1558,2024-08-21 12:58:00,1724270280,424.13,424.22,423.99,424.02,62039
1559,2024-08-21 12:59:00,1724270340,424.01,424.14,423.87,424.1,243355
1560,2024-08-22 06:30:00,1724333400,424.36,424.8,424.06,424.66,222375
1561,2024-08-22 06:31:00,1724333460,424.65,425.34,424.6,425.27,51004
1562,2024-08-22 06:32:00,1724333520,425.28,425.3,424.77,424.82,32662
1563,2024-08-22 06:33:00,1724333580,424.75,425.27,424.66,425.13,62073
1564,2024-08-22 06:34:00,1724333640,425.14,426.74,425.11,426.33,91434
1565,2024-08-22 06:35:00,1724333700,426.3,426.79,426.29,426.54,54848
1566,2024-08-22 06:36:00,1724333760,426.59,426.59,425.82,425.97,70175
1567,2024-08-22 06:37:00,1724333820,426.02,426.06,425.56,425.95,46700
1568,2024-08-22 06:38:00,1724333880,425.97,426.24,425.54,425.71,30450
1569,2024-08-22 06:39:00,1724333940,425.62,425.72,425.23,425.28,16475
1570,2024-08-22 06:40:00,1724334000,425.34,425.54,424.94,425.44,85511
1571,2024-08-22 06:41:00,1724334060,425.39,425.54,424.9,424.95,18322
1572,2024-08-22 06:42:00,1724334120,424.94,425.0,424.68,424.71,26260
1573,2024-08-22 06:43:00,1724334180,424.71,424.82,424.44,424.62,26699
1574,2024-08-22 06:44:00,1724334240,424.6,424.74,424.5,424.56,33031
1575,2024-08-22 06:45:00,1724334300,424.57,424.87,424.18,424.54,37104
1576,2024-08-22 06:46:00,1724334360,424.52,424.8,424.13,424.77,41964
1577,2024-08-22 06:47:00,1724334420,424.82,425.4,424.7,425.2,23748
1578,2024-08-22 06:48:00,1724334480,425.19,425.51,425.13,425.17,18884
1579,2024-08-22 06:49:00,1724334540,425.22,425.27,424.83,424.93,23544
1580,2024-08-22 06:50:00,1724334600,424.92,424.92,424.43,424.52,22830
1581,2024-08-22 06:51:00,1724334660,424.54,425.06,424.43,425.05,14765
1582,2024-08-22 06:52:00,1724334720,425.11,425.16,425.0,425.12,27076
1583,2024-08-22 06:53:00,1724334780,425.16,425.97,425.16,425.93,21826
1584,2024-08-22 06:54:00,1724334840,425.91,426.15,425.84,426.13,32137
1585,2024-08-22 06:55:00,1724334900,426.18,426.35,426.04,426.12,27785
1586,2024-08-22 06:56:00,1724334960,426.17,426.44,426.07,426.44,18847
1587,2024-08-22 06:57:00,1724335020,426.37,426.44,426.15,426.3,15133
1588,2024-08-22 06:58:00,1724335080,426.27,426.27,425.81,425.84,15848
1589,2024-08-22 06:59:00,1724335140,425.88,426.0,425.37,425.55,32324
1590,2024-08-22 07:00:00,1724335200,425.56,425.76,425.44,425.61,24666
1591,2024-08-22 07:01:00,1724335260,425.68,425.68,425.3,425.39,23605
1592,2024-08-22 07:02:00,1724335320,425.37,425.67,425.27,425.57,11413
1593,2024-08-22 07:03:00,1724335380,425.55,425.83,425.45,425.82,12613
1594,2024-08-22 07:04:00,1724335440,425.78,425.93,425.55,425.64,22370
1595,2024-08-22 07:05:00,1724335500,425.59,425.66,425.42,425.42,12568
1596,2024-08-22 07:06:00,1724335560,425.39,425.39,424.94,425.31,21389
1597,2024-08-22 07:07:00,1724335620,425.33,425.36,424.93,425.08,13418
1598,2024-08-22 07:08:00,1724335680,425.07,425.11,424.16,424.36,25674
1599,2024-08-22 07:09:00,1724335740,424.36,424.57,424.3,424.34,19475
1600,2024-08-22 07:10:00,1724335800,424.35,424.4,424.12,424.12,17104
1601,2024-08-22 07:11:00,1724335860,424.14,424.3,423.65,423.65,26918
1602,2024-08-22 07:12:00,1724335920,423.67,424.11,423.66,423.75,16687
1603,2024-08-22 07:13:00,1724335980,423.78,424.23,423.73,424.13,19595
1604,2024-08-22 07:14:00,1724336040,424.12,424.29,424.11,424.17,10096
1605,2024-08-22 07:15:00,1724336100,424.14,424.43,424.04,424.11,28751
1606,2024-08-22 07:16:00,1724336160,424.16,424.49,424.06,424.44,12439
1607,2024-08-22 07:17:00,1724336220,424.46,424.6,424.12,424.18,32130
1608,2024-08-22 07:18:00,1724336280,424.14,424.29,423.86,423.97,13105
1609,2024-08-22 07:19:00,1724336340,424.0,424.09,423.76,423.77,18738
1610,2024-08-22 07:20:00,1724336400,423.79,423.93,423.6,423.73,22312
1611,2024-08-22 07:21:00,1724336460,423.75,423.93,423.6,423.93,19610
1612,2024-08-22 07:22:00,1724336520,423.96,423.98,423.72,423.81,9877
1613,2024-08-22 07:23:00,1724336580,423.87,424.1,423.82,424.06,14903
1614,2024-08-22 07:24:00,1724336640,423.99,424.28,423.98,424.21,18968
1615,2024-08-22 07:25:00,1724336700,424.25,424.34,424.04,424.1,8026
1616,2024-08-22 07:26:00,1724336760,424.09,424.29,424.03,424.1,8284
1617,2024-08-22 07:27:00,1724336820,424.1,424.1,423.8,423.83,10473
1618,2024-08-22 07:28:00,1724336880,423.85,423.85,423.56,423.6,15330
1619,2024-08-22 07:29:00,1724336940,423.57,423.83,423.46,423.8,16687
1620,2024-08-22 07:30:00,1724337000,423.79,423.79,423.23,423.24,43713
1621,2024-08-22 07:31:00,1724337060,423.23,423.28,422.95,423.11,31635
1622,2024-08-22 07:32:00,1724337120,423.13,423.19,422.86,422.93,11683
1623,2024-08-22 07:33:00,1724337180,422.95,423.09,422.89,423.07,11272
1624,2024-08-22 07:34:00,1724337240,423.09,423.3,423.06,423.13,19261
1625,2024-08-22 07:35:00,1724337300,423.14,423.33,422.98,423.0,10621
1626,2024-08-22 07:36:00,1724337360,422.96,423.12,422.96,423.04,14175
1627,2024-08-22 07:37:00,1724337420,423.0,423.05,422.87,422.9,9431
1628,2024-08-22 07:38:00,1724337480,422.87,423.23,422.85,422.92,12323
1629,2024-08-22 07:39:00,1724337540,422.94,423.18,422.92,423.09,10374
1630,2024-08-22 07:40:00,1724337600,423.05,423.06,422.93,422.95,7440
1631,2024-08-22 07:41:00,1724337660,422.97,423.11,422.97,423.06,8904
1632,2024-08-22 07:42:00,1724337720,423.1,423.1,422.93,423.0,14182
1633,2024-08-22 07:43:00,1724337780,422.96,422.97,422.64,422.72,12973
1634,2024-08-22 07:44:00,1724337840,422.71,422.92,422.62,422.62,14048
1635,2024-08-22 07:45:00,1724337900,422.64,422.8,422.58,422.74,9508
1636,2024-08-22 07:46:00,1724337960,422.73,422.78,422.43,422.43,9125
1637,2024-08-22 07:47:00,1724338020,422.43,422.44,422.27,422.34,13704
1638,2024-08-22 07:48:00,1724338080,422.35,422.52,422.33,422.4,10147
1639,2024-08-22 07:49:00,1724338140,422.4,422.44,421.92,422.05,27638
1640,2024-08-22 07:50:00,1724338200,421.96,422.21,421.96,422.16,14666
1641,2024-08-22 07:51:00,1724338260,422.12,422.16,421.65,421.82,44149
1642,2024-08-22 07:52:00,1724338320,421.85,421.99,421.59,421.6,20027
1643,2024-08-22 07:53:00,1724338380,421.59,421.88,421.53,421.65,24216
1644,2024-08-22 07:54:00,1724338440,421.66,421.89,421.62,421.79,16350
1645,2024-08-22 07:55:00,1724338500,421.79,421.84,421.64,421.79,14453
1646,2024-08-22 07:56:00,1724338560,421.77,421.83,421.65,421.83,12562
1647,2024-08-22 07:57:00,1724338620,421.87,421.98,421.84,421.9,23363
1648,2024-08-22 07:58:00,1724338680,421.9,421.9,421.42,421.42,26264
1649,2024-08-22 07:59:00,1724338740,421.41,421.59,421.4,421.51,30418
1650,2024-08-22 08:00:00,1724338800,421.52,421.78,421.5,421.6,12943
1651,2024-08-22 08:01:00,1724338860,421.59,422.03,421.55,421.78,19596
1652,2024-08-22 08:02:00,1724338920,421.79,422.13,421.78,421.94,21772
1653,2024-08-22 08:03:00,1724338980,421.96,422.17,421.93,422.1,13882
1654,2024-08-22 08:04:00,1724339040,422.12,422.12,421.88,421.89,8833
1655,2024-08-22 08:05:00,1724339100,421.9,422.02,421.86,421.91,12246
1656,2024-08-22 08:06:00,1724339160,421.9,422.18,421.8,422.18,15662
1657,2024-08-22 08:07:00,1724339220,422.17,422.2,421.8,421.93,10670
1658,2024-08-22 08:08:00,1724339280,421.93,422.01,421.78,421.84,10227
1659,2024-08-22 08:09:00,1724339340,421.81,421.81,421.36,421.38,25300
1660,2024-08-22 08:10:00,1724339400,421.36,421.41,420.76,420.98,34221
1661,2024-08-22 08:11:00,1724339460,421.01,421.04,420.75,420.88,16141
1662,2024-08-22 08:12:00,1724339520,420.91,421.14,420.83,421.12,14537
1663,2024-08-22 08:13:00,1724339580,421.1,421.1,420.78,420.87,10738
1664,2024-08-22 08:14:00,1724339640,420.87,420.92,420.8,420.87,15310
1665,2024-08-22 08:15:00,1724339700,420.85,421.06,420.82,421.03,15179
1666,2024-08-22 08:16:00,1724339760,421.01,421.24,421.01,421.15,17353
1667,2024-08-22 08:17:00,1724339820,421.19,421.28,421.06,421.14,21060
1668,2024-08-22 08:18:00,1724339880,421.16,421.39,421.01,421.11,17993
1669,2024-08-22 08:19:00,1724339940,421.12,421.17,420.5,420.5,22753
1670,2024-08-22 08:20:00,1724340000,420.48,420.52,420.17,420.29,28716
1671,2024-08-22 08:21:00,1724340060,420.22,420.33,419.91,420.05,57121
1672,2024-08-22 08:22:00,1724340120,420.01,420.28,420.01,420.13,18358
1673,2024-08-22 08:23:00,1724340180,420.11,420.18,420.01,420.15,12380
1674,2024-08-22 08:24:00,1724340240,420.2,420.22,419.95,420.13,25765
1675,2024-08-22 08:25:00,1724340300,420.11,420.11,419.83,419.9,15165
1676,2024-08-22 08:26:00,1724340360,419.88,419.94,419.68,419.8,19505
1677,2024-08-22 08:27:00,1724340420,419.77,419.98,419.72,419.93,16561
1678,2024-08-22 08:28:00,1724340480,419.93,419.94,419.61,419.62,24888
1679,2024-08-22 08:29:00,1724340540,419.63,419.63,419.19,419.28,37927
1680,2024-08-22 08:30:00,1724340600,419.23,419.48,419.08,419.14,28677
1681,2024-08-22 08:31:00,1724340660,419.15,419.54,419.12,419.29,17126
1682,2024-08-22 08:32:00,1724340720,419.27,419.28,419.06,419.11,15157
1683,2024-08-22 08:33:00,1724340780,419.14,419.23,418.82,418.82,30034
1684,2024-08-22 08:34:00,1724340840,418.84,419.03,418.82,418.89,24293
1685,2024-08-22 08:35:00,1724340900,418.9,419.06,418.86,418.87,23983
1686,2024-08-22 08:36:00,1724340960,418.85,418.88,418.69,418.83,39125
1687,2024-08-22 08:37:00,1724341020,418.82,418.91,418.73,418.78,11089
1688,2024-08-22 08:38:00,1724341080,418.74,418.91,418.73,418.77,17546
1689,2024-08-22 08:39:00,1724341140,418.78,418.86,418.65,418.75,31298
1690,2024-08-22 08:40:00,1724341200,418.79,418.81,418.5,418.52,17282
1691,2024-08-22 08:41:00,1724341260,418.52,418.91,418.5,418.78,24751
1692,2024-08-22 08:42:00,1724341320,418.78,418.78,418.34,418.35,33306
1693,2024-08-22 08:43:00,1724341380,418.34,418.34,417.66,417.72,58906
1694,2024-08-22 08:44:00,1724341440,417.71,417.94,417.6,417.84,26180
1695,2024-08-22 08:45:00,1724341500,417.84,418.12,417.67,418.07,25260
1696,2024-08-22 08:46:00,1724341560,418.07,418.3,417.91,418.23,18484
1697,2024-08-22 08:47:00,1724341620,418.27,418.54,418.23,418.34,16726
1698,2024-08-22 08:48:00,1724341680,418.29,418.29,417.74,417.85,18456
1699,2024-08-22 08:49:00,1724341740,417.84,418.08,417.83,417.94,18588
1700,2024-08-22 08:50:00,1724341800,417.96,418.05,417.64,417.95,20229
1701,2024-08-22 08:51:00,1724341860,418.04,418.07,417.79,417.95,11685
1702,2024-08-22 08:52:00,1724341920,417.94,417.99,417.79,417.84,14009
1703,2024-08-22 08:53:00,1724341980,417.88,417.97,417.65,417.82,18581
1704,2024-08-22 08:54:00,1724342040,417.84,417.86,417.69,417.8,7249
1705,2024-08-22 08:55:00,1724342100,417.83,417.95,417.67,417.87,7679
1706,2024-08-22 08:56:00,1724342160,417.88,418.03,417.78,418.01,13415
1707,2024-08-22 08:57:00,1724342220,418.0,418.26,417.98,418.25,26696
1708,2024-08-22 08:58:00,1724342280,418.23,418.48,418.18,418.38,31014
1709,2024-08-22 08:59:00,1724342340,418.34,418.39,418.04,418.05,13301
1710,2024-08-22 09:00:00,1724342400,418.01,418.32,418.01,418.08,14215
1711,2024-08-22 09:01:00,1724342460,418.03,418.44,418.03,418.29,16344
1712,2024-08-22 09:02:00,1724342520,418.31,418.5,418.23,418.45,17527
1713,2024-08-22 09:03:00,1724342580,418.37,418.49,418.25,418.3,18294
1714,2024-08-22 09:04:00,1724342640,418.3,418.59,418.29,418.45,28166
1715,2024-08-22 09:05:00,1724342700,418.45,418.54,418.36,418.5,17841
1716,2024-08-22 09:06:00,1724342760,418.5,418.64,418.39,418.54,12267
1717,2024-08-22 09:07:00,1724342820,418.54,418.8,418.53,418.73,11319
1718,2024-08-22 09:08:00,1724342880,418.75,418.79,418.56,418.6,8620
1719,2024-08-22 09:09:00,1724342940,418.54,418.8,418.51,418.8,9084
1720,2024-08-22 09:10:00,1724343000,418.77,418.84,418.67,418.7,10487
1721,2024-08-22 09:11:00,1724343060,418.7,418.71,418.58,418.6,6637
1722,2024-08-22 09:12:00,1724343120,418.63,418.89,418.49,418.89,12859
1723,2024-08-22 09:13:00,1724343180,418.89,418.98,418.66,418.71,8086
1724,2024-08-22 09:14:00,1724343240,418.72,418.77,418.54,418.55,5002
1725,2024-08-22 09:15:00,1724343300,418.63,418.65,418.46,418.46,22175
1726,2024-08-22 09:16:00,1724343360,418.45,418.78,418.45,418.71,5787
1727,2024-08-22 09:17:00,1724343420,418.64,418.73,418.53,418.73,13115
1728,2024-08-22 09:18:00,1724343480,418.71,418.82,418.61,418.69,5840
1729,2024-08-22 09:19:00,1724343540,418.65,418.7,418.58,418.64,5995
1730,2024-08-22 09:20:00,1724343600,418.68,419.25,418.65,419.18,22430
1731,2024-08-22 09:21:00,1724343660,419.14,419.23,419.02,419.13,9042
1732,2024-08-22 09:22:00,1724343720,419.09,419.12,419.02,419.07,4025
1733,2024-08-22 09:23:00,1724343780,419.07,419.36,419.05,419.36,6838
1734,2024-08-22 09:24:00,1724343840,419.3,419.48,419.29,419.37,14272
1735,2024-08-22 09:25:00,1724343900,419.34,419.54,419.29,419.48,7376
1736,2024-08-22 09:26:00,1724343960,419.47,419.81,419.44,419.81,16302
1737,2024-08-22 09:27:00,1724344020,419.8,419.97,419.71,419.76,8732
1738,2024-08-22 09:28:00,1724344080,419.8,419.92,419.71,419.87,11939
1739,2024-08-22 09:29:00,1724344140,419.93,420.09,419.88,419.93,26314
1740,2024-08-22 09:30:00,1724344200,419.93,420.21,419.9,420.07,13790
1741,2024-08-22 09:31:00,1724344260,420.0,420.08,419.93,419.99,5929
1742,2024-08-22 09:32:00,1724344320,419.93,420.13,419.93,420.07,10444
1743,2024-08-22 09:33:00,1724344380,420.11,420.12,419.72,419.8,15633
1744,2024-08-22 09:34:00,1724344440,419.82,420.04,419.78,419.95,6988
1745,2024-08-22 09:35:00,1724344500,419.99,420.0,419.85,420.0,9139
1746,2024-08-22 09:36:00,1724344560,419.95,420.08,419.82,419.85,10542
1747,2024-08-22 09:37:00,1724344620,419.89,420.01,419.73,419.76,12376
1748,2024-08-22 09:38:00,1724344680,419.74,419.8,419.54,419.68,7726
1749,2024-08-22 09:39:00,1724344740,419.61,419.7,419.43,419.43,10306
1750,2024-08-22 09:40:00,1724344800,419.44,419.65,419.4,419.5,10855
1751,2024-08-22 09:41:00,1724344860,419.59,419.65,419.32,419.65,12518
1752,2024-08-22 09:42:00,1724344920,419.59,419.71,419.33,419.45,8422
1753,2024-08-22 09:43:00,1724344980,419.49,419.58,419.36,419.54,20439
1754,2024-08-22 09:44:00,1724345040,419.57,419.74,419.4,419.62,10437
1755,2024-08-22 09:45:00,1724345100,419.64,419.66,419.37,419.43,9254
1756,2024-08-22 09:46:00,1724345160,419.53,419.53,419.3,419.43,5400
1757,2024-08-22 09:47:00,1724345220,419.4,419.46,419.23,419.23,5571
1758,2024-08-22 09:48:00,1724345280,419.26,419.33,419.08,419.15,10198
1759,2024-08-22 09:49:00,1724345340,419.11,419.19,418.96,419.09,16107
1760,2024-08-22 09:50:00,1724345400,419.11,419.17,418.74,418.84,4984
1761,2024-08-22 09:51:00,1724345460,418.85,418.86,418.41,418.41,7676
1762,2024-08-22 09:52:00,1724345520,418.4,418.46,418.1,418.35,13493
1763,2024-08-22 09:53:00,1724345580,418.33,418.33,418.07,418.15,13418
1764,2024-08-22 09:54:00,1724345640,418.12,418.12,417.6,417.6,23565
1765,2024-08-22 09:55:00,1724345700,417.67,417.67,417.38,417.52,12757
1766,2024-08-22 09:56:00,1724345760,417.52,417.69,417.34,417.49,7053
1767,2024-08-22 09:57:00,1724345820,417.46,417.66,417.06,417.12,28718
1768,2024-08-22 09:58:00,1724345880,417.11,417.23,417.06,417.06,30088
1769,2024-08-22 09:59:00,1724345940,417.06,417.2,416.95,417.07,29950
1770,2024-08-22 10:00:00,1724346000,417.07,417.1,416.82,417.0,15708
1771,2024-08-22 10:01:00,1724346060,417.03,417.17,416.98,417.04,17746
1772,2024-08-22 10:02:00,1724346120,417.01,417.16,416.75,416.82,14336
1773,2024-08-22 10:03:00,1724346180,416.87,416.89,416.63,416.68,15378
1774,2024-08-22 10:04:00,1724346240,416.68,417.04,416.66,416.94,22919
1775,2024-08-22 10:05:00,1724346300,416.9,416.99,416.57,416.63,16055
1776,2024-08-22 10:06:00,1724346360,416.61,416.76,416.51,416.76,7728
1777,2024-08-22 10:07:00,1724346420,416.73,416.91,416.66,416.89,11912
1778,2024-08-22 10:08:00,1724346480,416.87,416.94,416.52,416.54,14708
1779,2024-08-22 10:09:00,1724346540,416.55,416.71,416.52,416.71,18580
1780,2024-08-22 10:10:00,1724346600,416.68,417.13,416.6,417.13,19691
1781,2024-08-22 10:11:00,1724346660,417.09,417.49,417.06,417.32,19931
1782,2024-08-22 10:12:00,1724346720,417.32,417.36,417.08,417.08,9516
1783,2024-08-22 10:13:00,1724346780,417.05,417.09,416.55,416.56,18921
1784,2024-08-22 10:14:00,1724346840,416.6,416.71,416.54,416.65,9763
1785,2024-08-22 10:15:00,1724346900,416.68,416.99,416.67,416.83,14081
1786,2024-08-22 10:16:00,1724346960,416.84,416.98,416.84,416.89,12179
1787,2024-08-22 10:17:00,1724347020,416.87,417.1,416.85,417.08,5084
1788,2024-08-22 10:18:00,1724347080,417.13,417.34,417.08,417.1,6345
1789,2024-08-22 10:19:00,1724347140,417.16,417.16,416.94,416.98,6295
1790,2024-08-22 10:20:00,1724347200,416.96,417.13,416.94,417.08,8116
1791,2024-08-22 10:21:00,1724347260,417.07,417.11,416.85,416.85,14062
1792,2024-08-22 10:22:00,1724347320,416.85,417.0,416.73,416.94,7816
1793,2024-08-22 10:23:00,1724347380,416.9,417.03,416.9,416.99,5289
1794,2024-08-22 10:24:00,1724347440,417.0,417.13,416.85,416.86,12900
1795,2024-08-22 10:25:00,1724347500,416.85,416.86,416.53,416.55,39683
1796,2024-08-22 10:26:00,1724347560,416.55,416.69,416.38,416.66,20372
1797,2024-08-22 10:27:00,1724347620,416.66,416.75,416.57,416.75,6925
1798,2024-08-22 10:28:00,1724347680,416.69,416.75,416.58,416.64,7180
1799,2024-08-22 10:29:00,1724347740,416.63,416.69,416.44,416.45,8300
1800,2024-08-22 10:30:00,1724347800,416.44,416.69,416.39,416.5,12589
1801,2024-08-22 10:31:00,1724347860,416.43,416.44,415.39,415.4,33469
1802,2024-08-22 10:32:00,1724347920,415.42,415.78,415.41,415.76,30585
1803,2024-08-22 10:33:00,1724347980,415.73,416.06,415.51,415.97,20388
1804,2024-08-22 10:34:00,1724348040,415.97,416.2,415.81,415.97,14241
1805,2024-08-22 10:35:00,1724348100,415.95,416.16,415.94,416.02,17781
1806,2024-08-22 10:36:00,1724348160,416.01,416.15,415.92,416.04,5993
1807,2024-08-22 10:37:00,1724348220,415.95,416.59,415.95,416.52,20439
1808,2024-08-22 10:38:00,1724348280,416.5,416.53,416.26,416.37,8285
1809,2024-08-22 10:39:00,1724348340,416.4,416.47,416.3,416.34,7462
1810,2024-08-22 10:40:00,1724348400,416.33,416.33,415.98,416.06,12931
1811,2024-08-22 10:41:00,1724348460,416.09,416.3,416.05,416.26,12221
1812,2024-08-22 10:42:00,1724348520,416.29,416.3,416.05,416.16,8114
1813,2024-08-22 10:43:00,1724348580,416.12,416.29,416.11,416.29,5679
1814,2024-08-22 10:44:00,1724348640,416.3,416.5,416.22,416.27,9105
1815,2024-08-22 10:45:00,1724348700,416.25,416.32,416.06,416.06,9685
1816,2024-08-22 10:46:00,1724348760,416.04,416.19,415.95,416.0,23359
1817,2024-08-22 10:47:00,1724348820,416.0,416.02,415.79,415.82,11482
1818,2024-08-22 10:48:00,1724348880,415.85,415.93,415.68,415.7,8142
1819,2024-08-22 10:49:00,1724348940,415.7,415.7,415.35,415.38,11866
1820,2024-08-22 10:50:00,1724349000,415.39,415.76,415.39,415.65,12162
1821,2024-08-22 10:51:00,1724349060,415.67,415.67,415.4,415.41,17335
1822,2024-08-22 10:52:00,1724349120,415.41,415.43,415.12,415.19,32966
1823,2024-08-22 10:53:00,1724349180,415.19,415.25,414.84,414.96,30109
1824,2024-08-22 10:54:00,1724349240,414.95,414.98,414.64,414.64,18308
1825,2024-08-22 10:55:00,1724349300,414.71,414.88,414.64,414.83,8868
1826,2024-08-22 10:56:00,1724349360,414.86,415.06,414.85,414.95,10157
1827,2024-08-22 10:57:00,1724349420,414.96,415.03,414.9,415.03,9290
1828,2024-08-22 10:58:00,1724349480,415.01,415.03,414.75,414.8,7749
1829,2024-08-22 10:59:00,1724349540,414.81,415.1,414.8,415.03,11893
1830,2024-08-22 11:00:00,1724349600,415.01,415.15,414.87,414.94,8539
1831,2024-08-22 11:01:00,1724349660,414.88,415.02,414.83,414.98,6964
1832,2024-08-22 11:02:00,1724349720,414.96,415.06,414.9,414.93,11493
1833,2024-08-22 11:03:00,1724349780,414.88,415.22,414.86,415.06,18134
1834,2024-08-22 11:04:00,1724349840,415.07,415.14,414.92,415.04,10467
1835,2024-08-22 11:05:00,1724349900,415.07,415.28,414.94,415.21,16061
1836,2024-08-22 11:06:00,1724349960,415.19,415.27,415.01,415.18,10236
1837,2024-08-22 11:07:00,1724350020,415.19,415.39,415.03,415.17,15053
1838,2024-08-22 11:08:00,1724350080,415.18,415.54,415.18,415.51,11012
1839,2024-08-22 11:09:00,1724350140,415.52,415.73,415.41,415.69,16643
1840,2024-08-22 11:10:00,1724350200,415.7,415.78,415.33,415.38,21689
1841,2024-08-22 11:11:00,1724350260,415.37,415.92,415.3,415.91,12720
1842,2024-08-22 11:12:00,1724350320,415.95,415.96,415.37,415.37,11137
1843,2024-08-22 11:13:00,1724350380,415.37,415.68,415.28,415.5,13083
1844,2024-08-22 11:14:00,1724350440,415.57,416.06,415.51,415.99,13076
1845,2024-08-22 11:15:00,1724350500,415.95,416.25,415.94,416.18,24380
1846,2024-08-22 11:16:00,1724350560,416.18,416.25,415.97,416.01,18914
1847,2024-08-22 11:17:00,1724350620,415.92,416.03,415.82,415.96,9750
1848,2024-08-22 11:18:00,1724350680,415.95,416.22,415.87,416.21,14440
1849,2024-08-22 11:19:00,1724350740,416.17,416.56,416.05,416.53,21588
1850,2024-08-22 11:20:00,1724350800,416.5,416.6,416.15,416.22,12122
1851,2024-08-22 11:21:00,1724350860,416.22,416.31,416.15,416.21,8382
1852,2024-08-22 11:22:00,1724350920,416.23,416.35,416.21,416.31,10024
1853,2024-08-22 11:23:00,1724350980,416.3,416.45,416.27,416.31,12728
1854,2024-08-22 11:24:00,1724351040,416.28,416.39,416.27,416.36,6133
1855,2024-08-22 11:25:00,1724351100,416.33,416.34,416.21,416.31,6379
1856,2024-08-22 11:26:00,1724351160,416.28,416.51,416.26,416.44,14238
1857,2024-08-22 11:27:00,1724351220,416.5,416.56,416.39,416.46,14489
1858,2024-08-22 11:28:00,1724351280,416.44,416.46,416.32,416.41,8854
1859,2024-08-22 11:29:00,1724351340,416.44,416.63,416.44,416.55,17811
1860,2024-08-22 11:30:00,1724351400,416.57,416.57,416.3,416.4,12764
1861,2024-08-22 11:31:00,1724351460,416.39,416.49,416.34,416.38,7893
1862,2024-08-22 11:32:00,1724351520,416.39,416.66,416.38,416.47,16105
1863,2024-08-22 11:33:00,1724351580,416.44,416.64,416.44,416.61,8124
1864,2024-08-22 11:34:00,1724351640,416.62,416.64,416.15,416.24,13441
1865,2024-08-22 11:35:00,1724351700,416.21,416.43,416.21,416.34,8800
1866,2024-08-22 11:36:00,1724351760,416.34,416.36,416.17,416.31,17500
1867,2024-08-22 11:37:00,1724351820,416.34,416.51,416.26,416.39,8447
1868,2024-08-22 11:38:00,1724351880,416.39,416.47,416.31,416.33,8770
1869,2024-08-22 11:39:00,1724351940,416.35,416.38,416.16,416.28,10184
1870,2024-08-22 11:40:00,1724352000,416.23,416.4,416.14,416.38,14829
1871,2024-08-22 11:41:00,1724352060,416.43,416.64,416.38,416.61,15657
1872,2024-08-22 11:42:00,1724352120,416.53,416.62,416.19,416.21,12955
1873,2024-08-22 11:43:00,1724352180,416.17,416.48,416.16,416.39,8566
1874,2024-08-22 11:44:00,1724352240,416.39,416.41,416.19,416.37,14254
1875,2024-08-22 11:45:00,1724352300,416.35,416.53,416.25,416.39,11783
1876,2024-08-22 11:46:00,1724352360,416.38,416.46,416.21,416.21,4126
1877,2024-08-22 11:47:00,1724352420,416.23,416.54,416.13,416.44,10887
1878,2024-08-22 11:48:00,1724352480,416.4,416.47,416.22,416.22,7375
1879,2024-08-22 11:49:00,1724352540,416.25,416.28,415.92,415.92,21706
1880,2024-08-22 11:50:00,1724352600,415.94,416.03,415.84,415.98,11662
1881,2024-08-22 11:51:00,1724352660,415.99,416.04,415.91,416.0,11540
1882,2024-08-22 11:52:00,1724352720,415.96,416.0,415.8,415.97,14069
1883,2024-08-22 11:53:00,1724352780,415.97,415.97,415.77,415.83,9666
1884,2024-08-22 11:54:00,1724352840,415.83,416.0,415.68,415.69,8659
1885,2024-08-22 11:55:00,1724352900,415.68,415.94,415.68,415.85,12653
1886,2024-08-22 11:56:00,1724352960,415.88,416.05,415.8,415.83,7524
1887,2024-08-22 11:57:00,1724353020,415.79,415.79,415.62,415.62,8648
1888,2024-08-22 11:58:00,1724353080,415.6,415.71,415.5,415.5,4995
1889,2024-08-22 11:59:00,1724353140,415.5,415.5,415.29,415.4,7096
1890,2024-08-22 12:00:00,1724353200,415.49,415.77,415.49,415.73,5165
1891,2024-08-22 12:01:00,1724353260,415.74,416.02,415.7,415.93,13054
1892,2024-08-22 12:02:00,1724353320,416.01,416.4,416.0,416.36,28092
1893,2024-08-22 12:03:00,1724353380,416.37,416.5,416.19,416.23,13501
1894,2024-08-22 12:04:00,1724353440,416.24,416.36,416.21,416.28,7388
1895,2024-08-22 12:05:00,1724353500,416.32,416.32,416.06,416.22,9015
1896,2024-08-22 12:06:00,1724353560,416.16,416.25,415.98,415.98,13251
1897,2024-08-22 12:07:00,1724353620,415.98,415.98,415.73,415.84,13104
1898,2024-08-22 12:08:00,1724353680,415.84,415.92,415.74,415.81,6378
1899,2024-08-22 12:09:00,1724353740,415.85,415.97,415.76,415.87,15829
1900,2024-08-22 12:10:00,1724353800,415.86,415.91,415.67,415.76,35026
1901,2024-08-22 12:11:00,1724353860,415.78,415.88,415.73,415.75,15988
1902,2024-08-22 12:12:00,1724353920,415.75,415.84,415.52,415.6,18985
1903,2024-08-22 12:13:00,1724353980,415.61,415.79,415.58,415.77,29895
1904,2024-08-22 12:14:00,1724354040,415.74,415.77,415.61,415.63,20709
1905,2024-08-22 12:15:00,1724354100,415.63,415.79,415.62,415.67,16843
1906,2024-08-22 12:16:00,1724354160,415.67,415.77,415.55,415.73,14029
1907,2024-08-22 12:17:00,1724354220,415.71,415.71,415.54,415.58,11741
1908,2024-08-22 12:18:00,1724354280,415.57,415.7,415.54,415.64,17896
1909,2024-08-22 12:19:00,1724354340,415.64,415.67,415.46,415.59,29884
1910,2024-08-22 12:20:00,1724354400,415.6,415.64,415.45,415.48,17905
1911,2024-08-22 12:21:00,1724354460,415.52,415.55,415.35,415.37,16716
1912,2024-08-22 12:22:00,1724354520,415.37,415.38,414.91,415.14,31129
1913,2024-08-22 12:23:00,1724354580,415.17,415.19,414.78,414.78,17259
1914,2024-08-22 12:24:00,1724354640,414.8,414.84,414.74,414.78,18664
1915,2024-08-22 12:25:00,1724354700,414.78,415.02,414.71,414.93,53467
1916,2024-08-22 12:26:00,1724354760,414.82,414.94,414.68,414.7,13649
1917,2024-08-22 12:27:00,1724354820,414.73,414.9,414.67,414.85,16289
1918,2024-08-22 12:28:00,1724354880,414.86,414.86,414.69,414.83,12807
1919,2024-08-22 12:29:00,1724354940,414.79,414.98,414.72,414.83,16788
1920,2024-08-22 12:30:00,1724355000,414.86,414.97,414.77,414.85,19478
1921,2024-08-22 12:31:00,1724355060,414.89,415.05,414.72,414.75,26996
1922,2024-08-22 12:32:00,1724355120,414.81,414.85,414.62,414.69,29782
1923,2024-08-22 12:33:00,1724355180,414.73,415.02,414.62,414.99,18320
1924,2024-08-22 12:34:00,1724355240,415.0,415.03,414.69,414.83,17863
1925,2024-08-22 12:35:00,1724355300,414.85,414.95,414.62,414.68,16511
1926,2024-08-22 12:36:00,1724355360,414.69,414.89,414.61,414.78,30366
1927,2024-08-22 12:37:00,1724355420,414.76,415.09,414.71,414.92,15364
1928,2024-08-22 12:38:00,1724355480,414.97,415.3,414.91,415.25,22023
1929,2024-08-22 12:39:00,1724355540,415.18,415.31,414.93,415.0,19456
1930,2024-08-22 12:40:00,1724355600,414.99,414.99,414.77,414.84,19213
1931,2024-08-22 12:41:00,1724355660,414.86,414.99,414.76,414.86,25340
1932,2024-08-22 12:42:00,1724355720,414.87,415.05,414.76,414.96,43005
1933,2024-08-22 12:43:00,1724355780,414.94,415.17,414.94,415.02,31141
1934,2024-08-22 12:44:00,1724355840,415.04,415.05,414.73,414.93,32161
1935,2024-08-22 12:45:00,1724355900,414.96,415.37,414.93,415.0,25599
1936,2024-08-22 12:46:00,1724355960,415.02,415.34,414.92,415.34,35237
1937,2024-08-22 12:47:00,1724356020,415.34,415.59,415.29,415.47,45012
1938,2024-08-22 12:48:00,1724356080,415.45,415.73,415.42,415.65,43862
1939,2024-08-22 12:49:00,1724356140,415.62,416.0,415.59,415.93,45646
1940,2024-08-22 12:50:00,1724356200,415.95,416.33,415.82,415.83,71267
1941,2024-08-22 12:51:00,1724356260,415.83,415.99,415.54,415.6,36653
1942,2024-08-22 12:52:00,1724356320,415.64,415.9,415.56,415.62,32713
1943,2024-08-22 12:53:00,1724356380,415.58,415.69,415.33,415.41,42933
1944,2024-08-22 12:54:00,1724356440,415.33,415.75,415.15,415.59,72469
1945,2024-08-22 12:55:00,1724356500,415.6,415.69,415.09,415.11,69671
1946,2024-08-22 12:56:00,1724356560,415.12,415.28,415.02,415.21,55969
1947,2024-08-22 12:57:00,1724356620,415.2,415.35,414.79,414.91,65440
1948,2024-08-22 12:58:00,1724356680,414.93,415.16,414.71,414.87,136880
1949,2024-08-22 12:59:00,1724356740,414.85,415.84,414.81,415.62,454524
1950,2024-08-23 06:30:00,1724419800,416.98,417.91,416.87,417.52,353528
1951,2024-08-23 06:31:00,1724419860,417.52,417.55,416.85,417.2,34632
1952,2024-08-23 06:32:00,1724419920,417.27,417.5,416.65,417.03,28200
1953,2024-08-23 06:33:00,1724419980,417.11,417.54,416.75,417.44,31867
1954,2024-08-23 06:34:00,1724420040,417.45,417.64,417.19,417.28,19693
1955,2024-08-23 06:35:00,1724420100,417.29,417.66,417.29,417.6,42273
1956,2024-08-23 06:36:00,1724420160,417.65,417.8,417.2,417.2,32799
1957,2024-08-23 06:37:00,1724420220,417.2,417.25,416.92,416.97,20835
1958,2024-08-23 06:38:00,1724420280,417.06,417.29,417.02,417.13,38718
1959,2024-08-23 06:39:00,1724420340,417.11,417.42,417.0,417.2,27624
1960,2024-08-23 06:40:00,1724420400,417.29,417.37,416.7,416.8,27472
1961,2024-08-23 06:41:00,1724420460,416.74,416.97,416.53,416.94,19464
1962,2024-08-23 06:42:00,1724420520,416.93,416.99,416.7,416.86,26872
1963,2024-08-23 06:43:00,1724420580,416.82,416.92,416.31,416.6,24100
1964,2024-08-23 06:44:00,1724420640,416.61,416.67,416.28,416.57,16528
1965,2024-08-23 06:45:00,1724420700,416.63,417.0,416.57,416.87,43206
1966,2024-08-23 06:46:00,1724420760,416.88,416.95,416.58,416.84,30997
1967,2024-08-23 06:47:00,1724420820,416.84,416.89,416.59,416.64,19819
1968,2024-08-23 06:48:00,1724420880,416.65,416.96,416.64,416.87,21532
1969,2024-08-23 06:49:00,1724420940,416.87,416.94,416.7,416.83,14400
1970,2024-08-23 06:50:00,1724421000,416.83,417.12,416.82,416.92,20310
1971,2024-08-23 06:51:00,1724421060,416.92,417.12,416.91,416.92,16243
1972,2024-08-23 06:52:00,1724421120,416.92,417.11,416.5,416.59,23583
1973,2024-08-23 06:53:00,1724421180,416.6,417.06,416.59,416.92,18869
1974,2024-08-23 06:54:00,1724421240,416.91,417.43,416.9,417.41,18852
1975,2024-08-23 06:55:00,1724421300,417.44,417.6,417.39,417.5,20325
1976,2024-08-23 06:56:00,1724421360,417.49,417.53,417.35,417.44,12855
1977,2024-08-23 06:57:00,1724421420,417.46,417.55,417.01,417.05,25815
1978,2024-08-23 06:58:00,1724421480,417.06,417.26,417.05,417.08,14738
1979,2024-08-23 06:59:00,1724421540,417.01,417.38,416.89,417.24,30104
1980,2024-08-23 07:00:00,1724421600,417.26,418.55,417.26,418.19,58498
1981,2024-08-23 07:01:00,1724421660,418.25,418.76,418.14,418.21,38881
1982,2024-08-23 07:02:00,1724421720,418.15,418.4,417.9,418.21,46088
1983,2024-08-23 07:03:00,1724421780,418.22,418.25,417.67,418.06,55241
1984,2024-08-23 07:04:00,1724421840,418.02,418.33,417.8,418.31,35016
1985,2024-08-23 07:05:00,1724421900,418.34,418.43,417.76,417.83,36526
1986,2024-08-23 07:06:00,1724421960,417.65,418.11,417.34,418.11,40997
1987,2024-08-23 07:07:00,1724422020,418.09,418.44,417.86,418.26,21798
1988,2024-08-23 07:08:00,1724422080,418.22,418.44,418.21,418.29,21068
1989,2024-08-23 07:09:00,1724422140,418.23,418.39,417.89,418.14,30277
1990,2024-08-23 07:10:00,1724422200,418.19,419.1,418.14,419.1,48441
1991,2024-08-23 07:11:00,1724422260,419.1,419.14,418.7,418.9,29221
1992,2024-08-23 07:12:00,1724422320,418.84,419.0,418.68,418.81,23413
1993,2024-08-23 07:13:00,1724422380,418.81,419.22,418.78,418.8,25487
1994,2024-08-23 07:14:00,1724422440,418.83,418.87,418.55,418.59,36103
1995,2024-08-23 07:15:00,1724422500,418.66,419.03,418.62,418.94,28878
1996,2024-08-23 07:16:00,1724422560,418.98,419.26,418.56,418.61,63424
1997,2024-08-23 07:17:00,1724422620,418.63,418.72,417.18,417.72,45124
1998,2024-08-23 07:18:00,1724422680,417.73,417.94,417.48,417.8,27918
1999,2024-08-23 07:19:00,1724422740,417.73,417.94,417.37,417.5,28771
2000,2024-08-23 07:20:00,1724422800,417.5,417.87,417.18,417.18,24529
2001,2024-08-23 07:21:00,1724422860,417.27,417.5,417.17,417.37,22299
2002,2024-08-23 07:22:00,1724422920,417.4,418.05,417.35,417.9,29675
2003,2024-08-23 07:23:00,1724422980,417.89,418.54,417.89,418.46,21072
2004,2024-08-23 07:24:00,1724423040,418.49,418.7,418.25,418.64,19996
2005,2024-08-23 07:25:00,1724423100,418.62,418.74,418.41,418.56,33785
2006,2024-08-23 07:26:00,1724423160,418.65,418.83,418.57,418.8,30645
2007,2024-08-23 07:27:00,1724423220,418.76,418.9,418.44,418.59,22709
2008,2024-08-23 07:28:00,1724423280,418.59,419.1,418.59,418.82,32868
2009,2024-08-23 07:29:00,1724423340,418.78,418.78,418.13,418.18,33728
2010,2024-08-23 07:30:00,1724423400,418.22,418.32,417.75,417.96,33893
2011,2024-08-23 07:31:00,1724423460,417.96,418.17,417.77,418.06,11728
2012,2024-08-23 07:32:00,1724423520,418.07,418.14,417.5,417.54,13249
2013,2024-08-23 07:33:00,1724423580,417.49,417.61,417.22,417.6,23956
2014,2024-08-23 07:34:00,1724423640,417.55,417.68,417.29,417.3,19931
2015,2024-08-23 07:35:00,1724423700,417.37,417.37,416.79,417.1,36317
2016,2024-08-23 07:36:00,1724423760,417.14,417.4,416.93,417.01,32795
2017,2024-08-23 07:37:00,1724423820,416.99,417.1,416.7,416.7,28300
2018,2024-08-23 07:38:00,1724423880,416.68,416.87,416.4,416.61,32359
2019,2024-08-23 07:39:00,1724423940,416.72,416.96,416.72,416.95,17794
2020,2024-08-23 07:40:00,1724424000,416.94,417.0,416.4,416.56,29279
2021,2024-08-23 07:41:00,1724424060,416.59,416.75,416.45,416.54,28319
2022,2024-08-23 07:42:00,1724424120,416.59,416.83,416.42,416.46,18823
2023,2024-08-23 07:43:00,1724424180,416.47,416.66,416.34,416.49,18311
2024,2024-08-23 07:44:00,1724424240,416.46,416.51,416.22,416.33,25983
2025,2024-08-23 07:45:00,1724424300,416.37,416.37,415.8,415.96,43657
2026,2024-08-23 07:46:00,1724424360,415.96,415.96,415.16,415.25,32229
2027,2024-08-23 07:47:00,1724424420,415.25,415.37,414.42,414.55,57890
2028,2024-08-23 07:48:00,1724424480,414.51,414.55,413.28,413.47,74798
2029,2024-08-23 07:49:00,1724424540,413.47,414.16,413.4,413.91,39527
2030,2024-08-23 07:50:00,1724424600,413.85,414.22,413.58,413.99,27331
2031,2024-08-23 07:51:00,1724424660,414.0,414.0,412.92,413.3,58755
2032,2024-08-23 07:52:00,1724424720,413.38,414.18,413.18,413.69,32329
2033,2024-08-23 07:53:00,1724424780,413.75,414.21,413.75,414.03,19536
2034,2024-08-23 07:54:00,1724424840,414.09,414.59,413.85,414.39,42546
2035,2024-08-23 07:55:00,1724424900,414.37,414.67,414.3,414.46,46707
2036,2024-08-23 07:56:00,1724424960,414.5,414.51,414.02,414.34,28105
2037,2024-08-23 07:57:00,1724425020,414.32,415.03,414.3,414.83,25970
2038,2024-08-23 07:58:00,1724425080,414.78,415.02,414.67,414.95,27696
2039,2024-08-23 07:59:00,1724425140,414.96,415.07,414.79,414.93,48708
2040,2024-08-23 08:00:00,1724425200,414.9,414.9,414.23,414.29,26821
2041,2024-08-23 08:01:00,1724425260,414.25,414.78,414.25,414.65,21403
2042,2024-08-23 08:02:00,1724425320,414.64,414.85,414.59,414.74,15165
2043,2024-08-23 08:03:00,1724425380,414.73,415.13,414.52,415.0,15499
2044,2024-08-23 08:04:00,1724425440,414.94,415.02,414.61,414.98,10511
2045,2024-08-23 08:05:00,1724425500,414.96,415.03,414.64,414.84,12195
2046,2024-08-23 08:06:00,1724425560,414.91,415.33,414.78,414.95,15149
2047,2024-08-23 08:07:00,1724425620,415.0,415.03,414.83,414.96,19464
2048,2024-08-23 08:08:00,1724425680,414.91,414.99,414.72,414.87,9925
2049,2024-08-23 08:09:00,1724425740,414.96,415.17,414.9,415.16,9382
2050,2024-08-23 08:10:00,1724425800,415.2,415.35,414.21,414.21,23396
2051,2024-08-23 08:11:00,1724425860,414.28,414.37,413.96,414.36,29778
2052,2024-08-23 08:12:00,1724425920,414.36,414.52,414.18,414.29,18712
2053,2024-08-23 08:13:00,1724425980,414.26,414.8,414.15,414.7,8902
2054,2024-08-23 08:14:00,1724426040,414.79,415.37,414.78,415.28,23122
2055,2024-08-23 08:15:00,1724426100,415.25,415.97,415.12,415.62,23791
2056,2024-08-23 08:16:00,1724426160,415.51,415.71,415.43,415.68,11854
2057,2024-08-23 08:17:00,1724426220,415.61,415.68,415.31,415.44,16777
2058,2024-08-23 08:18:00,1724426280,415.45,415.83,415.32,415.83,24572
2059,2024-08-23 08:19:00,1724426340,415.81,416.0,415.72,415.93,37593
2060,2024-08-23 08:20:00,1724426400,415.98,416.2,415.96,416.12,29430
2061,2024-08-23 08:21:00,1724426460,416.13,416.25,415.81,415.97,18532
2062,2024-08-23 08:22:00,1724426520,416.1,416.31,416.04,416.23,12106
2063,2024-08-23 08:23:00,1724426580,416.15,416.25,416.09,416.1,10951
2064,2024-08-23 08:24:00,1724426640,416.08,416.13,415.82,415.91,11835
2065,2024-08-23 08:25:00,1724426700,415.97,416.29,415.93,416.25,8552
2066,2024-08-23 08:26:00,1724426760,416.29,416.6,416.13,416.15,26078
2067,2024-08-23 08:27:00,1724426820,416.15,416.16,415.41,415.62,25996
2068,2024-08-23 08:28:00,1724426880,415.59,415.78,415.48,415.65,9510
2069,2024-08-23 08:29:00,1724426940,415.74,415.79,415.43,415.51,6970
2070,2024-08-23 08:30:00,1724427000,415.56,416.0,415.53,415.87,13611
2071,2024-08-23 08:31:00,1724427060,415.81,415.94,415.69,415.83,6555
2072,2024-08-23 08:32:00,1724427120,415.8,415.9,415.7,415.83,7199
2073,2024-08-23 08:33:00,1724427180,415.85,415.93,415.76,415.88,3880
2074,2024-08-23 08:34:00,1724427240,415.83,415.98,415.57,415.74,20354
2075,2024-08-23 08:35:00,1724427300,415.76,415.78,415.59,415.66,3963
2076,2024-08-23 08:36:00,1724427360,415.65,415.93,415.48,415.85,7395
2077,2024-08-23 08:37:00,1724427420,415.9,415.97,415.8,415.86,7531
2078,2024-08-23 08:38:00,1724427480,415.85,416.1,415.75,415.97,10485
2079,2024-08-23 08:39:00,1724427540,415.97,416.14,415.79,416.05,10368
2080,2024-08-23 08:40:00,1724427600,416.05,416.76,416.05,416.68,21320
2081,2024-08-23 08:41:00,1724427660,416.72,416.81,416.12,416.12,24205
2082,2024-08-23 08:42:00,1724427720,416.12,416.48,416.09,416.43,15529
2083,2024-08-23 08:43:00,1724427780,416.43,416.44,415.98,416.18,20273
2084,2024-08-23 08:44:00,1724427840,416.18,416.2,415.47,415.63,14079
2085,2024-08-23 08:45:00,1724427900,415.63,415.65,414.81,415.02,29620
2086,2024-08-23 08:46:00,1724427960,415.05,415.43,414.89,415.37,20921
2087,2024-08-23 08:47:00,1724428020,415.43,415.47,415.27,415.38,4504
2088,2024-08-23 08:48:00,1724428080,415.42,415.56,415.32,415.38,13141
2089,2024-08-23 08:49:00,1724428140,415.38,415.56,415.35,415.49,12085
2090,2024-08-23 08:50:00,1724428200,415.44,415.49,415.2,415.41,11640
2091,2024-08-23 08:51:00,1724428260,415.32,415.39,415.05,415.14,9760
2092,2024-08-23 08:52:00,1724428320,415.31,415.31,414.85,415.0,6853
2093,2024-08-23 08:53:00,1724428380,415.03,415.19,415.01,415.18,5610
2094,2024-08-23 08:54:00,1724428440,415.13,415.13,414.65,415.04,7742
2095,2024-08-23 08:55:00,1724428500,415.05,415.36,414.97,415.25,7516
2096,2024-08-23 08:56:00,1724428560,415.25,415.25,415.01,415.08,6007
2097,2024-08-23 08:57:00,1724428620,415.08,415.12,414.81,414.81,11191
2098,2024-08-23 08:58:00,1724428680,414.78,414.84,414.6,414.84,20370
2099,2024-08-23 08:59:00,1724428740,414.81,414.91,414.59,414.64,14275
2100,2024-08-23 09:00:00,1724428800,414.69,414.81,413.8,413.92,28903
2101,2024-08-23 09:01:00,1724428860,413.94,414.09,413.8,413.94,13837
2102,2024-08-23 09:02:00,1724428920,413.91,414.0,413.53,413.56,15379
2103,2024-08-23 09:03:00,1724428980,413.53,413.87,413.52,413.84,20572
2104,2024-08-23 09:04:00,1724429040,413.8,413.91,413.75,413.75,21092
2105,2024-08-23 09:05:00,1724429100,413.77,413.84,413.3,413.3,31059
2106,2024-08-23 09:06:00,1724429160,413.33,413.56,413.12,413.44,13692
2107,2024-08-23 09:07:00,1724429220,413.46,413.63,413.33,413.41,9343
2108,2024-08-23 09:08:00,1724429280,413.45,413.76,413.36,413.65,12248
2109,2024-08-23 09:09:00,1724429340,413.54,413.89,413.54,413.89,10901
2110,2024-08-23 09:10:00,1724429400,413.79,413.79,413.47,413.55,13678
2111,2024-08-23 09:11:00,1724429460,413.58,413.62,413.51,413.51,8106
2112,2024-08-23 09:12:00,1724429520,413.51,413.54,413.38,413.42,13874
2113,2024-08-23 09:13:00,1724429580,413.44,413.44,413.17,413.21,13878
2114,2024-08-23 09:14:00,1724429640,413.19,413.23,412.82,412.91,26033
2115,2024-08-23 09:15:00,1724429700,412.94,413.21,412.84,413.08,14140
2116,2024-08-23 09:16:00,1724429760,413.11,413.45,412.9,413.07,18158
2117,2024-08-23 09:17:00,1724429820,413.06,413.13,412.67,412.89,18103
2118,2024-08-23 09:18:00,1724429880,412.87,413.3,412.84,413.21,10600
2119,2024-08-23 09:19:00,1724429940,413.22,413.48,413.22,413.48,14288
2120,2024-08-23 09:20:00,1724430000,413.48,413.52,413.26,413.37,9449
2121,2024-08-23 09:21:00,1724430060,413.38,413.41,412.93,413.04,14338
2122,2024-08-23 09:22:00,1724430120,413.02,413.16,412.94,413.0,11166
2123,2024-08-23 09:23:00,1724430180,413.0,413.13,412.86,412.94,17320
2124,2024-08-23 09:24:00,1724430240,413.0,413.11,412.8,412.8,19113
2125,2024-08-23 09:25:00,1724430300,412.81,412.95,412.73,412.73,10756
2126,2024-08-23 09:26:00,1724430360,412.76,412.8,412.53,412.65,25172
2127,2024-08-23 09:27:00,1724430420,412.68,412.84,412.63,412.63,12748
2128,2024-08-23 09:28:00,1724430480,412.63,412.8,412.4,412.68,18177
2129,2024-08-23 09:29:00,1724430540,412.73,413.01,412.65,412.85,19500
2130,2024-08-23 09:30:00,1724430600,412.86,413.06,412.72,413.04,9731
2131,2024-08-23 09:31:00,1724430660,413.05,413.2,413.04,413.2,10658
2132,2024-08-23 09:32:00,1724430720,413.2,413.21,413.02,413.21,10511
2133,2024-08-23 09:33:00,1724430780,413.24,413.34,413.14,413.22,10891
2134,2024-08-23 09:34:00,1724430840,413.26,413.59,413.21,413.42,21707
2135,2024-08-23 09:35:00,1724430900,413.43,413.61,413.41,413.47,8317
2136,2024-08-23 09:36:00,1724430960,413.49,413.73,413.43,413.55,13089
2137,2024-08-23 09:37:00,1724431020,413.59,413.68,413.54,413.63,5193
2138,2024-08-23 09:38:00,1724431080,413.63,413.64,413.39,413.39,15018
2139,2024-08-23 09:39:00,1724431140,413.37,413.51,413.32,413.36,10543
2140,2024-08-23 09:40:00,1724431200,413.34,413.49,413.28,413.41,9641
2141,2024-08-23 09:41:00,1724431260,413.44,413.65,413.28,413.33,16034
2142,2024-08-23 09:42:00,1724431320,413.35,413.36,412.12,412.2,26367
2143,2024-08-23 09:43:00,1724431380,412.16,412.54,412.11,412.37,19536
2144,2024-08-23 09:44:00,1724431440,412.4,412.57,412.39,412.53,8567
2145,2024-08-23 09:45:00,1724431500,412.58,412.59,412.34,412.4,18112
2146,2024-08-23 09:46:00,1724431560,412.41,412.41,412.09,412.19,11524
2147,2024-08-23 09:47:00,1724431620,412.21,412.56,412.2,412.53,17660
2148,2024-08-23 09:48:00,1724431680,412.55,412.62,412.5,412.56,8626
2149,2024-08-23 09:49:00,1724431740,412.54,412.74,412.42,412.69,6404
2150,2024-08-23 09:50:00,1724431800,412.74,413.22,412.73,413.1,8374
2151,2024-08-23 09:51:00,1724431860,413.07,413.59,412.98,413.45,14539
2152,2024-08-23 09:52:00,1724431920,413.5,413.57,413.33,413.43,10363
2153,2024-08-23 09:53:00,1724431980,413.44,413.68,413.41,413.63,8021
2154,2024-08-23 09:54:00,1724432040,413.67,413.79,413.67,413.72,6195
2155,2024-08-23 09:55:00,1724432100,413.7,414.17,413.68,414.03,15764
2156,2024-08-23 09:56:00,1724432160,414.08,414.34,414.06,414.34,15377
2157,2024-08-23 09:57:00,1724432220,414.36,414.41,413.97,414.02,14662
2158,2024-08-23 09:58:00,1724432280,414.04,414.15,413.98,413.98,8216
2159,2024-08-23 09:59:00,1724432340,414.01,414.04,413.87,413.97,7856
2160,2024-08-23 10:00:00,1724432400,413.96,413.97,413.67,413.69,10409
2161,2024-08-23 10:01:00,1724432460,413.7,413.85,413.66,413.84,6308
2162,2024-08-23 10:02:00,1724432520,413.85,414.0,413.82,413.88,7489
2163,2024-08-23 10:03:00,1724432580,413.93,413.98,413.84,413.88,4736
2164,2024-08-23 10:04:00,1724432640,413.88,413.93,413.8,413.83,13387
2165,2024-08-23 10:05:00,1724432700,413.81,414.12,413.8,414.06,7795
2166,2024-08-23 10:06:00,1724432760,414.06,414.07,413.85,413.86,5411
2167,2024-08-23 10:07:00,1724432820,413.84,414.15,413.84,414.05,11656
2168,2024-08-23 10:08:00,1724432880,414.03,414.2,414.0,414.16,14402
2169,2024-08-23 10:09:00,1724432940,414.14,414.16,414.03,414.09,16218
2170,2024-08-23 10:10:00,1724433000,414.1,414.14,413.99,414.11,20479
2171,2024-08-23 10:11:00,1724433060,414.11,414.11,413.91,413.95,9335
2172,2024-08-23 10:12:00,1724433120,414.0,414.1,413.9,414.08,11997
2173,2024-08-23 10:13:00,1724433180,414.04,414.09,413.96,413.96,15120
2174,2024-08-23 10:14:00,1724433240,414.01,414.1,413.84,414.02,5420
2175,2024-08-23 10:15:00,1724433300,414.08,414.13,413.97,414.06,7622
2176,2024-08-23 10:16:00,1724433360,414.1,414.16,414.02,414.11,12629
2177,2024-08-23 10:17:00,1724433420,414.06,414.16,414.0,414.12,27355
2178,2024-08-23 10:18:00,1724433480,414.1,414.12,413.78,413.78,7704
2179,2024-08-23 10:19:00,1724433540,413.79,413.94,413.72,413.91,7321
2180,2024-08-23 10:20:00,1724433600,413.9,414.0,413.83,414.0,8340
2181,2024-08-23 10:21:00,1724433660,413.98,413.98,413.9,413.91,4055
2182,2024-08-23 10:22:00,1724433720,413.9,414.32,413.9,414.2,9210
2183,2024-08-23 10:23:00,1724433780,414.21,414.21,414.02,414.09,6171
2184,2024-08-23 10:24:00,1724433840,414.11,414.4,414.06,414.35,7396
2185,2024-08-23 10:25:00,1724433900,414.36,414.47,414.35,414.41,4777
2186,2024-08-23 10:26:00,1724433960,414.4,414.45,414.16,414.2,6438
2187,2024-08-23 10:27:00,1724434020,414.2,414.32,414.1,414.28,13978
2188,2024-08-23 10:28:00,1724434080,414.28,414.43,414.28,414.41,8114
2189,2024-08-23 10:29:00,1724434140,414.43,414.71,414.42,414.5,28949
2190,2024-08-23 10:30:00,1724434200,414.55,414.84,414.52,414.77,19554
2191,2024-08-23 10:31:00,1724434260,414.76,414.81,414.6,414.81,9862
2192,2024-08-23 10:32:00,1724434320,414.78,414.91,414.63,414.68,19843
2193,2024-08-23 10:33:00,1724434380,414.62,414.67,414.55,414.59,5962
2194,2024-08-23 10:34:00,1724434440,414.59,414.61,414.48,414.56,5500
2195,2024-08-23 10:35:00,1724434500,414.52,414.66,414.42,414.64,8754
2196,2024-08-23 10:36:00,1724434560,414.64,414.69,414.48,414.5,5569
2197,2024-08-23 10:37:00,1724434620,414.51,414.73,414.48,414.68,9964
2198,2024-08-23 10:38:00,1724434680,414.73,414.96,414.69,414.9,5762
2199,2024-08-23 10:39:00,1724434740,414.91,415.12,414.9,415.08,21603
2200,2024-08-23 10:40:00,1724434800,415.02,415.05,414.91,415.0,7102
2201,2024-08-23 10:41:00,1724434860,415.0,415.24,415.0,415.17,15822
2202,2024-08-23 10:42:00,1724434920,415.16,415.21,415.1,415.13,7497
2203,2024-08-23 10:43:00,1724434980,415.13,415.22,415.12,415.14,11826
2204,2024-08-23 10:44:00,1724435040,415.17,415.53,415.11,415.38,6674
2205,2024-08-23 10:45:00,1724435100,415.39,415.45,415.05,415.08,6854
2206,2024-08-23 10:46:00,1724435160,415.13,415.18,414.92,414.93,9975
2207,2024-08-23 10:47:00,1724435220,414.93,415.17,414.86,415.03,13764
2208,2024-08-23 10:48:00,1724435280,414.98,415.04,414.88,414.91,7281
2209,2024-08-23 10:49:00,1724435340,414.85,414.93,414.85,414.88,6466
2210,2024-08-23 10:50:00,1724435400,414.88,415.02,414.88,414.95,9821
2211,2024-08-23 10:51:00,1724435460,415.02,415.02,414.72,414.77,6010
2212,2024-08-23 10:52:00,1724435520,414.73,415.03,414.68,414.98,6101
2213,2024-08-23 10:53:00,1724435580,414.96,415.2,414.92,415.18,6641
2214,2024-08-23 10:54:00,1724435640,415.16,415.2,415.05,415.08,8107
2215,2024-08-23 10:55:00,1724435700,415.1,415.1,414.79,414.82,16113
2216,2024-08-23 10:56:00,1724435760,414.78,414.78,414.54,414.68,10404
2217,2024-08-23 10:57:00,1724435820,414.71,414.86,414.62,414.86,9799
2218,2024-08-23 10:58:00,1724435880,414.86,414.98,414.76,414.83,9065
2219,2024-08-23 10:59:00,1724435940,414.84,414.88,414.48,414.48,17217
2220,2024-08-23 11:00:00,1724436000,414.5,414.5,414.31,414.39,13823
2221,2024-08-23 11:01:00,1724436060,414.4,414.63,414.38,414.52,11893
2222,2024-08-23 11:02:00,1724436120,414.52,414.72,414.47,414.51,18173
2223,2024-08-23 11:03:00,1724436180,414.46,414.47,414.3,414.31,15404
2224,2024-08-23 11:04:00,1724436240,414.29,414.56,414.29,414.52,18410
2225,2024-08-23 11:05:00,1724436300,414.58,414.64,414.4,414.49,14527
2226,2024-08-23 11:06:00,1724436360,414.53,414.6,414.37,414.42,8119
2227,2024-08-23 11:07:00,1724436420,414.4,414.46,414.26,414.45,20781
2228,2024-08-23 11:08:00,1724436480,414.4,414.66,414.39,414.63,8631
2229,2024-08-23 11:09:00,1724436540,414.68,414.77,414.62,414.76,6257
2230,2024-08-23 11:10:00,1724436600,414.79,415.14,414.75,415.14,12411
2231,2024-08-23 11:11:00,1724436660,415.12,415.16,414.64,414.64,14247
2232,2024-08-23 11:12:00,1724436720,414.69,415.05,414.69,415.05,6536
2233,2024-08-23 11:13:00,1724436780,415.01,415.17,414.91,415.09,6030
2234,2024-08-23 11:14:00,1724436840,415.14,415.15,414.92,414.96,9791
2235,2024-08-23 11:15:00,1724436900,414.96,415.08,414.94,415.07,8217
2236,2024-08-23 11:16:00,1724436960,415.14,415.15,414.9,414.94,6904
2237,2024-08-23 11:17:00,1724437020,414.94,414.94,414.73,414.83,7362
2238,2024-08-23 11:18:00,1724437080,414.84,414.85,414.74,414.78,6988
2239,2024-08-23 11:19:00,1724437140,414.8,414.95,414.8,414.95,3653
2240,2024-08-23 11:20:00,1724437200,414.94,415.0,414.8,414.81,9573
2241,2024-08-23 11:21:00,1724437260,414.8,414.85,414.69,414.71,9206
2242,2024-08-23 11:22:00,1724437320,414.69,414.75,414.37,414.5,8646
2243,2024-08-23 11:23:00,1724437380,414.5,414.64,414.44,414.64,7171
2244,2024-08-23 11:24:00,1724437440,414.64,414.97,414.61,414.94,7010
2245,2024-08-23 11:25:00,1724437500,414.92,414.94,414.61,414.63,13898
2246,2024-08-23 11:26:00,1724437560,414.6,414.66,414.54,414.66,7390
2247,2024-08-23 11:27:00,1724437620,414.65,414.69,414.48,414.51,12212
2248,2024-08-23 11:28:00,1724437680,414.52,414.69,414.47,414.69,8794
2249,2024-08-23 11:29:00,1724437740,414.66,414.72,414.62,414.69,7231
2250,2024-08-23 11:30:00,1724437800,414.66,414.72,414.54,414.65,11366
2251,2024-08-23 11:31:00,1724437860,414.65,414.65,414.43,414.47,4267
2252,2024-08-23 11:32:00,1724437920,414.48,414.55,414.41,414.5,11544
2253,2024-08-23 11:33:00,1724437980,414.48,414.54,414.45,414.46,7005
2254,2024-08-23 11:34:00,1724438040,414.46,414.46,414.34,414.35,7452
2255,2024-08-23 11:35:00,1724438100,414.32,414.33,414.18,414.23,29500
2256,2024-08-23 11:36:00,1724438160,414.24,414.33,414.13,414.19,12654
2257,2024-08-23 11:37:00,1724438220,414.18,414.35,414.17,414.2,13006
2258,2024-08-23 11:38:00,1724438280,414.23,414.42,414.23,414.28,10079
2259,2024-08-23 11:39:00,1724438340,414.29,414.32,414.2,414.23,7620
2260,2024-08-23 11:40:00,1724438400,414.23,414.31,414.07,414.28,11079
2261,2024-08-23 11:41:00,1724438460,414.31,414.49,414.31,414.35,17424
2262,2024-08-23 11:42:00,1724438520,414.37,414.54,414.35,414.37,9278
2263,2024-08-23 11:43:00,1724438580,414.37,414.53,414.32,414.51,7641
2264,2024-08-23 11:44:00,1724438640,414.5,414.53,414.37,414.39,6654
2265,2024-08-23 11:45:00,1724438700,414.39,414.49,414.33,414.43,12876
2266,2024-08-23 11:46:00,1724438760,414.43,414.6,414.4,414.51,14539
2267,2024-08-23 11:47:00,1724438820,414.5,414.56,414.41,414.5,5457
2268,2024-08-23 11:48:00,1724438880,414.51,414.52,414.38,414.41,3304
2269,2024-08-23 11:49:00,1724438940,414.36,414.39,414.28,414.39,14051
2270,2024-08-23 11:50:00,1724439000,414.36,414.51,414.3,414.46,10579
2271,2024-08-23 11:51:00,1724439060,414.46,414.46,414.29,414.34,6473
2272,2024-08-23 11:52:00,1724439120,414.38,414.54,414.36,414.52,10110
2273,2024-08-23 11:53:00,1724439180,414.52,414.52,414.33,414.34,7398
2274,2024-08-23 11:54:00,1724439240,414.34,414.42,414.32,414.42,5687
2275,2024-08-23 11:55:00,1724439300,414.43,414.52,414.37,414.38,11592
2276,2024-08-23 11:56:00,1724439360,414.37,414.42,414.28,414.42,8763
2277,2024-08-23 11:57:00,1724439420,414.41,414.45,414.3,414.36,11376
2278,2024-08-23 11:58:00,1724439480,414.39,414.39,414.07,414.28,20491
2279,2024-08-23 11:59:00,1724439540,414.37,414.48,414.29,414.4,13147
2280,2024-08-23 12:00:00,1724439600,414.39,414.53,414.35,414.37,7091
2281,2024-08-23 12:01:00,1724439660,414.3,414.38,414.17,414.33,10162
2282,2024-08-23 12:02:00,1724439720,414.35,414.41,414.21,414.27,10408
2283,2024-08-23 12:03:00,1724439780,414.29,414.44,414.23,414.4,10132
2284,2024-08-23 12:04:00,1724439840,414.43,414.48,414.34,414.43,17971
2285,2024-08-23 12:05:00,1724439900,414.41,414.67,414.41,414.67,16647
2286,2024-08-23 12:06:00,1724439960,414.66,414.67,414.47,414.61,16244
2287,2024-08-23 12:07:00,1724440020,414.61,414.7,414.53,414.55,14426
2288,2024-08-23 12:08:00,1724440080,414.55,414.69,414.44,414.52,16906
2289,2024-08-23 12:09:00,1724440140,414.5,414.57,414.47,414.48,13714
2290,2024-08-23 12:10:00,1724440200,414.49,414.73,414.47,414.73,14564
2291,2024-08-23 12:11:00,1724440260,414.72,415.12,414.71,415.01,16942
2292,2024-08-23 12:12:00,1724440320,414.98,415.02,414.9,414.92,9162
2293,2024-08-23 12:13:00,1724440380,414.91,415.62,414.91,415.4,51837
2294,2024-08-23 12:14:00,1724440440,415.37,415.47,415.31,415.42,14628
2295,2024-08-23 12:15:00,1724440500,415.42,415.46,415.3,415.35,9214
2296,2024-08-23 12:16:00,1724440560,415.39,415.49,415.23,415.34,16353
2297,2024-08-23 12:17:00,1724440620,415.39,415.58,415.34,415.56,16275
2298,2024-08-23 12:18:00,1724440680,415.56,415.64,415.51,415.62,13840
2299,2024-08-23 12:19:00,1724440740,415.59,415.81,415.59,415.8,18861
2300,2024-08-23 12:20:00,1724440800,415.8,415.97,415.79,415.79,18085
2301,2024-08-23 12:21:00,1724440860,415.83,415.85,415.68,415.76,10364
2302,2024-08-23 12:22:00,1724440920,415.74,415.84,415.74,415.75,10114
2303,2024-08-23 12:23:00,1724440980,415.74,415.95,415.72,415.85,11539
2304,2024-08-23 12:24:00,1724441040,415.83,416.1,415.82,415.96,22054
2305,2024-08-23 12:25:00,1724441100,416.02,416.18,415.95,415.97,9318
2306,2024-08-23 12:26:00,1724441160,415.93,416.18,415.92,416.03,11903
2307,2024-08-23 12:27:00,1724441220,416.05,416.17,416.01,416.13,8690
2308,2024-08-23 12:28:00,1724441280,416.13,416.2,416.04,416.11,22225
2309,2024-08-23 12:29:00,1724441340,416.14,416.31,416.11,416.2,13467
2310,2024-08-23 12:30:00,1724441400,416.22,416.35,416.16,416.21,13061
2311,2024-08-23 12:31:00,1724441460,416.24,416.31,415.99,416.0,12424
2312,2024-08-23 12:32:00,1724441520,416.02,416.04,415.88,416.01,13680
2313,2024-08-23 12:33:00,1724441580,416.0,416.13,415.98,416.1,8366
2314,2024-08-23 12:34:00,1724441640,416.12,416.13,415.89,416.03,8714
2315,2024-08-23 12:35:00,1724441700,416.02,416.1,415.95,415.96,6218
2316,2024-08-23 12:36:00,1724441760,415.96,415.96,415.73,415.91,7321
2317,2024-08-23 12:37:00,1724441820,415.91,415.95,415.76,415.79,7525
2318,2024-08-23 12:38:00,1724441880,415.81,415.93,415.79,415.83,9655
2319,2024-08-23 12:39:00,1724441940,415.85,415.87,415.67,415.82,14618
2320,2024-08-23 12:40:00,1724442000,415.81,416.08,415.8,416.08,25751
2321,2024-08-23 12:41:00,1724442060,416.07,416.11,415.91,416.02,17010
2322,2024-08-23 12:42:00,1724442120,416.04,416.04,415.74,415.81,11139
2323,2024-08-23 12:43:00,1724442180,415.84,415.84,415.57,415.58,14279
2324,2024-08-23 12:44:00,1724442240,415.6,415.69,415.55,415.56,10310
2325,2024-08-23 12:45:00,1724442300,415.54,415.55,414.94,415.29,21867
2326,2024-08-23 12:46:00,1724442360,415.32,415.36,415.14,415.26,13808
2327,2024-08-23 12:47:00,1724442420,415.24,415.53,415.24,415.35,18318
2328,2024-08-23 12:48:00,1724442480,415.38,415.71,415.33,415.65,21509
2329,2024-08-23 12:49:00,1724442540,415.64,415.81,415.6,415.75,13894
2330,2024-08-23 12:50:00,1724442600,415.74,416.09,415.62,415.82,52914
2331,2024-08-23 12:51:00,1724442660,415.79,416.1,415.79,415.99,24896
2332,2024-08-23 12:52:00,1724442720,415.95,416.09,415.68,415.75,23623
2333,2024-08-23 12:53:00,1724442780,415.76,416.03,415.71,415.87,29113
2334,2024-08-23 12:54:00,1724442840,415.87,416.43,415.86,416.42,88476
2335,2024-08-23 12:55:00,1724442900,416.41,417.15,416.34,416.44,131390
2336,2024-08-23 12:56:00,1724442960,416.45,416.86,416.38,416.64,59863
2337,2024-08-23 12:57:00,1724443020,416.65,416.95,416.59,416.83,102801
2338,2024-08-23 12:58:00,1724443080,416.81,416.94,416.75,416.82,94009
2339,2024-08-23 12:59:00,1724443140,416.81,417.08,416.48,416.58,309778
2340,2024-08-26 06:30:00,1724679000,416.69,416.79,415.7,415.75,216193
2341,2024-08-26 06:31:00,1724679060,415.71,415.76,414.71,415.53,35481
2342,2024-08-26 06:32:00,1724679120,415.55,416.52,415.55,416.27,25689
2343,2024-08-26 06:33:00,1724679180,416.37,416.9,416.24,416.86,33081
2344,2024-08-26 06:34:00,1724679240,416.83,417.25,416.62,417.04,31634
2345,2024-08-26 06:35:00,1724679300,417.02,417.12,416.45,416.75,19774
2346,2024-08-26 06:36:00,1724679360,416.64,416.64,416.29,416.43,18275
2347,2024-08-26 06:37:00,1724679420,416.5,417.24,416.49,417.24,14244
2348,2024-08-26 06:38:00,1724679480,417.28,417.28,416.41,416.52,19982
2349,2024-08-26 06:39:00,1724679540,416.58,416.84,416.32,416.33,9173
2350,2024-08-26 06:40:00,1724679600,416.26,416.26,415.53,415.75,26204
2351,2024-08-26 06:41:00,1724679660,415.75,415.97,415.08,415.32,18363
2352,2024-08-26 06:42:00,1724679720,415.31,415.6,415.05,415.55,20991
2353,2024-08-26 06:43:00,1724679780,415.67,415.7,415.09,415.12,18391
2354,2024-08-26 06:44:00,1724679840,415.09,415.58,415.07,415.58,12432
2355,2024-08-26 06:45:00,1724679900,415.54,415.82,415.1,415.36,13085
2356,2024-08-26 06:46:00,1724679960,415.26,415.29,414.98,415.25,27403
2357,2024-08-26 06:47:00,1724680020,415.29,415.29,415.01,415.11,21273
2358,2024-08-26 06:48:00,1724680080,415.14,415.14,414.89,415.05,15149
2359,2024-08-26 06:49:00,1724680140,415.04,415.04,414.68,414.79,24627
2360,2024-08-26 06:50:00,1724680200,414.79,415.1,414.79,415.1,16469
2361,2024-08-26 06:51:00,1724680260,415.05,415.19,414.87,414.94,22203
2362,2024-08-26 06:52:00,1724680320,414.94,415.76,414.94,415.68,24563
2363,2024-08-26 06:53:00,1724680380,415.64,415.67,415.25,415.49,18906
2364,2024-08-26 06:54:00,1724680440,415.54,415.7,415.25,415.25,13096
2365,2024-08-26 06:55:00,1724680500,415.41,415.61,415.18,415.4,20734
2366,2024-08-26 06:56:00,1724680560,415.37,415.76,415.24,415.43,12386
2367,2024-08-26 06:57:00,1724680620,415.41,415.8,415.37,415.71,20743
2368,2024-08-26 06:58:00,1724680680,415.7,415.7,415.13,415.15,57939
2369,2024-08-26 06:59:00,1724680740,415.16,415.66,415.13,415.64,15512
2370,2024-08-26 07:00:00,1724680800,415.73,416.06,415.6,415.75,42739
2371,2024-08-26 07:01:00,1724680860,415.69,415.84,415.43,415.8,15425
2372,2024-08-26 07:02:00,1724680920,415.77,415.78,415.58,415.58,16453
2373,2024-08-26 07:03:00,1724680980,415.73,416.03,415.69,415.73,10706
2374,2024-08-26 07:04:00,1724681040,415.74,415.88,415.71,415.81,19332
2375,2024-08-26 07:05:00,1724681100,415.81,415.88,415.43,415.43,30067
2376,2024-08-26 07:06:00,1724681160,415.46,415.83,415.45,415.77,18380
2377,2024-08-26 07:07:00,1724681220,415.76,415.82,415.49,415.66,19283
2378,2024-08-26 07:08:00,1724681280,415.62,415.66,415.05,415.19,25566
2379,2024-08-26 07:09:00,1724681340,415.22,415.45,414.9,414.91,27226
2380,2024-08-26 07:10:00,1724681400,415.0,415.07,414.43,414.62,15423
2381,2024-08-26 07:11:00,1724681460,414.62,414.68,414.38,414.54,28165
2382,2024-08-26 07:12:00,1724681520,414.56,414.87,414.49,414.6,14760
2383,2024-08-26 07:13:00,1724681580,414.59,414.81,414.39,414.61,26926
2384,2024-08-26 07:14:00,1724681640,414.58,414.67,414.32,414.67,17423
2385,2024-08-26 07:15:00,1724681700,414.68,414.68,414.13,414.42,25580
2386,2024-08-26 07:16:00,1724681760,414.43,414.67,414.38,414.51,10181
2387,2024-08-26 07:17:00,1724681820,414.52,414.69,414.39,414.45,14043
2388,2024-08-26 07:18:00,1724681880,414.5,414.57,414.38,414.5,10113
2389,2024-08-26 07:19:00,1724681940,414.54,414.58,414.07,414.31,11530
2390,2024-08-26 07:20:00,1724682000,414.31,414.45,414.21,414.38,18636
2391,2024-08-26 07:21:00,1724682060,414.34,414.44,414.04,414.2,21868
2392,2024-08-26 07:22:00,1724682120,414.21,414.9,414.18,414.88,18703
2393,2024-08-26 07:23:00,1724682180,414.86,414.9,414.53,414.72,23438
2394,2024-08-26 07:24:00,1724682240,414.77,414.82,414.35,414.35,7699
2395,2024-08-26 07:25:00,1724682300,414.41,414.5,414.28,414.5,10906
2396,2024-08-26 07:26:00,1724682360,414.47,414.48,414.11,414.17,6907
2397,2024-08-26 07:27:00,1724682420,414.18,414.26,414.03,414.08,11700
2398,2024-08-26 07:28:00,1724682480,414.06,414.18,413.93,414.06,21542
2399,2024-08-26 07:29:00,1724682540,414.09,414.28,413.82,414.2,12808
2400,2024-08-26 07:30:00,1724682600,414.18,414.2,413.92,414.14,7236
2401,2024-08-26 07:31:00,1724682660,414.07,414.07,413.54,413.68,15663
2402,2024-08-26 07:32:00,1724682720,413.54,413.57,413.3,413.3,14955
2403,2024-08-26 07:33:00,1724682780,413.32,413.46,413.17,413.21,10331
2404,2024-08-26 07:34:00,1724682840,413.21,413.24,413.03,413.06,13229
2405,2024-08-26 07:35:00,1724682900,413.1,413.33,413.07,413.2,14710
2406,2024-08-26 07:36:00,1724682960,413.12,413.27,412.92,413.04,31592
2407,2024-08-26 07:37:00,1724683020,413.07,413.13,412.75,412.75,19860
2408,2024-08-26 07:38:00,1724683080,412.71,412.86,412.14,412.49,21976
2409,2024-08-26 07:39:00,1724683140,412.46,412.66,412.35,412.58,9958
2410,2024-08-26 07:40:00,1724683200,412.58,412.95,412.49,412.95,19870
2411,2024-08-26 07:41:00,1724683260,412.94,413.17,412.59,412.62,22353
2412,2024-08-26 07:42:00,1724683320,412.57,412.9,412.54,412.87,16361
2413,2024-08-26 07:43:00,1724683380,412.81,413.09,412.81,412.95,8123
2414,2024-08-26 07:44:00,1724683440,412.86,413.1,412.74,413.1,16875
2415,2024-08-26 07:45:00,1724683500,413.06,413.48,413.06,413.25,16076
2416,2024-08-26 07:46:00,1724683560,413.26,413.31,413.01,413.05,10179
2417,2024-08-26 07:47:00,1724683620,413.02,413.22,412.96,413.03,6503
2418,2024-08-26 07:48:00,1724683680,413.06,413.22,412.99,413.04,12965
2419,2024-08-26 07:49:00,1724683740,412.98,413.14,412.97,412.98,8063
2420,2024-08-26 07:50:00,1724683800,412.98,413.16,412.82,412.87,11658
2421,2024-08-26 07:51:00,1724683860,412.88,413.06,412.87,413.02,6468
2422,2024-08-26 07:52:00,1724683920,413.1,413.28,413.04,413.23,10891
2423,2024-08-26 07:53:00,1724683980,413.19,413.24,413.1,413.22,7743
2424,2024-08-26 07:54:00,1724684040,413.21,413.35,413.21,413.28,9357
2425,2024-08-26 07:55:00,1724684100,413.3,413.38,413.25,413.35,7616
2426,2024-08-26 07:56:00,1724684160,413.33,413.54,413.33,413.42,13240
2427,2024-08-26 07:57:00,1724684220,413.4,413.7,413.4,413.66,11655
2428,2024-08-26 07:58:00,1724684280,413.65,413.97,413.61,413.94,12367
2429,2024-08-26 07:59:00,1724684340,413.9,414.15,413.81,414.04,16627
2430,2024-08-26 08:00:00,1724684400,414.05,414.19,413.92,413.94,11131
2431,2024-08-26 08:01:00,1724684460,413.93,414.2,413.93,414.08,6998
2432,2024-08-26 08:02:00,1724684520,414.17,414.21,413.99,414.0,7386
2433,2024-08-26 08:03:00,1724684580,413.99,414.3,413.9,414.25,15701
2434,2024-08-26 08:04:00,1724684640,414.21,414.3,414.09,414.3,11610
2435,2024-08-26 08:05:00,1724684700,414.26,414.26,414.0,414.03,6181
2436,2024-08-26 08:06:00,1724684760,414.04,414.06,413.86,413.86,19293
2437,2024-08-26 08:07:00,1724684820,413.87,413.87,413.5,413.5,9639
2438,2024-08-26 08:08:00,1724684880,413.49,413.99,413.46,413.93,8842
2439,2024-08-26 08:09:00,1724684940,413.93,414.07,413.91,413.98,6646
2440,2024-08-26 08:10:00,1724685000,413.92,414.06,413.64,413.81,10180
2441,2024-08-26 08:11:00,1724685060,413.79,414.12,413.78,414.07,6556
2442,2024-08-26 08:12:00,1724685120,414.09,414.8,414.09,414.58,29557
2443,2024-08-26 08:13:00,1724685180,414.57,414.95,414.56,414.73,21327
2444,2024-08-26 08:14:00,1724685240,414.77,415.0,414.77,414.96,18150
2445,2024-08-26 08:15:00,1724685300,414.97,415.05,414.93,415.05,30034
2446,2024-08-26 08:16:00,1724685360,415.05,415.09,414.58,414.58,17291
2447,2024-08-26 08:17:00,1724685420,414.61,414.66,414.31,414.31,18661
2448,2024-08-26 08:18:00,1724685480,414.33,414.54,414.29,414.37,5744
2449,2024-08-26 08:19:00,1724685540,414.37,415.07,414.37,414.86,23287
2450,2024-08-26 08:20:00,1724685600,414.9,414.95,414.62,414.75,5456
2451,2024-08-26 08:21:00,1724685660,414.79,414.79,414.52,414.57,7125
2452,2024-08-26 08:22:00,1724685720,414.54,414.72,414.54,414.72,9537
2453,2024-08-26 08:23:00,1724685780,414.76,415.14,414.69,414.97,13865
2454,2024-08-26 08:24:00,1724685840,414.94,414.97,414.68,414.71,14641
2455,2024-08-26 08:25:00,1724685900,414.66,414.76,414.56,414.62,11863
2456,2024-08-26 08:26:00,1724685960,414.71,414.82,414.64,414.65,5269
2457,2024-08-26 08:27:00,1724686020,414.69,414.69,414.48,414.57,6043
2458,2024-08-26 08:28:00,1724686080,414.62,414.7,414.57,414.57,4362
2459,2024-08-26 08:29:00,1724686140,414.59,414.71,414.57,414.57,3313
2460,2024-08-26 08:30:00,1724686200,414.56,414.58,414.33,414.39,6627
2461,2024-08-26 08:31:00,1724686260,414.4,414.41,414.12,414.21,8618
2462,2024-08-26 08:32:00,1724686320,414.24,414.34,414.21,414.28,5971
2463,2024-08-26 08:33:00,1724686380,414.3,414.31,414.1,414.13,8222
2464,2024-08-26 08:34:00,1724686440,414.13,414.14,414.0,414.01,13778
2465,2024-08-26 08:35:00,1724686500,413.98,414.0,413.83,413.87,10133
2466,2024-08-26 08:36:00,1724686560,413.89,413.9,413.82,413.82,10300
2467,2024-08-26 08:37:00,1724686620,413.82,413.89,413.54,413.69,21021
2468,2024-08-26 08:38:00,1724686680,413.75,413.87,413.7,413.87,20592
2469,2024-08-26 08:39:00,1724686740,413.85,413.88,413.78,413.81,13382
2470,2024-08-26 08:40:00,1724686800,413.82,413.83,413.54,413.61,12557
2471,2024-08-26 08:41:00,1724686860,413.61,414.0,413.6,413.98,12008
2472,2024-08-26 08:42:00,1724686920,413.97,414.09,413.97,414.08,9648
2473,2024-08-26 08:43:00,1724686980,414.08,414.25,414.03,414.07,14302
2474,2024-08-26 08:44:00,1724687040,414.03,414.03,413.68,413.71,8866
2475,2024-08-26 08:45:00,1724687100,413.7,413.71,413.54,413.6,16369
2476,2024-08-26 08:46:00,1724687160,413.64,413.95,413.63,413.75,12436
2477,2024-08-26 08:47:00,1724687220,413.7,413.89,413.49,413.88,5294
2478,2024-08-26 08:48:00,1724687280,413.93,414.2,413.92,414.16,11172
2479,2024-08-26 08:49:00,1724687340,414.12,414.15,414.05,414.1,6514
2480,2024-08-26 08:50:00,1724687400,414.1,414.11,413.87,413.87,11561
2481,2024-08-26 08:51:00,1724687460,413.85,413.85,413.67,413.77,5575
2482,2024-08-26 08:52:00,1724687520,413.72,413.72,413.47,413.54,8273
2483,2024-08-26 08:53:00,1724687580,413.59,413.61,413.45,413.48,10728
2484,2024-08-26 08:54:00,1724687640,413.48,413.67,413.42,413.67,8674
2485,2024-08-26 08:55:00,1724687700,413.7,413.78,413.51,413.64,9623
2486,2024-08-26 08:56:00,1724687760,413.61,413.61,413.37,413.44,9474
2487,2024-08-26 08:57:00,1724687820,413.48,413.56,413.41,413.47,9991
2488,2024-08-26 08:58:00,1724687880,413.45,413.45,413.24,413.3,9982
2489,2024-08-26 08:59:00,1724687940,413.32,413.32,413.08,413.24,7570
2490,2024-08-26 09:00:00,1724688000,413.21,413.24,412.99,413.22,11488
2491,2024-08-26 09:01:00,1724688060,413.22,413.24,413.11,413.18,5495
2492,2024-08-26 09:02:00,1724688120,413.15,413.25,413.12,413.12,3765
2493,2024-08-26 09:03:00,1724688180,413.11,413.17,413.04,413.15,13695
2494,2024-08-26 09:04:00,1724688240,413.15,413.4,413.06,413.4,6746
2495,2024-08-26 09:05:00,1724688300,413.42,413.46,413.24,413.24,6620
2496,2024-08-26 09:06:00,1724688360,413.22,413.37,413.22,413.29,10989
2497,2024-08-26 09:07:00,1724688420,413.24,413.32,413.17,413.25,5442
2498,2024-08-26 09:08:00,1724688480,413.16,413.24,413.13,413.22,4602
2499,2024-08-26 09:09:00,1724688540,413.18,413.18,413.13,413.16,10005
2500,2024-08-26 09:10:00,1724688600,413.16,413.3,413.0,413.28,28564
2501,2024-08-26 09:11:00,1724688660,413.36,413.53,413.33,413.49,6726
2502,2024-08-26 09:12:00,1724688720,413.53,413.53,413.13,413.16,10424
2503,2024-08-26 09:13:00,1724688780,413.14,413.3,413.14,413.22,6801
2504,2024-08-26 09:14:00,1724688840,413.24,413.4,413.23,413.32,4629
2505,2024-08-26 09:15:00,1724688900,413.34,413.48,413.32,413.44,5062
2506,2024-08-26 09:16:00,1724688960,413.45,413.61,413.43,413.5,10683
2507,2024-08-26 09:17:00,1724689020,413.47,413.6,413.45,413.52,4108
2508,2024-08-26 09:18:00,1724689080,413.56,413.7,413.53,413.55,6836
2509,2024-08-26 09:19:00,1724689140,413.53,413.63,413.51,413.63,4541
2510,2024-08-26 09:20:00,1724689200,413.59,413.89,413.59,413.73,6568
2511,2024-08-26 09:21:00,1724689260,413.75,413.96,413.75,413.92,4285
2512,2024-08-26 09:22:00,1724689320,413.96,414.09,413.95,414.03,9586
2513,2024-08-26 09:23:00,1724689380,414.06,414.27,414.02,414.04,10633
2514,2024-08-26 09:24:00,1724689440,414.05,414.2,413.99,414.0,7180
2515,2024-08-26 09:25:00,1724689500,414.03,414.11,413.92,413.97,10896
2516,2024-08-26 09:26:00,1724689560,413.93,414.07,413.91,414.07,4169
2517,2024-08-26 09:27:00,1724689620,414.09,414.13,414.0,414.01,7353
2518,2024-08-26 09:28:00,1724689680,414.02,414.09,413.95,413.95,7135
2519,2024-08-26 09:29:00,1724689740,413.96,414.02,413.95,413.98,8146
2520,2024-08-26 09:30:00,1724689800,413.98,414.35,413.97,414.31,13928
2521,2024-08-26 09:31:00,1724689860,414.28,414.34,414.18,414.26,4793
2522,2024-08-26 09:32:00,1724689920,414.26,414.28,414.09,414.1,8948
2523,2024-08-26 09:33:00,1724689980,414.1,414.2,414.1,414.11,2854
2524,2024-08-26 09:34:00,1724690040,414.17,414.18,414.07,414.15,2336
2525,2024-08-26 09:35:00,1724690100,414.03,414.23,414.03,414.22,3827
2526,2024-08-26 09:36:00,1724690160,414.22,414.25,414.13,414.13,4373
2527,2024-08-26 09:37:00,1724690220,414.15,414.16,414.09,414.14,3054
2528,2024-08-26 09:38:00,1724690280,414.11,414.12,414.06,414.07,4909
2529,2024-08-26 09:39:00,1724690340,414.08,414.13,414.05,414.05,3953
2530,2024-08-26 09:40:00,1724690400,414.01,414.1,413.83,413.84,4837
2531,2024-08-26 09:41:00,1724690460,413.91,414.01,413.87,413.98,6450
2532,2024-08-26 09:42:00,1724690520,414.0,414.03,413.92,413.94,2159
2533,2024-08-26 09:43:00,1724690580,413.92,413.97,413.87,413.94,4218
2534,2024-08-26 09:44:00,1724690640,413.93,414.0,413.89,414.0,3226
2535,2024-08-26 09:45:00,1724690700,413.97,414.12,413.93,414.0,13868
2536,2024-08-26 09:46:00,1724690760,414.01,414.01,413.65,413.73,12753
2537,2024-08-26 09:47:00,1724690820,413.73,413.9,413.63,413.86,8693
2538,2024-08-26 09:48:00,1724690880,413.88,413.88,413.72,413.85,4585
2539,2024-08-26 09:49:00,1724690940,413.84,413.84,413.75,413.76,3004
2540,2024-08-26 09:50:00,1724691000,413.79,413.93,413.76,413.91,5578
2541,2024-08-26 09:51:00,1724691060,413.91,414.07,413.89,414.06,5136
2542,2024-08-26 09:52:00,1724691120,414.06,414.06,413.91,413.95,9178
2543,2024-08-26 09:53:00,1724691180,413.93,413.99,413.66,413.66,6868
2544,2024-08-26 09:54:00,1724691240,413.68,413.75,413.62,413.66,2893
2545,2024-08-26 09:55:00,1724691300,413.7,413.84,413.62,413.72,6626
2546,2024-08-26 09:56:00,1724691360,413.72,413.93,413.71,413.93,5388
2547,2024-08-26 09:57:00,1724691420,413.92,413.92,413.79,413.83,8390
2548,2024-08-26 09:58:00,1724691480,413.86,413.99,413.85,413.93,3057
2549,2024-08-26 09:59:00,1724691540,413.94,413.98,413.85,413.9,2865
2550,2024-08-26 10:00:00,1724691600,413.93,413.99,413.88,413.92,5650
2551,2024-08-26 10:01:00,1724691660,413.94,414.02,413.88,413.96,6544
2552,2024-08-26 10:02:00,1724691720,414.0,414.14,413.87,413.92,8084
2553,2024-08-26 10:03:00,1724691780,413.94,414.01,413.83,413.88,8391
2554,2024-08-26 10:04:00,1724691840,413.91,414.04,413.89,414.03,4883
2555,2024-08-26 10:05:00,1724691900,413.94,414.0,413.87,413.98,3408
2556,2024-08-26 10:06:00,1724691960,413.97,414.04,413.9,413.95,8685
2557,2024-08-26 10:07:00,1724692020,413.9,414.04,413.9,413.91,3973
2558,2024-08-26 10:08:00,1724692080,413.92,413.95,413.7,413.74,10242
2559,2024-08-26 10:09:00,1724692140,413.73,413.87,413.6,413.71,17636
2560,2024-08-26 10:10:00,1724692200,413.67,413.72,413.62,413.66,2280
2561,2024-08-26 10:11:00,1724692260,413.72,413.73,413.41,413.49,11938
2562,2024-08-26 10:12:00,1724692320,413.48,413.59,413.45,413.59,3260
2563,2024-08-26 10:13:00,1724692380,413.64,413.96,413.61,413.94,5882
2564,2024-08-26 10:14:00,1724692440,413.89,414.02,413.82,413.86,9467
2565,2024-08-26 10:15:00,1724692500,413.84,413.85,413.62,413.69,23068
2566,2024-08-26 10:16:00,1724692560,413.64,413.79,413.59,413.64,5821
2567,2024-08-26 10:17:00,1724692620,413.57,413.58,413.4,413.54,2313
2568,2024-08-26 10:18:00,1724692680,413.46,413.49,413.31,413.39,4081
2569,2024-08-26 10:19:00,1724692740,413.32,413.37,413.24,413.24,14805
2570,2024-08-26 10:20:00,1724692800,413.27,413.46,413.27,413.43,13103
2571,2024-08-26 10:21:00,1724692860,413.44,413.78,413.42,413.7,6044
2572,2024-08-26 10:22:00,1724692920,413.65,413.86,413.65,413.81,4568
2573,2024-08-26 10:23:00,1724692980,413.85,413.85,413.72,413.74,5550
2574,2024-08-26 10:24:00,1724693040,413.73,413.86,413.72,413.78,4027
2575,2024-08-26 10:25:00,1724693100,413.81,414.03,413.8,413.92,13267
2576,2024-08-26 10:26:00,1724693160,413.9,413.94,413.81,413.86,2177
2577,2024-08-26 10:27:00,1724693220,413.93,413.97,413.77,413.92,7441
2578,2024-08-26 10:28:00,1724693280,413.95,413.95,413.64,413.64,5293
2579,2024-08-26 10:29:00,1724693340,413.54,413.58,413.37,413.45,9580
2580,2024-08-26 10:30:00,1724693400,413.46,413.69,413.43,413.6,10671
2581,2024-08-26 10:31:00,1724693460,413.65,413.7,413.58,413.6,2997
2582,2024-08-26 10:32:00,1724693520,413.67,413.72,413.54,413.68,4779
2583,2024-08-26 10:33:00,1724693580,413.67,413.77,413.59,413.65,4017
2584,2024-08-26 10:34:00,1724693640,413.64,413.72,413.62,413.63,4300
2585,2024-08-26 10:35:00,1724693700,413.62,413.62,413.43,413.52,4881
2586,2024-08-26 10:36:00,1724693760,413.5,413.5,413.27,413.36,4679
2587,2024-08-26 10:37:00,1724693820,413.34,413.42,413.15,413.18,10928
2588,2024-08-26 10:38:00,1724693880,413.21,413.22,413.0,413.19,10601
2589,2024-08-26 10:39:00,1724693940,413.17,413.2,412.53,412.63,13240
2590,2024-08-26 10:40:00,1724694000,412.65,412.8,412.64,412.69,9444
2591,2024-08-26 10:41:00,1724694060,412.69,412.71,412.55,412.61,5626
2592,2024-08-26 10:42:00,1724694120,412.61,412.7,412.54,412.57,9214
2593,2024-08-26 10:43:00,1724694180,412.58,412.6,412.35,412.39,31822
2594,2024-08-26 10:44:00,1724694240,412.43,412.53,412.41,412.42,8269
2595,2024-08-26 10:45:00,1724694300,412.42,412.52,411.82,411.86,34535
2596,2024-08-26 10:46:00,1724694360,411.84,412.03,411.82,411.87,21600
2597,2024-08-26 10:47:00,1724694420,411.87,411.96,411.6,411.78,14966
2598,2024-08-26 10:48:00,1724694480,411.82,412.04,411.79,411.97,8173
2599,2024-08-26 10:49:00,1724694540,411.96,412.01,411.78,411.81,18757
2600,2024-08-26 10:50:00,1724694600,411.81,412.05,411.78,412.05,8757
2601,2024-08-26 10:51:00,1724694660,412.08,412.09,411.87,411.95,5673
2602,2024-08-26 10:52:00,1724694720,411.99,412.02,411.59,411.75,23613
2603,2024-08-26 10:53:00,1724694780,411.75,411.9,411.72,411.85,14519
2604,2024-08-26 10:54:00,1724694840,411.9,412.05,411.9,411.93,5925
2605,2024-08-26 10:55:00,1724694900,411.87,411.87,411.68,411.72,6627
2606,2024-08-26 10:56:00,1724694960,411.7,411.73,411.59,411.71,8070
2607,2024-08-26 10:57:00,1724695020,411.65,411.81,411.61,411.79,4792
2608,2024-08-26 10:58:00,1724695080,411.73,411.99,411.73,411.99,10388
2609,2024-08-26 10:59:00,1724695140,411.95,411.95,411.82,411.87,5626
2610,2024-08-26 11:00:00,1724695200,411.92,412.06,411.75,412.06,14478
2611,2024-08-26 11:01:00,1724695260,412.05,412.13,411.95,412.1,8429
2612,2024-08-26 11:02:00,1724695320,412.07,412.33,412.07,412.28,12079
2613,2024-08-26 11:03:00,1724695380,412.24,412.24,412.04,412.07,4276
2614,2024-08-26 11:04:00,1724695440,412.09,412.14,411.84,411.9,5311
2615,2024-08-26 11:05:00,1724695500,411.91,412.04,411.88,412.02,5809
2616,2024-08-26 11:06:00,1724695560,412.0,412.03,411.89,411.89,4125
2617,2024-08-26 11:07:00,1724695620,411.87,411.9,411.8,411.84,5415
2618,2024-08-26 11:08:00,1724695680,411.85,411.91,411.62,411.65,8344
2619,2024-08-26 11:09:00,1724695740,411.6,411.67,411.52,411.55,12000
2620,2024-08-26 11:10:00,1724695800,411.55,411.59,411.46,411.53,16574
2621,2024-08-26 11:11:00,1724695860,411.52,411.54,411.34,411.46,11353
2622,2024-08-26 11:12:00,1724695920,411.46,412.01,411.46,412.01,24781
2623,2024-08-26 11:13:00,1724695980,411.98,412.14,411.97,412.06,6706
2624,2024-08-26 11:14:00,1724696040,412.06,412.38,411.93,412.27,13215
2625,2024-08-26 11:15:00,1724696100,412.29,412.35,412.14,412.35,8678
2626,2024-08-26 11:16:00,1724696160,412.38,412.4,412.03,412.2,6548
2627,2024-08-26 11:17:00,1724696220,412.17,412.26,412.09,412.23,7240
2628,2024-08-26 11:18:00,1724696280,412.23,412.41,412.22,412.35,13377
2629,2024-08-26 11:19:00,1724696340,412.28,412.41,412.28,412.37,8247
2630,2024-08-26 11:20:00,1724696400,412.41,412.73,412.33,412.73,11182
2631,2024-08-26 11:21:00,1724696460,412.58,412.68,412.36,412.44,3909
2632,2024-08-26 11:22:00,1724696520,412.46,412.89,412.44,412.85,9087
2633,2024-08-26 11:23:00,1724696580,412.89,412.89,412.72,412.75,4972
2634,2024-08-26 11:24:00,1724696640,412.76,412.79,412.67,412.74,9067
2635,2024-08-26 11:25:00,1724696700,412.7,412.72,412.52,412.69,5485
2636,2024-08-26 11:26:00,1724696760,412.71,412.92,412.69,412.8,7252
2637,2024-08-26 11:27:00,1724696820,412.76,412.76,412.64,412.64,3555
2638,2024-08-26 11:28:00,1724696880,412.69,412.74,412.6,412.63,7420
2639,2024-08-26 11:29:00,1724696940,412.63,412.78,412.57,412.78,6879
2640,2024-08-26 11:30:00,1724697000,412.71,412.94,412.65,412.88,6785
2641,2024-08-26 11:31:00,1724697060,412.89,412.96,412.86,412.96,3037
2642,2024-08-26 11:32:00,1724697120,412.96,413.03,412.94,412.99,8260
2643,2024-08-26 11:33:00,1724697180,412.99,413.0,412.76,412.86,5869
2644,2024-08-26 11:34:00,1724697240,412.82,413.16,412.82,413.06,14411
2645,2024-08-26 11:35:00,1724697300,413.05,413.5,413.05,413.39,9310
2646,2024-08-26 11:36:00,1724697360,413.33,413.33,413.02,413.02,6338
2647,2024-08-26 11:37:00,1724697420,413.08,413.26,413.08,413.26,5882
2648,2024-08-26 11:38:00,1724697480,413.31,413.32,413.03,413.17,5851
2649,2024-08-26 11:39:00,1724697540,413.18,413.24,413.12,413.21,8052
2650,2024-08-26 11:40:00,1724697600,413.21,413.46,413.21,413.37,6504
2651,2024-08-26 11:41:00,1724697660,413.4,413.45,413.36,413.44,5325
2652,2024-08-26 11:42:00,1724697720,413.46,413.51,413.39,413.47,5394
2653,2024-08-26 11:43:00,1724697780,413.43,413.46,413.35,413.41,5205
2654,2024-08-26 11:44:00,1724697840,413.43,413.49,413.31,413.31,13194
2655,2024-08-26 11:45:00,1724697900,413.34,413.54,413.34,413.43,4970
2656,2024-08-26 11:46:00,1724697960,413.41,413.49,413.37,413.44,7946
2657,2024-08-26 11:47:00,1724698020,413.45,413.5,413.32,413.32,12513
2658,2024-08-26 11:48:00,1724698080,413.36,413.43,413.31,413.43,8147
2659,2024-08-26 11:49:00,1724698140,413.45,413.53,413.35,413.44,6960
2660,2024-08-26 11:50:00,1724698200,413.47,413.49,413.3,413.3,8107
2661,2024-08-26 11:51:00,1724698260,413.31,413.35,413.15,413.29,8296
2662,2024-08-26 11:52:00,1724698320,413.27,413.34,413.26,413.27,5328
2663,2024-08-26 11:53:00,1724698380,413.26,413.26,413.13,413.25,9209
2664,2024-08-26 11:54:00,1724698440,413.31,413.31,413.17,413.26,4432
2665,2024-08-26 11:55:00,1724698500,413.22,413.41,413.21,413.33,8295
2666,2024-08-26 11:56:00,1724698560,413.34,413.48,413.32,413.4,7351
2667,2024-08-26 11:57:00,1724698620,413.4,413.49,413.37,413.48,9717
2668,2024-08-26 11:58:00,1724698680,413.41,413.59,413.4,413.4,10223
2669,2024-08-26 11:59:00,1724698740,413.43,413.52,413.42,413.5,6467
2670,2024-08-26 12:00:00,1724698800,413.47,413.54,413.43,413.43,9201
2671,2024-08-26 12:01:00,1724698860,413.49,413.6,413.46,413.55,10752
2672,2024-08-26 12:02:00,1724698920,413.5,413.6,413.42,413.6,11186
2673,2024-08-26 12:03:00,1724698980,413.57,413.62,413.5,413.56,6260
2674,2024-08-26 12:04:00,1724699040,413.54,413.54,413.38,413.45,18772
2675,2024-08-26 12:05:00,1724699100,413.43,413.48,413.4,413.43,5839
2676,2024-08-26 12:06:00,1724699160,413.43,413.55,413.4,413.41,8810
2677,2024-08-26 12:07:00,1724699220,413.4,413.42,413.28,413.28,8930
2678,2024-08-26 12:08:00,1724699280,413.26,413.44,413.2,413.38,12449
2679,2024-08-26 12:09:00,1724699340,413.4,413.44,413.3,413.36,8371
2680,2024-08-26 12:10:00,1724699400,413.41,413.49,413.26,413.27,8888
2681,2024-08-26 12:11:00,1724699460,413.29,413.4,413.19,413.37,12891
2682,2024-08-26 12:12:00,1724699520,413.35,413.36,413.22,413.36,9386
2683,2024-08-26 12:13:00,1724699580,413.35,413.43,413.2,413.23,10623
2684,2024-08-26 12:14:00,1724699640,413.23,413.29,413.18,413.25,12679
2685,2024-08-26 12:15:00,1724699700,413.26,413.27,413.14,413.15,11440
2686,2024-08-26 12:16:00,1724699760,413.12,413.2,412.9,412.9,18147
2687,2024-08-26 12:17:00,1724699820,412.92,413.05,412.88,413.01,8989
2688,2024-08-26 12:18:00,1724699880,412.99,413.18,412.96,413.15,13018
2689,2024-08-26 12:19:00,1724699940,413.15,413.38,413.12,413.37,22016
2690,2024-08-26 12:20:00,1724700000,413.4,413.51,413.36,413.44,20324
2691,2024-08-26 12:21:00,1724700060,413.46,413.47,413.25,413.27,18754
2692,2024-08-26 12:22:00,1724700120,413.25,413.4,413.11,413.4,10869
2693,2024-08-26 12:23:00,1724700180,413.38,413.42,413.15,413.19,8106
2694,2024-08-26 12:24:00,1724700240,413.22,413.3,413.02,413.07,13447
2695,2024-08-26 12:25:00,1724700300,413.06,413.25,413.06,413.17,13101
2696,2024-08-26 12:26:00,1724700360,413.2,413.26,413.07,413.26,15468
2697,2024-08-26 12:27:00,1724700420,413.22,413.34,413.18,413.26,9681
2698,2024-08-26 12:28:00,1724700480,413.32,413.38,413.24,413.26,5781
2699,2024-08-26 12:29:00,1724700540,413.27,413.29,413.18,413.26,14661
2700,2024-08-26 12:30:00,1724700600,413.27,413.27,413.12,413.2,13330
2701,2024-08-26 12:31:00,1724700660,413.19,413.3,413.17,413.23,11357
2702,2024-08-26 12:32:00,1724700720,413.22,413.38,413.21,413.26,13202
2703,2024-08-26 12:33:00,1724700780,413.26,413.33,413.2,413.33,21936
2704,2024-08-26 12:34:00,1724700840,413.33,413.48,413.28,413.31,24079
2705,2024-08-26 12:35:00,1724700900,413.35,413.39,413.27,413.37,27236
2706,2024-08-26 12:36:00,1724700960,413.35,413.37,413.2,413.2,13326
2707,2024-08-26 12:37:00,1724701020,413.18,413.21,412.94,412.98,14845
2708,2024-08-26 12:38:00,1724701080,412.99,412.99,412.83,412.85,6060
2709,2024-08-26 12:39:00,1724701140,412.79,412.96,412.75,412.79,13085
2710,2024-08-26 12:40:00,1724701200,412.77,412.96,412.66,412.96,14235
2711,2024-08-26 12:41:00,1724701260,412.96,412.96,412.75,412.79,9699
2712,2024-08-26 12:42:00,1724701320,412.78,412.93,412.7,412.76,16709
2713,2024-08-26 12:43:00,1724701380,412.8,412.8,412.65,412.65,7930
2714,2024-08-26 12:44:00,1724701440,412.64,412.7,412.52,412.63,20409
2715,2024-08-26 12:45:00,1724701500,412.67,412.77,412.65,412.74,13692
2716,2024-08-26 12:46:00,1724701560,412.74,412.76,412.54,412.64,13990
2717,2024-08-26 12:47:00,1724701620,412.63,412.74,412.57,412.59,12261
2718,2024-08-26 12:48:00,1724701680,412.6,412.73,412.49,412.56,15181
2719,2024-08-26 12:49:00,1724701740,412.56,412.61,412.33,412.33,11946
2720,2024-08-26 12:50:00,1724701800,412.35,412.93,412.32,412.72,29444
2721,2024-08-26 12:51:00,1724701860,412.76,413.14,412.73,413.0,21262
2722,2024-08-26 12:52:00,1724701920,412.97,413.1,412.92,412.96,20497
2723,2024-08-26 12:53:00,1724701980,412.96,413.25,412.96,413.06,22216
2724,2024-08-26 12:54:00,1724702040,413.08,413.14,412.72,412.97,29727
2725,2024-08-26 12:55:00,1724702100,413.01,413.1,412.73,412.97,39250
2726,2024-08-26 12:56:00,1724702160,412.95,413.02,412.84,412.86,26123
2727,2024-08-26 12:57:00,1724702220,412.81,412.89,412.73,412.81,31744
2728,2024-08-26 12:58:00,1724702280,412.85,412.97,412.74,412.93,60938
2729,2024-08-26 12:59:00,1724702340,412.97,413.63,412.95,413.61,302530
