,date,time,open,high,low,close,volume
0,2024-08-16 06:30:00,1723815000,211.04,212.78,210.8,212.07,1278445
1,2024-08-16 06:31:00,1723815060,212.09,212.95,211.68,211.71,470478
2,2024-08-16 06:32:00,1723815120,211.69,212.95,211.57,212.86,365866
3,2024-08-16 06:33:00,1723815180,212.84,213.9,212.75,213.78,498071
4,2024-08-16 06:34:00,1723815240,213.77,214.68,213.43,214.4,504772
5,2024-08-16 06:35:00,1723815300,214.35,215.27,214.35,214.91,571879
6,2024-08-16 06:36:00,1723815360,214.88,215.08,214.13,214.36,434929
7,2024-08-16 06:37:00,1723815420,214.35,214.94,214.14,214.81,361665
8,2024-08-16 06:38:00,1723815480,214.84,215.88,214.71,215.63,690889
9,2024-08-16 06:39:00,1723815540,215.62,216.41,215.61,216.18,669512
10,2024-08-16 06:40:00,1723815600,216.15,216.74,216.03,216.61,512590
11,2024-08-16 06:41:00,1723815660,216.61,217.12,216.49,217.09,536846
12,2024-08-16 06:42:00,1723815720,217.05,217.16,216.8,216.94,513113
13,2024-08-16 06:43:00,1723815780,216.96,217.29,216.52,216.61,530214
14,2024-08-16 06:44:00,1723815840,216.65,216.65,216.24,216.41,463166
15,2024-08-16 06:45:00,1723815900,216.4,216.45,215.57,215.57,530956
16,2024-08-16 06:46:00,1723815960,215.56,216.22,215.5,216.21,506326
17,2024-08-16 06:47:00,1723816020,216.22,216.8,216.22,216.63,515252
18,2024-08-16 06:48:00,1723816080,216.63,217.35,216.45,217.31,528534
19,2024-08-16 06:49:00,1723816140,217.29,217.59,216.46,216.99,528615
20,2024-08-16 06:50:00,1723816200,217.0,217.43,216.93,217.11,326266
21,2024-08-16 06:51:00,1723816260,217.11,217.67,216.81,217.5,420985
22,2024-08-16 06:52:00,1723816320,217.65,217.66,217.0,217.48,269464
23,2024-08-16 06:53:00,1723816380,217.47,217.58,217.22,217.37,242872
24,2024-08-16 06:54:00,1723816440,217.37,218.1,217.36,218.0,571685
25,2024-08-16 06:55:00,1723816500,218.0,218.12,217.62,217.98,340009
26,2024-08-16 06:56:00,1723816560,218.01,218.51,217.96,218.35,472709
27,2024-08-16 06:57:00,1723816620,218.37,218.48,218.17,218.25,321643
28,2024-08-16 06:58:00,1723816680,218.27,218.49,217.67,217.72,389680
29,2024-08-16 06:59:00,1723816740,217.71,217.94,217.5,217.83,315882
30,2024-08-16 07:00:00,1723816800,217.75,218.95,217.75,218.93,572711
31,2024-08-16 07:01:00,1723816860,218.89,219.24,218.66,219.11,555703
32,2024-08-16 07:02:00,1723816920,219.12,219.44,219.0,219.13,419265
33,2024-08-16 07:03:00,1723816980,219.12,219.18,218.58,218.69,317488
34,2024-08-16 07:04:00,1723817040,218.7,218.98,218.63,218.89,204406
35,2024-08-16 07:05:00,1723817100,218.86,219.32,218.69,219.2,302025
36,2024-08-16 07:06:00,1723817160,219.19,219.26,218.9,219.14,200910
37,2024-08-16 07:07:00,1723817220,219.17,219.2,218.6,218.65,217109
38,2024-08-16 07:08:00,1723817280,218.63,218.87,218.29,218.74,349961
39,2024-08-16 07:09:00,1723817340,218.76,219.14,218.74,219.07,234789
40,2024-08-16 07:10:00,1723817400,219.07,219.55,218.91,219.46,374742
41,2024-08-16 07:11:00,1723817460,219.48,219.8,219.41,219.66,334494
42,2024-08-16 07:12:00,1723817520,219.66,219.75,218.97,219.21,328108
43,2024-08-16 07:13:00,1723817580,219.21,219.46,219.2,219.38,161410
44,2024-08-16 07:14:00,1723817640,219.38,219.48,219.09,219.12,212125
45,2024-08-16 07:15:00,1723817700,219.1,219.31,219.01,219.18,206776
46,2024-08-16 07:16:00,1723817760,219.19,219.19,218.6,218.63,283025
47,2024-08-16 07:17:00,1723817820,218.67,218.96,218.43,218.85,255503
48,2024-08-16 07:18:00,1723817880,218.86,218.87,218.45,218.51,219956
49,2024-08-16 07:19:00,1723817940,218.48,218.53,218.01,218.13,322964
50,2024-08-16 07:20:00,1723818000,218.1,218.15,217.33,217.46,464746
51,2024-08-16 07:21:00,1723818060,217.46,217.99,217.39,217.85,401371
52,2024-08-16 07:22:00,1723818120,217.85,218.31,217.85,218.07,262753
53,2024-08-16 07:23:00,1723818180,218.1,218.1,217.7,217.81,253695
54,2024-08-16 07:24:00,1723818240,217.83,218.08,217.51,218.03,284175
55,2024-08-16 07:25:00,1723818300,218.03,218.32,217.88,218.14,235893
56,2024-08-16 07:26:00,1723818360,218.16,218.7,218.1,218.28,280652
57,2024-08-16 07:27:00,1723818420,218.29,218.59,218.13,218.14,211406
58,2024-08-16 07:28:00,1723818480,218.16,218.2,217.93,218.09,151649
59,2024-08-16 07:29:00,1723818540,218.08,218.41,218.08,218.16,182088
60,2024-08-16 07:30:00,1723818600,218.16,218.63,218.03,218.17,218281
61,2024-08-16 07:31:00,1723818660,218.17,218.5,217.98,218.06,175559
62,2024-08-16 07:32:00,1723818720,218.08,218.08,217.52,217.76,245537
63,2024-08-16 07:33:00,1723818780,217.77,217.9,217.4,217.49,236744
64,2024-08-16 07:34:00,1723818840,217.48,217.66,217.42,217.59,145498
65,2024-08-16 07:35:00,1723818900,217.57,218.16,217.53,218.12,214620
66,2024-08-16 07:36:00,1723818960,218.09,218.25,217.69,217.79,210890
67,2024-08-16 07:37:00,1723819020,217.77,217.85,217.2,217.28,264456
68,2024-08-16 07:38:00,1723819080,217.26,217.44,217.01,217.06,291446
69,2024-08-16 07:39:00,1723819140,217.1,217.43,217.05,217.35,214381
70,2024-08-16 07:40:00,1723819200,217.32,217.59,217.05,217.09,195116
71,2024-08-16 07:41:00,1723819260,217.08,217.08,216.66,216.73,331056
72,2024-08-16 07:42:00,1723819320,216.72,216.8,216.51,216.7,221603
73,2024-08-16 07:43:00,1723819380,216.67,217.05,216.64,216.98,176500
74,2024-08-16 07:44:00,1723819440,217.0,217.02,216.56,216.56,186225
75,2024-08-16 07:45:00,1723819500,216.56,216.71,216.43,216.68,244606
76,2024-08-16 07:46:00,1723819560,216.69,216.8,216.46,216.52,149595
77,2024-08-16 07:47:00,1723819620,216.53,216.7,216.09,216.21,282587
78,2024-08-16 07:48:00,1723819680,216.22,216.33,215.39,215.43,384073
79,2024-08-16 07:49:00,1723819740,215.45,215.61,214.8,215.05,585446
80,2024-08-16 07:50:00,1723819800,215.05,215.46,215.02,215.38,336513
81,2024-08-16 07:51:00,1723819860,215.35,215.88,215.35,215.72,306519
82,2024-08-16 07:52:00,1723819920,215.74,216.09,215.71,216.01,239517
83,2024-08-16 07:53:00,1723819980,216.01,216.06,215.38,215.46,207459
84,2024-08-16 07:54:00,1723820040,215.41,215.8,215.2,215.44,222508
85,2024-08-16 07:55:00,1723820100,215.46,215.77,215.38,215.53,169174
86,2024-08-16 07:56:00,1723820160,215.5,215.99,215.5,215.78,202652
87,2024-08-16 07:57:00,1723820220,215.73,215.79,215.55,215.79,110648
88,2024-08-16 07:58:00,1723820280,215.78,215.79,215.23,215.29,153196
89,2024-08-16 07:59:00,1723820340,215.31,215.49,215.22,215.35,174644
90,2024-08-16 08:00:00,1723820400,215.33,215.81,215.25,215.32,201840
91,2024-08-16 08:01:00,1723820460,215.34,215.58,214.92,215.45,289456
92,2024-08-16 08:02:00,1723820520,215.45,215.58,215.31,215.43,120269
93,2024-08-16 08:03:00,1723820580,215.46,215.92,215.46,215.77,215924
94,2024-08-16 08:04:00,1723820640,215.8,216.31,215.66,216.25,284377
95,2024-08-16 08:05:00,1723820700,216.24,216.25,215.71,215.81,171794
96,2024-08-16 08:06:00,1723820760,215.83,216.16,215.81,216.03,129593
97,2024-08-16 08:07:00,1723820820,216.04,216.2,215.95,216.1,144551
98,2024-08-16 08:08:00,1723820880,216.1,216.5,216.01,216.41,217034
99,2024-08-16 08:09:00,1723820940,216.44,216.49,215.99,216.08,167938
100,2024-08-16 08:10:00,1723821000,216.11,216.18,215.81,215.92,175178
101,2024-08-16 08:11:00,1723821060,215.92,216.06,215.66,215.94,150897
102,2024-08-16 08:12:00,1723821120,215.95,215.99,215.52,215.73,174725
103,2024-08-16 08:13:00,1723821180,215.75,215.84,215.54,215.75,85763
104,2024-08-16 08:14:00,1723821240,215.76,216.14,215.68,215.85,148676
105,2024-08-16 08:15:00,1723821300,215.85,215.92,215.62,215.83,91960
106,2024-08-16 08:16:00,1723821360,215.83,215.88,215.27,215.5,206794
107,2024-08-16 08:17:00,1723821420,215.47,215.48,215.19,215.28,118938
108,2024-08-16 08:18:00,1723821480,215.27,215.36,214.98,215.02,207400
109,2024-08-16 08:19:00,1723821540,214.99,215.18,214.85,215.1,215072
110,2024-08-16 08:20:00,1723821600,215.06,215.12,214.46,214.5,351519
111,2024-08-16 08:21:00,1723821660,214.51,214.53,214.23,214.28,280717
112,2024-08-16 08:22:00,1723821720,214.28,214.31,214.1,214.2,340715
113,2024-08-16 08:23:00,1723821780,214.2,214.55,214.16,214.46,263276
114,2024-08-16 08:24:00,1723821840,214.46,214.54,214.35,214.47,165338
115,2024-08-16 08:25:00,1723821900,214.48,214.57,214.31,214.55,147043
116,2024-08-16 08:26:00,1723821960,214.57,214.64,214.41,214.53,128374
117,2024-08-16 08:27:00,1723822020,214.53,214.93,214.51,214.85,216225
118,2024-08-16 08:28:00,1723822080,214.85,214.91,214.5,214.59,144924
119,2024-08-16 08:29:00,1723822140,214.62,214.79,214.52,214.72,110801
120,2024-08-16 08:30:00,1723822200,214.73,215.04,214.69,214.87,202855
121,2024-08-16 08:31:00,1723822260,214.87,214.92,214.76,214.84,105371
122,2024-08-16 08:32:00,1723822320,214.84,214.86,214.36,214.53,168273
123,2024-08-16 08:33:00,1723822380,214.52,214.87,214.33,214.83,174616
124,2024-08-16 08:34:00,1723822440,214.85,215.04,214.77,214.79,157587
125,2024-08-16 08:35:00,1723822500,214.83,214.93,214.78,214.85,100934
126,2024-08-16 08:36:00,1723822560,214.85,215.07,214.7,214.98,131183
127,2024-08-16 08:37:00,1723822620,214.95,215.32,214.83,215.31,203267
128,2024-08-16 08:38:00,1723822680,215.3,215.34,215.16,215.25,153747
129,2024-08-16 08:39:00,1723822740,215.23,215.28,215.13,215.25,69172
130,2024-08-16 08:40:00,1723822800,215.23,215.33,215.08,215.11,131490
131,2024-08-16 08:41:00,1723822860,215.13,215.19,214.88,215.0,158050
132,2024-08-16 08:42:00,1723822920,214.98,215.24,214.93,215.15,111538
133,2024-08-16 08:43:00,1723822980,215.12,215.56,215.12,215.55,178053
134,2024-08-16 08:44:00,1723823040,215.53,215.78,215.45,215.48,247638
135,2024-08-16 08:45:00,1723823100,215.48,215.6,215.32,215.59,127765
136,2024-08-16 08:46:00,1723823160,215.6,215.78,215.49,215.74,130134
137,2024-08-16 08:47:00,1723823220,215.74,215.76,215.62,215.7,89819
138,2024-08-16 08:48:00,1723823280,215.68,216.21,215.67,216.08,211826
139,2024-08-16 08:49:00,1723823340,216.08,216.2,215.75,215.75,221747
140,2024-08-16 08:50:00,1723823400,215.74,215.9,215.36,215.38,199895
141,2024-08-16 08:51:00,1723823460,215.39,215.7,215.3,215.62,147087
142,2024-08-16 08:52:00,1723823520,215.65,216.01,215.62,215.86,139778
143,2024-08-16 08:53:00,1723823580,215.85,216.04,215.84,216.02,89631
144,2024-08-16 08:54:00,1723823640,216.01,216.17,215.91,215.95,133495
145,2024-08-16 08:55:00,1723823700,215.96,216.14,215.91,215.98,148511
146,2024-08-16 08:56:00,1723823760,215.97,215.98,215.64,215.7,147086
147,2024-08-16 08:57:00,1723823820,215.71,215.89,215.65,215.78,104049
148,2024-08-16 08:58:00,1723823880,215.76,215.76,215.56,215.57,109895
149,2024-08-16 08:59:00,1723823940,215.58,215.82,215.57,215.73,113302
150,2024-08-16 09:00:00,1723824000,215.69,215.92,215.63,215.8,125369
151,2024-08-16 09:01:00,1723824060,215.79,215.79,215.42,215.45,134064
152,2024-08-16 09:02:00,1723824120,215.45,215.46,215.05,215.17,151584
153,2024-08-16 09:03:00,1723824180,215.14,215.29,215.0,215.25,154699
154,2024-08-16 09:04:00,1723824240,215.24,215.55,215.24,215.34,149201
155,2024-08-16 09:05:00,1723824300,215.38,215.43,215.16,215.25,62107
156,2024-08-16 09:06:00,1723824360,215.25,215.33,215.04,215.3,123156
157,2024-08-16 09:07:00,1723824420,215.29,215.31,215.12,215.24,114506
158,2024-08-16 09:08:00,1723824480,215.24,215.4,215.16,215.34,79609
159,2024-08-16 09:09:00,1723824540,215.36,215.81,215.28,215.68,200322
160,2024-08-16 09:10:00,1723824600,215.65,215.87,215.58,215.82,125309
161,2024-08-16 09:11:00,1723824660,215.82,216.14,215.81,216.11,179168
162,2024-08-16 09:12:00,1723824720,216.1,216.1,215.89,216.03,109407
163,2024-08-16 09:13:00,1723824780,216.01,216.37,215.98,216.31,136252
164,2024-08-16 09:14:00,1723824840,216.31,216.39,216.19,216.39,92129
165,2024-08-16 09:15:00,1723824900,216.38,216.78,216.34,216.59,247911
166,2024-08-16 09:16:00,1723824960,216.59,216.71,216.4,216.56,149694
167,2024-08-16 09:17:00,1723825020,216.56,216.61,216.39,216.4,113002
168,2024-08-16 09:18:00,1723825080,216.44,216.62,216.4,216.57,118599
169,2024-08-16 09:19:00,1723825140,216.58,216.71,216.41,216.41,122496
170,2024-08-16 09:20:00,1723825200,216.44,216.44,216.29,216.35,95487
171,2024-08-16 09:21:00,1723825260,216.34,216.37,216.14,216.28,117001
172,2024-08-16 09:22:00,1723825320,216.27,216.31,216.14,216.24,90525
173,2024-08-16 09:23:00,1723825380,216.25,216.26,215.92,216.26,156758
174,2024-08-16 09:24:00,1723825440,216.25,216.32,216.08,216.09,83017
175,2024-08-16 09:25:00,1723825500,216.09,216.2,215.95,216.01,113793
176,2024-08-16 09:26:00,1723825560,215.97,216.09,215.88,215.93,99218
177,2024-08-16 09:27:00,1723825620,215.96,216.18,215.95,216.08,94261
178,2024-08-16 09:28:00,1723825680,216.05,216.25,216.04,216.25,111368
179,2024-08-16 09:29:00,1723825740,216.23,216.5,216.23,216.34,162215
180,2024-08-16 09:30:00,1723825800,216.32,216.54,216.25,216.46,122323
181,2024-08-16 09:31:00,1723825860,216.45,216.55,216.35,216.45,94743
182,2024-08-16 09:32:00,1723825920,216.46,216.51,216.34,216.37,66397
183,2024-08-16 09:33:00,1723825980,216.37,216.47,216.27,216.34,95366
184,2024-08-16 09:34:00,1723826040,216.33,216.44,216.26,216.32,89763
185,2024-08-16 09:35:00,1723826100,216.33,216.46,216.16,216.42,128143
186,2024-08-16 09:36:00,1723826160,216.41,216.57,216.38,216.54,117072
187,2024-08-16 09:37:00,1723826220,216.53,216.59,216.39,216.41,83465
188,2024-08-16 09:38:00,1723826280,216.41,216.49,216.35,216.36,53439
189,2024-08-16 09:39:00,1723826340,216.35,216.43,216.21,216.39,92383
190,2024-08-16 09:40:00,1723826400,216.42,216.42,216.24,216.35,76660
191,2024-08-16 09:41:00,1723826460,216.35,216.37,216.18,216.24,95793
192,2024-08-16 09:42:00,1723826520,216.25,216.29,215.97,216.03,123522
193,2024-08-16 09:43:00,1723826580,216.04,216.23,216.01,216.22,99489
194,2024-08-16 09:44:00,1723826640,216.22,216.35,216.2,216.29,88433
195,2024-08-16 09:45:00,1723826700,216.28,216.3,216.1,216.13,70173
196,2024-08-16 09:46:00,1723826760,216.16,216.35,216.1,216.34,86147
197,2024-08-16 09:47:00,1723826820,216.34,216.34,216.17,216.31,69067
198,2024-08-16 09:48:00,1723826880,216.3,216.34,216.21,216.27,40603
199,2024-08-16 09:49:00,1723826940,216.29,216.35,216.24,216.31,46006
200,2024-08-16 09:50:00,1723827000,216.32,216.39,216.2,216.38,62347
201,2024-08-16 09:51:00,1723827060,216.37,216.82,216.29,216.78,191240
202,2024-08-16 09:52:00,1723827120,216.78,216.78,216.59,216.6,127834
203,2024-08-16 09:53:00,1723827180,216.61,216.67,216.5,216.58,91209
204,2024-08-16 09:54:00,1723827240,216.57,216.77,216.57,216.75,117390
205,2024-08-16 09:55:00,1723827300,216.75,216.98,216.64,216.86,171066
206,2024-08-16 09:56:00,1723827360,216.86,216.98,216.81,216.87,79801
207,2024-08-16 09:57:00,1723827420,216.86,217.15,216.85,217.13,138018
208,2024-08-16 09:58:00,1723827480,217.15,217.41,217.15,217.37,188878
209,2024-08-16 09:59:00,1723827540,217.36,217.36,217.05,217.1,155033
210,2024-08-16 10:00:00,1723827600,217.14,217.25,217.04,217.15,96472
211,2024-08-16 10:01:00,1723827660,217.19,217.24,216.82,216.84,113493
212,2024-08-16 10:02:00,1723827720,216.84,216.99,216.83,216.88,120397
213,2024-08-16 10:03:00,1723827780,216.87,216.98,216.86,216.92,63601
214,2024-08-16 10:04:00,1723827840,216.92,216.93,216.76,216.92,93805
215,2024-08-16 10:05:00,1723827900,216.9,217.17,216.9,217.07,115973
216,2024-08-16 10:06:00,1723827960,217.09,217.09,216.9,216.97,70797
217,2024-08-16 10:07:00,1723828020,216.96,216.98,216.84,216.88,75438
218,2024-08-16 10:08:00,1723828080,216.89,216.97,216.77,216.87,78377
219,2024-08-16 10:09:00,1723828140,216.86,217.04,216.79,217.04,100334
220,2024-08-16 10:10:00,1723828200,217.03,217.12,216.91,216.93,127884
221,2024-08-16 10:11:00,1723828260,216.95,217.07,216.9,217.07,53549
222,2024-08-16 10:12:00,1723828320,217.08,217.37,217.02,217.31,174490
223,2024-08-16 10:13:00,1723828380,217.31,217.34,217.18,217.26,70100
224,2024-08-16 10:14:00,1723828440,217.28,217.29,217.08,217.1,71824
225,2024-08-16 10:15:00,1723828500,217.12,217.19,217.03,217.09,70445
226,2024-08-16 10:16:00,1723828560,217.1,217.15,217.02,217.03,64067
227,2024-08-16 10:17:00,1723828620,217.02,217.28,216.96,217.1,140732
228,2024-08-16 10:18:00,1723828680,217.1,217.29,217.04,217.27,113904
229,2024-08-16 10:19:00,1723828740,217.28,217.29,217.11,217.2,55113
230,2024-08-16 10:20:00,1723828800,217.19,217.32,217.16,217.22,75532
231,2024-08-16 10:21:00,1723828860,217.21,217.3,217.2,217.24,73401
232,2024-08-16 10:22:00,1723828920,217.28,217.43,217.22,217.39,90192
233,2024-08-16 10:23:00,1723828980,217.4,217.65,217.38,217.62,172940
234,2024-08-16 10:24:00,1723829040,217.64,217.67,217.53,217.53,77879
235,2024-08-16 10:25:00,1723829100,217.54,217.57,217.45,217.47,69474
236,2024-08-16 10:26:00,1723829160,217.47,217.54,217.34,217.52,81061
237,2024-08-16 10:27:00,1723829220,217.51,217.53,217.35,217.45,69196
238,2024-08-16 10:28:00,1723829280,217.47,217.5,217.36,217.45,74667
239,2024-08-16 10:29:00,1723829340,217.49,217.64,217.4,217.64,63774
240,2024-08-16 10:30:00,1723829400,217.61,217.66,217.51,217.57,66840
241,2024-08-16 10:31:00,1723829460,217.57,217.8,217.56,217.74,89969
242,2024-08-16 10:32:00,1723829520,217.74,217.84,217.7,217.84,59735
243,2024-08-16 10:33:00,1723829580,217.84,217.97,217.72,217.94,137655
244,2024-08-16 10:34:00,1723829640,217.96,218.06,217.73,217.8,194763
245,2024-08-16 10:35:00,1723829700,217.82,217.9,217.61,217.82,128711
246,2024-08-16 10:36:00,1723829760,217.84,217.88,217.62,217.66,57278
247,2024-08-16 10:37:00,1723829820,217.66,217.82,217.66,217.69,74218
248,2024-08-16 10:38:00,1723829880,217.72,217.8,217.67,217.78,53689
249,2024-08-16 10:39:00,1723829940,217.77,217.81,217.57,217.58,96324
250,2024-08-16 10:40:00,1723830000,217.6,217.8,217.55,217.71,95884
251,2024-08-16 10:41:00,1723830060,217.72,217.77,217.6,217.6,82845
252,2024-08-16 10:42:00,1723830120,217.61,217.82,217.54,217.75,103317
253,2024-08-16 10:43:00,1723830180,217.76,217.9,217.7,217.86,107676
254,2024-08-16 10:44:00,1723830240,217.88,217.89,217.76,217.87,82021
255,2024-08-16 10:45:00,1723830300,217.86,217.87,217.65,217.77,93749
256,2024-08-16 10:46:00,1723830360,217.78,217.88,217.73,217.75,35141
257,2024-08-16 10:47:00,1723830420,217.76,217.78,217.5,217.52,96018
258,2024-08-16 10:48:00,1723830480,217.52,217.63,217.43,217.51,112144
259,2024-08-16 10:49:00,1723830540,217.53,217.65,217.51,217.6,88444
260,2024-08-16 10:50:00,1723830600,217.61,217.65,216.83,217.06,209039
261,2024-08-16 10:51:00,1723830660,217.06,217.25,217.0,217.15,129806
262,2024-08-16 10:52:00,1723830720,217.19,217.28,217.1,217.25,75983
263,2024-08-16 10:53:00,1723830780,217.24,217.25,217.03,217.07,115939
264,2024-08-16 10:54:00,1723830840,217.08,217.13,216.93,217.05,139339
265,2024-08-16 10:55:00,1723830900,217.05,217.25,217.01,217.23,88456
266,2024-08-16 10:56:00,1723830960,217.23,217.33,217.14,217.32,81503
267,2024-08-16 10:57:00,1723831020,217.33,217.65,217.32,217.61,146740
268,2024-08-16 10:58:00,1723831080,217.58,217.61,217.5,217.57,76070
269,2024-08-16 10:59:00,1723831140,217.57,217.8,217.57,217.77,150109
270,2024-08-16 11:00:00,1723831200,217.77,217.79,217.57,217.6,118987
271,2024-08-16 11:01:00,1723831260,217.58,217.67,217.55,217.59,61490
272,2024-08-16 11:02:00,1723831320,217.59,217.68,217.53,217.61,42217
273,2024-08-16 11:03:00,1723831380,217.6,217.63,217.44,217.45,53678
274,2024-08-16 11:04:00,1723831440,217.48,217.51,217.3,217.43,81075
275,2024-08-16 11:05:00,1723831500,217.44,217.47,217.12,217.16,98256
276,2024-08-16 11:06:00,1723831560,217.15,217.33,217.09,217.24,81232
277,2024-08-16 11:07:00,1723831620,217.24,217.24,216.88,216.96,163182
278,2024-08-16 11:08:00,1723831680,216.99,217.04,216.58,216.64,254963
279,2024-08-16 11:09:00,1723831740,216.63,216.87,216.62,216.66,105056
280,2024-08-16 11:10:00,1723831800,216.61,216.63,216.36,216.52,195568
281,2024-08-16 11:11:00,1723831860,216.52,216.72,216.39,216.44,176793
282,2024-08-16 11:12:00,1723831920,216.46,216.49,216.24,216.26,93925
283,2024-08-16 11:13:00,1723831980,216.27,216.28,215.9,215.9,189228
284,2024-08-16 11:14:00,1723832040,215.94,216.05,215.8,215.87,194615
285,2024-08-16 11:15:00,1723832100,215.87,216.17,215.86,216.16,154354
286,2024-08-16 11:16:00,1723832160,216.15,216.16,216.0,216.02,127537
287,2024-08-16 11:17:00,1723832220,216.02,216.17,216.0,216.04,107645
288,2024-08-16 11:18:00,1723832280,216.05,216.11,215.86,215.92,88148
289,2024-08-16 11:19:00,1723832340,215.92,216.09,215.84,216.09,135333
290,2024-08-16 11:20:00,1723832400,216.09,216.12,215.98,215.98,63047
291,2024-08-16 11:21:00,1723832460,215.98,216.0,215.64,215.81,202045
292,2024-08-16 11:22:00,1723832520,215.81,215.85,215.61,215.62,83628
293,2024-08-16 11:23:00,1723832580,215.62,215.88,215.61,215.78,100312
294,2024-08-16 11:24:00,1723832640,215.8,215.88,215.67,215.69,91101
295,2024-08-16 11:25:00,1723832700,215.69,215.81,215.69,215.75,62168
296,2024-08-16 11:26:00,1723832760,215.75,215.95,215.69,215.92,107650
297,2024-08-16 11:27:00,1723832820,215.93,215.93,215.75,215.88,88650
298,2024-08-16 11:28:00,1723832880,215.87,216.09,215.75,216.06,157810
299,2024-08-16 11:29:00,1723832940,216.07,216.18,216.04,216.12,135806
300,2024-08-16 11:30:00,1723833000,216.12,216.17,215.71,215.79,175337
301,2024-08-16 11:31:00,1723833060,215.8,215.97,215.8,215.83,110594
302,2024-08-16 11:32:00,1723833120,215.83,215.95,215.77,215.92,79119
303,2024-08-16 11:33:00,1723833180,215.92,215.92,215.63,215.8,108264
304,2024-08-16 11:34:00,1723833240,215.8,215.93,215.68,215.81,125243
305,2024-08-16 11:35:00,1723833300,215.78,215.96,215.76,215.93,76955
306,2024-08-16 11:36:00,1723833360,215.96,216.2,215.94,216.11,144714
307,2024-08-16 11:37:00,1723833420,216.1,216.1,215.82,215.87,77292
308,2024-08-16 11:38:00,1723833480,215.87,215.96,215.75,215.82,72751
309,2024-08-16 11:39:00,1723833540,215.82,215.93,215.77,215.87,47079
310,2024-08-16 11:40:00,1723833600,215.88,215.92,215.79,215.81,49057
311,2024-08-16 11:41:00,1723833660,215.81,215.91,215.72,215.88,87048
312,2024-08-16 11:42:00,1723833720,215.88,215.9,215.77,215.8,48720
313,2024-08-16 11:43:00,1723833780,215.8,215.89,215.74,215.81,56090
314,2024-08-16 11:44:00,1723833840,215.79,215.82,215.57,215.67,97412
315,2024-08-16 11:45:00,1723833900,215.7,215.83,215.67,215.82,81681
316,2024-08-16 11:46:00,1723833960,215.82,215.96,215.77,215.96,78657
317,2024-08-16 11:47:00,1723834020,215.96,215.96,215.77,215.81,94012
318,2024-08-16 11:48:00,1723834080,215.81,215.89,215.57,215.64,106796
319,2024-08-16 11:49:00,1723834140,215.65,216.04,215.64,215.95,103513
320,2024-08-16 11:50:00,1723834200,215.98,215.99,215.88,215.92,62539
321,2024-08-16 11:51:00,1723834260,215.93,215.99,215.82,215.85,67349
322,2024-08-16 11:52:00,1723834320,215.88,215.92,215.75,215.92,62652
323,2024-08-16 11:53:00,1723834380,215.92,216.01,215.83,215.96,61528
324,2024-08-16 11:54:00,1723834440,215.95,216.13,215.93,216.12,105018
325,2024-08-16 11:55:00,1723834500,216.11,216.31,216.1,216.26,167933
326,2024-08-16 11:56:00,1723834560,216.24,216.27,216.11,216.23,102305
327,2024-08-16 11:57:00,1723834620,216.22,216.34,216.19,216.32,105426
328,2024-08-16 11:58:00,1723834680,216.31,216.38,216.22,216.35,72649
329,2024-08-16 11:59:00,1723834740,216.36,216.4,216.25,216.28,125066
330,2024-08-16 12:00:00,1723834800,216.28,216.29,216.07,216.12,100154
331,2024-08-16 12:01:00,1723834860,216.13,216.34,216.1,216.34,78184
332,2024-08-16 12:02:00,1723834920,216.33,216.37,216.18,216.21,76794
333,2024-08-16 12:03:00,1723834980,216.22,216.28,216.11,216.18,56772
334,2024-08-16 12:04:00,1723835040,216.16,216.16,215.91,216.11,126421
335,2024-08-16 12:05:00,1723835100,216.12,216.18,216.04,216.18,90657
336,2024-08-16 12:06:00,1723835160,216.17,216.27,216.13,216.24,87428
337,2024-08-16 12:07:00,1723835220,216.24,216.3,216.11,216.14,62938
338,2024-08-16 12:08:00,1723835280,216.14,216.14,216.02,216.04,71277
339,2024-08-16 12:09:00,1723835340,216.04,216.05,215.93,215.97,66937
340,2024-08-16 12:10:00,1723835400,215.96,216.02,215.72,215.93,146925
341,2024-08-16 12:11:00,1723835460,215.93,215.98,215.86,215.98,81782
342,2024-08-16 12:12:00,1723835520,215.98,216.19,215.96,216.12,83083
343,2024-08-16 12:13:00,1723835580,216.12,216.23,216.09,216.13,95975
344,2024-08-16 12:14:00,1723835640,216.15,216.17,216.0,216.09,69104
345,2024-08-16 12:15:00,1723835700,216.11,216.11,216.0,216.07,65361
346,2024-08-16 12:16:00,1723835760,216.07,216.11,215.96,215.96,46466
347,2024-08-16 12:17:00,1723835820,215.96,216.19,215.95,216.14,57129
348,2024-08-16 12:18:00,1723835880,216.13,216.28,216.1,216.19,86185
349,2024-08-16 12:19:00,1723835940,216.19,216.28,216.11,216.28,67867
350,2024-08-16 12:20:00,1723836000,216.27,216.28,216.08,216.17,71639
351,2024-08-16 12:21:00,1723836060,216.17,216.21,216.03,216.13,70444
352,2024-08-16 12:22:00,1723836120,216.14,216.17,216.05,216.1,56495
353,2024-08-16 12:23:00,1723836180,216.09,216.14,216.01,216.06,38840
354,2024-08-16 12:24:00,1723836240,216.06,216.24,216.06,216.2,64238
355,2024-08-16 12:25:00,1723836300,216.19,216.24,216.01,216.12,98008
356,2024-08-16 12:26:00,1723836360,216.12,216.22,216.03,216.22,70043
357,2024-08-16 12:27:00,1723836420,216.22,216.39,216.18,216.36,145741
358,2024-08-16 12:28:00,1723836480,216.36,216.65,216.31,216.61,170888
359,2024-08-16 12:29:00,1723836540,216.61,216.61,216.45,216.47,95803
360,2024-08-16 12:30:00,1723836600,216.46,216.52,216.23,216.47,139724
361,2024-08-16 12:31:00,1723836660,216.46,216.66,216.35,216.63,100558
362,2024-08-16 12:32:00,1723836720,216.63,216.64,216.5,216.56,94285
363,2024-08-16 12:33:00,1723836780,216.56,216.67,216.46,216.64,78536
364,2024-08-16 12:34:00,1723836840,216.65,216.69,216.51,216.58,74167
365,2024-08-16 12:35:00,1723836900,216.59,216.59,216.45,216.49,94713
366,2024-08-16 12:36:00,1723836960,216.5,216.6,216.49,216.57,61286
367,2024-08-16 12:37:00,1723837020,216.55,216.59,216.47,216.57,55200
368,2024-08-16 12:38:00,1723837080,216.57,216.63,216.4,216.52,71690
369,2024-08-16 12:39:00,1723837140,216.51,216.65,216.49,216.62,72349
370,2024-08-16 12:40:00,1723837200,216.61,216.64,216.44,216.51,87427
371,2024-08-16 12:41:00,1723837260,216.51,216.55,216.36,216.53,105914
372,2024-08-16 12:42:00,1723837320,216.53,216.63,216.48,216.56,91437
373,2024-08-16 12:43:00,1723837380,216.57,216.62,216.45,216.6,85552
374,2024-08-16 12:44:00,1723837440,216.61,216.68,216.37,216.45,116177
375,2024-08-16 12:45:00,1723837500,216.46,216.52,216.2,216.34,123931
376,2024-08-16 12:46:00,1723837560,216.33,216.34,215.95,216.14,180671
377,2024-08-16 12:47:00,1723837620,216.13,216.29,216.05,216.23,136204
378,2024-08-16 12:48:00,1723837680,216.25,216.34,216.1,216.34,130859
379,2024-08-16 12:49:00,1723837740,216.3,216.41,216.18,216.31,98684
380,2024-08-16 12:50:00,1723837800,216.3,216.34,216.09,216.28,143782
381,2024-08-16 12:51:00,1723837860,216.29,216.35,216.12,216.33,90655
382,2024-08-16 12:52:00,1723837920,216.35,216.4,216.25,216.32,88803
383,2024-08-16 12:53:00,1723837980,216.33,216.5,216.31,216.48,152932
384,2024-08-16 12:54:00,1723838040,216.5,216.63,216.39,216.61,170869
385,2024-08-16 12:55:00,1723838100,216.59,216.66,216.48,216.55,142882
386,2024-08-16 12:56:00,1723838160,216.55,216.6,216.43,216.57,167268
387,2024-08-16 12:57:00,1723838220,216.58,216.65,216.36,216.46,201600
388,2024-08-16 12:58:00,1723838280,216.47,216.48,216.15,216.24,244944
389,2024-08-16 12:59:00,1723838340,216.24,216.32,216.09,216.12,307991
390,2024-08-19 06:30:00,1724074200,217.05,219.47,217.04,219.31,924457
391,2024-08-19 06:31:00,1724074260,219.27,219.58,217.9,218.07,535731
392,2024-08-19 06:32:00,1724074320,218.06,218.07,216.14,216.14,589162
393,2024-08-19 06:33:00,1724074380,216.16,216.48,215.7,215.83,543121
394,2024-08-19 06:34:00,1724074440,215.79,216.02,215.21,215.54,490514
395,2024-08-19 06:35:00,1724074500,215.53,215.9,214.77,215.11,539668
396,2024-08-19 06:36:00,1724074560,215.08,215.34,214.75,215.01,393035
397,2024-08-19 06:37:00,1724074620,215.01,215.02,214.2,214.47,567671
398,2024-08-19 06:38:00,1724074680,214.48,214.67,214.09,214.42,403524
399,2024-08-19 06:39:00,1724074740,214.41,215.25,214.4,214.83,391228
400,2024-08-19 06:40:00,1724074800,214.84,215.3,214.82,215.11,315280
401,2024-08-19 06:41:00,1724074860,215.1,215.58,214.95,215.39,305224
402,2024-08-19 06:42:00,1724074920,215.41,216.9,215.35,216.71,584118
403,2024-08-19 06:43:00,1724074980,216.73,217.02,216.37,216.47,433490
404,2024-08-19 06:44:00,1724075040,216.47,217.77,216.24,217.69,449652
405,2024-08-19 06:45:00,1724075100,217.73,217.8,217.26,217.41,375019
406,2024-08-19 06:46:00,1724075160,217.41,218.69,217.36,218.63,496480
407,2024-08-19 06:47:00,1724075220,218.62,218.93,218.44,218.88,428480
408,2024-08-19 06:48:00,1724075280,218.89,219.65,218.84,219.63,571612
409,2024-08-19 06:49:00,1724075340,219.65,219.69,218.92,219.27,445780
410,2024-08-19 06:50:00,1724075400,219.28,219.5,218.62,218.64,449622
411,2024-08-19 06:51:00,1724075460,218.62,218.83,217.92,218.15,412988
412,2024-08-19 06:52:00,1724075520,218.06,218.83,218.04,218.52,339353
413,2024-08-19 06:53:00,1724075580,218.56,218.56,217.7,217.84,314314
414,2024-08-19 06:54:00,1724075640,217.82,217.94,217.15,217.3,354157
415,2024-08-19 06:55:00,1724075700,217.28,217.69,217.07,217.43,279135
416,2024-08-19 06:56:00,1724075760,217.42,218.46,217.41,217.96,430522
417,2024-08-19 06:57:00,1724075820,217.96,218.2,217.29,217.39,251704
418,2024-08-19 06:58:00,1724075880,217.39,217.45,216.85,216.95,337042
419,2024-08-19 06:59:00,1724075940,216.97,217.37,216.61,216.81,317234
420,2024-08-19 07:00:00,1724076000,216.87,217.49,216.87,216.96,263726
421,2024-08-19 07:01:00,1724076060,216.98,217.22,216.1,216.37,378702
422,2024-08-19 07:02:00,1724076120,216.34,216.67,216.12,216.21,197707
423,2024-08-19 07:03:00,1724076180,216.19,216.7,216.14,216.7,197569
424,2024-08-19 07:04:00,1724076240,216.66,217.55,216.55,217.28,435262
425,2024-08-19 07:05:00,1724076300,217.3,217.73,217.04,217.37,276795
426,2024-08-19 07:06:00,1724076360,217.43,218.2,217.4,217.99,352631
427,2024-08-19 07:07:00,1724076420,217.98,218.75,217.96,218.72,349867
428,2024-08-19 07:08:00,1724076480,218.71,218.95,218.55,218.91,268040
429,2024-08-19 07:09:00,1724076540,218.91,219.14,218.8,219.0,398097
430,2024-08-19 07:10:00,1724076600,218.99,219.5,218.93,219.2,434277
431,2024-08-19 07:11:00,1724076660,219.21,219.39,219.05,219.25,277830
432,2024-08-19 07:12:00,1724076720,219.23,219.36,218.68,219.28,435176
433,2024-08-19 07:13:00,1724076780,219.27,220.7,219.25,220.59,873058
434,2024-08-19 07:14:00,1724076840,220.6,220.7,219.91,220.19,454930
435,2024-08-19 07:15:00,1724076900,220.2,221.49,220.17,221.42,650922
436,2024-08-19 07:16:00,1724076960,221.39,221.4,220.74,221.11,388280
437,2024-08-19 07:17:00,1724077020,221.1,221.18,220.38,220.39,407366
438,2024-08-19 07:18:00,1724077080,220.41,221.19,220.38,221.12,368219
439,2024-08-19 07:19:00,1724077140,221.09,221.09,219.81,220.01,481962
440,2024-08-19 07:20:00,1724077200,220.01,220.16,219.15,219.46,442387
441,2024-08-19 07:21:00,1724077260,219.45,220.47,219.4,220.3,380034
442,2024-08-19 07:22:00,1724077320,220.28,220.86,220.15,220.77,323810
443,2024-08-19 07:23:00,1724077380,220.79,220.95,220.56,220.81,321982
444,2024-08-19 07:24:00,1724077440,220.85,221.16,220.42,221.1,343576
445,2024-08-19 07:25:00,1724077500,221.06,221.39,220.95,221.28,404476
446,2024-08-19 07:26:00,1724077560,221.34,221.96,221.09,221.65,459915
447,2024-08-19 07:27:00,1724077620,221.63,221.93,221.14,221.82,384725
448,2024-08-19 07:28:00,1724077680,221.85,221.92,221.42,221.55,211535
449,2024-08-19 07:29:00,1724077740,221.59,221.89,221.37,221.88,229119
450,2024-08-19 07:30:00,1724077800,221.88,222.01,221.42,221.48,368926
451,2024-08-19 07:31:00,1724077860,221.49,222.0,221.19,221.83,298825
452,2024-08-19 07:32:00,1724077920,221.82,222.38,221.82,222.16,434814
453,2024-08-19 07:33:00,1724077980,222.16,222.17,221.53,221.63,250046
454,2024-08-19 07:34:00,1724078040,221.61,221.71,220.84,220.93,326918
455,2024-08-19 07:35:00,1724078100,220.89,221.41,220.67,221.36,297893
456,2024-08-19 07:36:00,1724078160,221.33,221.59,221.16,221.27,231860
457,2024-08-19 07:37:00,1724078220,221.27,221.35,220.8,220.96,198016
458,2024-08-19 07:38:00,1724078280,220.94,220.95,220.33,220.44,282827
459,2024-08-19 07:39:00,1724078340,220.47,221.07,220.41,220.76,240782
460,2024-08-19 07:40:00,1724078400,220.75,220.89,220.36,220.53,173513
461,2024-08-19 07:41:00,1724078460,220.54,220.75,220.27,220.68,167389
462,2024-08-19 07:42:00,1724078520,220.69,220.75,220.41,220.5,142002
463,2024-08-19 07:43:00,1724078580,220.5,220.77,220.24,220.34,161447
464,2024-08-19 07:44:00,1724078640,220.36,220.5,220.23,220.5,117416
465,2024-08-19 07:45:00,1724078700,220.48,221.0,220.46,220.7,233690
466,2024-08-19 07:46:00,1724078760,220.72,220.76,220.24,220.64,163754
467,2024-08-19 07:47:00,1724078820,220.62,220.64,220.31,220.58,134659
468,2024-08-19 07:48:00,1724078880,220.6,220.61,220.23,220.25,114772
469,2024-08-19 07:49:00,1724078940,220.23,220.35,220.03,220.29,210614
470,2024-08-19 07:50:00,1724079000,220.25,220.68,220.12,220.65,163814
471,2024-08-19 07:51:00,1724079060,220.63,220.81,220.5,220.65,169780
472,2024-08-19 07:52:00,1724079120,220.64,220.66,220.21,220.59,152667
473,2024-08-19 07:53:00,1724079180,220.58,221.27,220.56,221.22,280270
474,2024-08-19 07:54:00,1724079240,221.24,221.31,220.46,220.61,269571
475,2024-08-19 07:55:00,1724079300,220.51,220.69,219.92,220.12,309724
476,2024-08-19 07:56:00,1724079360,220.1,220.1,219.72,219.85,182404
477,2024-08-19 07:57:00,1724079420,219.84,220.21,219.76,220.18,164444
478,2024-08-19 07:58:00,1724079480,220.2,220.2,219.81,219.91,109640
479,2024-08-19 07:59:00,1724079540,219.93,220.05,219.73,220.05,134789
480,2024-08-19 08:00:00,1724079600,220.06,220.23,219.94,220.14,137575
481,2024-08-19 08:01:00,1724079660,220.15,220.15,219.56,219.59,114820
482,2024-08-19 08:02:00,1724079720,219.6,220.3,219.59,220.2,158864
483,2024-08-19 08:03:00,1724079780,220.22,220.37,220.15,220.22,100833
484,2024-08-19 08:04:00,1724079840,220.26,220.5,220.2,220.39,152370
485,2024-08-19 08:05:00,1724079900,220.37,220.67,220.27,220.61,185960
486,2024-08-19 08:06:00,1724079960,220.6,220.97,220.6,220.84,212529
487,2024-08-19 08:07:00,1724080020,220.83,220.84,220.12,220.16,148132
488,2024-08-19 08:08:00,1724080080,220.18,220.43,219.89,220.29,143014
489,2024-08-19 08:09:00,1724080140,220.28,220.33,220.06,220.19,108990
490,2024-08-19 08:10:00,1724080200,220.23,220.23,219.95,220.08,99473
491,2024-08-19 08:11:00,1724080260,220.11,220.11,219.76,219.87,102993
492,2024-08-19 08:12:00,1724080320,219.86,219.88,219.59,219.64,113112
493,2024-08-19 08:13:00,1724080380,219.63,219.74,219.36,219.69,211201
494,2024-08-19 08:14:00,1724080440,219.67,219.69,219.23,219.23,196469
495,2024-08-19 08:15:00,1724080500,219.23,219.59,219.2,219.44,127464
496,2024-08-19 08:16:00,1724080560,219.44,219.62,219.32,219.56,104158
497,2024-08-19 08:17:00,1724080620,219.57,219.58,218.94,219.0,206564
498,2024-08-19 08:18:00,1724080680,219.0,219.34,218.93,219.23,161094
499,2024-08-19 08:19:00,1724080740,219.23,219.4,219.1,219.33,121392
500,2024-08-19 08:20:00,1724080800,219.34,219.7,219.28,219.66,181517
501,2024-08-19 08:21:00,1724080860,219.65,219.8,219.51,219.74,105540
502,2024-08-19 08:22:00,1724080920,219.72,219.86,219.6,219.85,94550
503,2024-08-19 08:23:00,1724080980,219.86,220.0,219.79,219.95,134322
504,2024-08-19 08:24:00,1724081040,219.95,220.0,219.75,219.87,94128
505,2024-08-19 08:25:00,1724081100,219.87,220.11,219.83,220.03,99630
506,2024-08-19 08:26:00,1724081160,220.05,220.41,220.02,220.22,168760
507,2024-08-19 08:27:00,1724081220,220.23,220.23,219.97,220.02,93964
508,2024-08-19 08:28:00,1724081280,220.02,220.12,219.84,219.99,89773
509,2024-08-19 08:29:00,1724081340,219.99,220.1,219.95,220.06,79333
510,2024-08-19 08:30:00,1724081400,220.07,220.08,219.62,219.8,131692
511,2024-08-19 08:31:00,1724081460,219.81,220.22,219.7,220.15,131259
512,2024-08-19 08:32:00,1724081520,220.16,220.45,220.15,220.31,137362
513,2024-08-19 08:33:00,1724081580,220.31,220.51,220.2,220.21,126578
514,2024-08-19 08:34:00,1724081640,220.22,220.37,219.94,219.96,104031
515,2024-08-19 08:35:00,1724081700,219.96,220.31,219.88,220.21,73072
516,2024-08-19 08:36:00,1724081760,220.19,220.44,220.18,220.28,93253
517,2024-08-19 08:37:00,1724081820,220.31,220.32,220.17,220.25,44362
518,2024-08-19 08:38:00,1724081880,220.25,220.31,220.16,220.16,56875
519,2024-08-19 08:39:00,1724081940,220.16,220.49,220.13,220.46,104348
520,2024-08-19 08:40:00,1724082000,220.48,220.62,220.46,220.5,125356
521,2024-08-19 08:41:00,1724082060,220.51,220.52,220.23,220.36,69144
522,2024-08-19 08:42:00,1724082120,220.35,220.6,220.29,220.59,71116
523,2024-08-19 08:43:00,1724082180,220.55,220.71,220.47,220.67,91760
524,2024-08-19 08:44:00,1724082240,220.67,220.84,220.6,220.67,94920
525,2024-08-19 08:45:00,1724082300,220.65,220.74,220.55,220.57,66481
526,2024-08-19 08:46:00,1724082360,220.62,220.8,220.57,220.77,64511
527,2024-08-19 08:47:00,1724082420,220.78,220.92,220.72,220.74,74718
528,2024-08-19 08:48:00,1724082480,220.74,220.85,220.63,220.81,77224
529,2024-08-19 08:49:00,1724082540,220.8,220.86,220.65,220.83,58602
530,2024-08-19 08:50:00,1724082600,220.82,220.98,220.73,220.83,83352
531,2024-08-19 08:51:00,1724082660,220.83,220.97,220.81,220.9,58682
532,2024-08-19 08:52:00,1724082720,220.88,221.06,220.82,220.95,108395
533,2024-08-19 08:53:00,1724082780,220.96,221.06,220.88,220.93,75083
534,2024-08-19 08:54:00,1724082840,220.93,221.06,220.87,220.96,94675
535,2024-08-19 08:55:00,1724082900,221.03,221.19,220.88,220.94,125137
536,2024-08-19 08:56:00,1724082960,220.93,221.01,220.49,220.54,133774
537,2024-08-19 08:57:00,1724083020,220.55,220.66,220.26,220.27,183655
538,2024-08-19 08:58:00,1724083080,220.25,220.33,219.71,219.8,203345
539,2024-08-19 08:59:00,1724083140,219.85,220.04,219.84,220.0,93314
540,2024-08-19 09:00:00,1724083200,220.0,220.03,219.42,219.54,174422
541,2024-08-19 09:01:00,1724083260,219.52,219.66,219.52,219.61,63779
542,2024-08-19 09:02:00,1724083320,219.57,220.06,219.54,220.01,129503
543,2024-08-19 09:03:00,1724083380,220.03,220.19,220.01,220.17,98336
544,2024-08-19 09:04:00,1724083440,220.15,220.15,219.9,220.08,73273
545,2024-08-19 09:05:00,1724083500,220.07,220.19,220.03,220.14,50372
546,2024-08-19 09:06:00,1724083560,220.14,220.14,219.98,220.05,51543
547,2024-08-19 09:07:00,1724083620,220.03,220.13,220.02,220.09,36174
548,2024-08-19 09:08:00,1724083680,220.07,220.2,220.06,220.12,39185
549,2024-08-19 09:09:00,1724083740,220.11,220.35,220.07,220.33,67444
550,2024-08-19 09:10:00,1724083800,220.32,220.8,220.27,220.73,152202
551,2024-08-19 09:11:00,1724083860,220.7,220.79,220.61,220.78,79262
552,2024-08-19 09:12:00,1724083920,220.79,220.92,220.68,220.84,87125
553,2024-08-19 09:13:00,1724083980,220.84,220.92,220.77,220.8,61692
554,2024-08-19 09:14:00,1724084040,220.8,220.81,220.6,220.77,86899
555,2024-08-19 09:15:00,1724084100,220.77,221.01,220.76,221.0,104765
556,2024-08-19 09:16:00,1724084160,220.99,221.07,220.93,221.05,97026
557,2024-08-19 09:17:00,1724084220,221.07,221.37,220.97,221.24,157042
558,2024-08-19 09:18:00,1724084280,221.24,221.37,221.2,221.24,105637
559,2024-08-19 09:19:00,1724084340,221.21,221.25,221.0,221.05,91302
560,2024-08-19 09:20:00,1724084400,221.03,221.04,220.86,220.91,70179
561,2024-08-19 09:21:00,1724084460,220.91,220.91,220.73,220.81,71411
562,2024-08-19 09:22:00,1724084520,220.82,220.83,220.53,220.68,113764
563,2024-08-19 09:23:00,1724084580,220.7,220.78,220.54,220.7,65475
564,2024-08-19 09:24:00,1724084640,220.67,220.85,220.66,220.8,58583
565,2024-08-19 09:25:00,1724084700,220.79,221.12,220.73,221.0,104322
566,2024-08-19 09:26:00,1724084760,221.0,221.0,220.7,220.78,72081
567,2024-08-19 09:27:00,1724084820,220.78,220.85,220.72,220.72,36610
568,2024-08-19 09:28:00,1724084880,220.74,220.99,220.71,220.97,54149
569,2024-08-19 09:29:00,1724084940,220.96,221.05,220.88,220.94,50603
570,2024-08-19 09:30:00,1724085000,220.9,220.93,220.42,220.53,93114
571,2024-08-19 09:31:00,1724085060,220.52,220.57,220.41,220.53,78206
572,2024-08-19 09:32:00,1724085120,220.53,220.72,220.49,220.53,69970
573,2024-08-19 09:33:00,1724085180,220.53,220.58,220.46,220.46,46830
574,2024-08-19 09:34:00,1724085240,220.45,220.53,220.1,220.29,112073
575,2024-08-19 09:35:00,1724085300,220.32,220.48,220.3,220.43,63861
576,2024-08-19 09:36:00,1724085360,220.42,220.85,220.41,220.81,85929
577,2024-08-19 09:37:00,1724085420,220.8,220.9,220.77,220.77,57693
578,2024-08-19 09:38:00,1724085480,220.76,220.79,220.59,220.73,64397
579,2024-08-19 09:39:00,1724085540,220.74,220.88,220.72,220.76,44825
580,2024-08-19 09:40:00,1724085600,220.77,220.85,220.67,220.79,50303
581,2024-08-19 09:41:00,1724085660,220.83,220.98,220.81,220.9,85788
582,2024-08-19 09:42:00,1724085720,220.91,220.99,220.83,220.84,70488
583,2024-08-19 09:43:00,1724085780,220.86,221.01,220.77,220.93,68786
584,2024-08-19 09:44:00,1724085840,220.94,221.05,220.91,220.95,75673
585,2024-08-19 09:45:00,1724085900,220.93,221.0,220.81,220.92,55568
586,2024-08-19 09:46:00,1724085960,220.93,221.04,220.86,220.95,38788
587,2024-08-19 09:47:00,1724086020,220.94,221.04,220.88,220.93,60374
588,2024-08-19 09:48:00,1724086080,220.91,220.92,220.76,220.82,42976
589,2024-08-19 09:49:00,1724086140,220.83,220.91,220.8,220.83,37324
590,2024-08-19 09:50:00,1724086200,220.83,221.0,220.8,220.91,88736
591,2024-08-19 09:51:00,1724086260,220.92,221.3,220.89,221.29,140209
592,2024-08-19 09:52:00,1724086320,221.28,221.48,221.26,221.36,133803
593,2024-08-19 09:53:00,1724086380,221.36,221.63,221.34,221.6,160701
594,2024-08-19 09:54:00,1724086440,221.59,221.61,221.46,221.54,104985
595,2024-08-19 09:55:00,1724086500,221.53,221.57,221.2,221.4,127259
596,2024-08-19 09:56:00,1724086560,221.4,221.41,221.05,221.21,110853
597,2024-08-19 09:57:00,1724086620,221.2,221.26,220.96,221.03,66467
598,2024-08-19 09:58:00,1724086680,221.03,221.11,220.88,220.94,79100
599,2024-08-19 09:59:00,1724086740,220.92,221.13,220.84,221.1,76415
600,2024-08-19 10:00:00,1724086800,221.09,221.3,221.04,221.15,88063
601,2024-08-19 10:01:00,1724086860,221.17,221.25,221.13,221.21,65307
602,2024-08-19 10:02:00,1724086920,221.2,221.31,221.16,221.25,92445
603,2024-08-19 10:03:00,1724086980,221.25,221.37,221.21,221.35,41709
604,2024-08-19 10:04:00,1724087040,221.36,221.37,221.16,221.22,45904
605,2024-08-19 10:05:00,1724087100,221.23,221.26,221.08,221.12,47883
606,2024-08-19 10:06:00,1724087160,221.12,221.16,220.99,221.13,72543
607,2024-08-19 10:07:00,1724087220,221.12,221.24,221.06,221.17,56735
608,2024-08-19 10:08:00,1724087280,221.17,221.24,221.1,221.12,33475
609,2024-08-19 10:09:00,1724087340,221.13,221.15,221.08,221.11,24045
610,2024-08-19 10:10:00,1724087400,221.12,221.19,221.05,221.13,54332
611,2024-08-19 10:11:00,1724087460,221.13,221.24,220.65,220.69,131569
612,2024-08-19 10:12:00,1724087520,220.71,221.0,220.7,220.98,112922
613,2024-08-19 10:13:00,1724087580,220.93,220.98,220.66,220.74,83181
614,2024-08-19 10:14:00,1724087640,220.74,220.91,220.73,220.8,73295
615,2024-08-19 10:15:00,1724087700,220.8,220.82,220.56,220.68,89962
616,2024-08-19 10:16:00,1724087760,220.65,220.72,220.47,220.48,107092
617,2024-08-19 10:17:00,1724087820,220.47,220.63,220.44,220.57,59075
618,2024-08-19 10:18:00,1724087880,220.56,220.71,220.53,220.59,52563
619,2024-08-19 10:19:00,1724087940,220.6,220.63,220.45,220.59,46112
620,2024-08-19 10:20:00,1724088000,220.6,220.63,220.5,220.53,41812
621,2024-08-19 10:21:00,1724088060,220.52,220.75,220.52,220.72,50191
622,2024-08-19 10:22:00,1724088120,220.73,220.84,220.66,220.77,53949
623,2024-08-19 10:23:00,1724088180,220.78,220.81,220.7,220.72,52726
624,2024-08-19 10:24:00,1724088240,220.72,220.82,220.68,220.72,46942
625,2024-08-19 10:25:00,1724088300,220.75,220.79,220.69,220.74,30782
626,2024-08-19 10:26:00,1724088360,220.75,220.91,220.73,220.89,52079
627,2024-08-19 10:27:00,1724088420,220.91,221.07,220.83,221.04,104361
628,2024-08-19 10:28:00,1724088480,221.02,221.18,220.96,220.96,99686
629,2024-08-19 10:29:00,1724088540,220.97,220.97,220.7,220.83,68120
630,2024-08-19 10:30:00,1724088600,220.85,221.04,220.85,220.96,47326
631,2024-08-19 10:31:00,1724088660,220.96,220.96,220.57,220.68,79824
632,2024-08-19 10:32:00,1724088720,220.7,220.9,220.68,220.9,51986
633,2024-08-19 10:33:00,1724088780,220.9,220.95,220.82,220.85,53470
634,2024-08-19 10:34:00,1724088840,220.85,221.02,220.83,220.99,53920
635,2024-08-19 10:35:00,1724088900,220.99,221.23,220.94,221.2,82542
636,2024-08-19 10:36:00,1724088960,221.21,221.29,221.12,221.16,87194
637,2024-08-19 10:37:00,1724089020,221.17,221.23,221.07,221.15,71108
638,2024-08-19 10:38:00,1724089080,221.14,221.25,221.07,221.08,44290
639,2024-08-19 10:39:00,1724089140,221.08,221.16,221.04,221.08,41390
640,2024-08-19 10:40:00,1724089200,221.11,221.17,221.06,221.12,36509
641,2024-08-19 10:41:00,1724089260,221.14,221.25,221.11,221.13,53123
642,2024-08-19 10:42:00,1724089320,221.14,221.14,220.9,220.99,87669
643,2024-08-19 10:43:00,1724089380,220.96,221.04,220.92,220.93,35043
644,2024-08-19 10:44:00,1724089440,220.95,220.96,220.84,220.93,39281
645,2024-08-19 10:45:00,1724089500,220.92,221.04,220.88,221.03,44298
646,2024-08-19 10:46:00,1724089560,221.03,221.2,221.01,221.11,79265
647,2024-08-19 10:47:00,1724089620,221.11,221.24,220.93,220.98,67489
648,2024-08-19 10:48:00,1724089680,220.99,221.04,220.96,221.03,25913
649,2024-08-19 10:49:00,1724089740,221.02,221.09,220.99,221.04,29745
650,2024-08-19 10:50:00,1724089800,221.05,221.1,220.9,220.92,45489
651,2024-08-19 10:51:00,1724089860,220.91,221.03,220.91,221.02,27954
652,2024-08-19 10:52:00,1724089920,221.03,221.12,221.0,221.03,70895
653,2024-08-19 10:53:00,1724089980,221.04,221.08,220.96,221.07,64242
654,2024-08-19 10:54:00,1724090040,221.09,221.19,221.06,221.13,48296
655,2024-08-19 10:55:00,1724090100,221.12,221.27,221.07,221.22,75576
656,2024-08-19 10:56:00,1724090160,221.21,221.22,221.04,221.07,87725
657,2024-08-19 10:57:00,1724090220,221.08,221.08,220.96,220.99,55646
658,2024-08-19 10:58:00,1724090280,220.99,221.02,220.88,220.89,63627
659,2024-08-19 10:59:00,1724090340,220.89,220.99,220.83,220.95,45945
660,2024-08-19 11:00:00,1724090400,220.97,221.0,220.88,220.97,41202
661,2024-08-19 11:01:00,1724090460,220.95,221.0,220.67,220.71,100713
662,2024-08-19 11:02:00,1724090520,220.69,220.79,220.6,220.69,58446
663,2024-08-19 11:03:00,1724090580,220.68,220.78,220.63,220.68,52863
664,2024-08-19 11:04:00,1724090640,220.67,220.81,220.52,220.75,84536
665,2024-08-19 11:05:00,1724090700,220.75,220.81,220.63,220.66,41705
666,2024-08-19 11:06:00,1724090760,220.62,220.7,220.45,220.51,70299
667,2024-08-19 11:07:00,1724090820,220.51,220.65,220.4,220.64,85551
668,2024-08-19 11:08:00,1724090880,220.62,220.64,220.52,220.53,34571
669,2024-08-19 11:09:00,1724090940,220.53,220.67,220.5,220.57,55721
670,2024-08-19 11:10:00,1724091000,220.57,220.63,220.47,220.57,44134
671,2024-08-19 11:11:00,1724091060,220.6,220.67,220.52,220.55,36671
672,2024-08-19 11:12:00,1724091120,220.54,220.64,220.53,220.62,26033
673,2024-08-19 11:13:00,1724091180,220.65,220.72,220.62,220.68,52562
674,2024-08-19 11:14:00,1724091240,220.68,220.75,220.66,220.73,46714
675,2024-08-19 11:15:00,1724091300,220.71,220.75,220.65,220.73,29313
676,2024-08-19 11:16:00,1724091360,220.73,220.76,220.7,220.7,33862
677,2024-08-19 11:17:00,1724091420,220.69,220.76,220.65,220.71,38182
678,2024-08-19 11:18:00,1724091480,220.72,220.9,220.66,220.87,85689
679,2024-08-19 11:19:00,1724091540,220.86,221.0,220.85,220.96,82608
680,2024-08-19 11:20:00,1724091600,220.97,220.97,220.78,220.79,66429
681,2024-08-19 11:21:00,1724091660,220.81,220.95,220.79,220.92,45995
682,2024-08-19 11:22:00,1724091720,220.93,220.97,220.85,220.9,31763
683,2024-08-19 11:23:00,1724091780,220.9,220.93,220.75,220.9,48958
684,2024-08-19 11:24:00,1724091840,220.91,220.99,220.89,220.93,37192
685,2024-08-19 11:25:00,1724091900,220.93,221.09,220.91,221.09,59827
686,2024-08-19 11:26:00,1724091960,221.09,221.13,221.01,221.04,52996
687,2024-08-19 11:27:00,1724092020,221.04,221.15,221.0,221.13,33837
688,2024-08-19 11:28:00,1724092080,221.13,221.26,221.12,221.25,74420
689,2024-08-19 11:29:00,1724092140,221.26,221.39,221.22,221.37,91323
690,2024-08-19 11:30:00,1724092200,221.38,221.38,221.31,221.35,41880
691,2024-08-19 11:31:00,1724092260,221.33,221.47,221.32,221.44,96978
692,2024-08-19 11:32:00,1724092320,221.44,221.59,221.42,221.58,126041
693,2024-08-19 11:33:00,1724092380,221.59,221.79,221.55,221.75,135261
694,2024-08-19 11:34:00,1724092440,221.73,221.81,221.58,221.78,99846
695,2024-08-19 11:35:00,1724092500,221.8,221.81,221.61,221.72,86915
696,2024-08-19 11:36:00,1724092560,221.74,221.98,221.72,221.95,114797
697,2024-08-19 11:37:00,1724092620,221.94,221.97,221.63,221.68,95275
698,2024-08-19 11:38:00,1724092680,221.68,221.86,221.6,221.76,101965
699,2024-08-19 11:39:00,1724092740,221.76,221.8,221.67,221.7,51744
700,2024-08-19 11:40:00,1724092800,221.7,222.01,221.67,221.94,220306
701,2024-08-19 11:41:00,1724092860,221.94,221.99,221.82,221.92,79661
702,2024-08-19 11:42:00,1724092920,221.92,222.19,221.92,222.1,141216
703,2024-08-19 11:43:00,1724092980,222.1,222.27,222.08,222.2,118367
704,2024-08-19 11:44:00,1724093040,222.22,222.37,222.2,222.34,126201
705,2024-08-19 11:45:00,1724093100,222.31,222.42,222.23,222.35,126798
706,2024-08-19 11:46:00,1724093160,222.37,222.57,222.3,222.54,158578
707,2024-08-19 11:47:00,1724093220,222.55,222.63,222.44,222.59,113658
708,2024-08-19 11:48:00,1724093280,222.59,222.81,222.58,222.75,179391
709,2024-08-19 11:49:00,1724093340,222.75,222.76,222.63,222.73,90364
710,2024-08-19 11:50:00,1724093400,222.74,222.92,222.72,222.86,113981
711,2024-08-19 11:51:00,1724093460,222.85,222.86,222.62,222.75,120611
712,2024-08-19 11:52:00,1724093520,222.74,222.91,222.7,222.84,103094
713,2024-08-19 11:53:00,1724093580,222.85,222.87,222.41,222.46,146993
714,2024-08-19 11:54:00,1724093640,222.44,222.64,222.32,222.59,118257
715,2024-08-19 11:55:00,1724093700,222.59,222.59,222.44,222.51,81118
716,2024-08-19 11:56:00,1724093760,222.52,222.52,222.25,222.26,112483
717,2024-08-19 11:57:00,1724093820,222.27,222.47,222.26,222.43,87826
718,2024-08-19 11:58:00,1724093880,222.42,222.45,222.38,222.44,69241
719,2024-08-19 11:59:00,1724093940,222.43,222.44,222.27,222.29,61256
720,2024-08-19 12:00:00,1724094000,222.31,222.34,222.1,222.34,143121
721,2024-08-19 12:01:00,1724094060,222.34,222.45,222.09,222.17,149110
722,2024-08-19 12:02:00,1724094120,222.16,222.17,221.93,222.08,158682
723,2024-08-19 12:03:00,1724094180,222.08,222.3,222.0,222.05,115946
724,2024-08-19 12:04:00,1724094240,222.05,222.12,221.96,222.12,69421
725,2024-08-19 12:05:00,1724094300,222.11,222.18,222.0,222.02,66235
726,2024-08-19 12:06:00,1724094360,222.03,222.09,221.84,221.97,145063
727,2024-08-19 12:07:00,1724094420,221.95,222.0,221.84,221.88,85779
728,2024-08-19 12:08:00,1724094480,221.88,222.0,221.86,221.93,105289
729,2024-08-19 12:09:00,1724094540,221.93,222.0,221.88,221.97,61200
730,2024-08-19 12:10:00,1724094600,221.94,222.0,221.88,221.98,62234
731,2024-08-19 12:11:00,1724094660,221.97,222.01,221.88,222.0,121310
732,2024-08-19 12:12:00,1724094720,222.0,222.0,221.86,221.92,110468
733,2024-08-19 12:13:00,1724094780,221.92,222.31,221.92,222.29,183654
734,2024-08-19 12:14:00,1724094840,222.28,222.33,222.13,222.2,98718
735,2024-08-19 12:15:00,1724094900,222.21,222.27,221.95,222.0,110711
736,2024-08-19 12:16:00,1724094960,222.0,222.01,221.92,221.94,66351
737,2024-08-19 12:17:00,1724095020,221.92,222.0,221.86,222.0,50950
738,2024-08-19 12:18:00,1724095080,221.99,222.19,221.97,222.08,72108
739,2024-08-19 12:19:00,1724095140,222.07,222.37,222.06,222.37,117030
740,2024-08-19 12:20:00,1724095200,222.37,222.37,222.15,222.26,85578
741,2024-08-19 12:21:00,1724095260,222.25,222.33,222.23,222.27,53514
742,2024-08-19 12:22:00,1724095320,222.28,222.31,222.2,222.31,78248
743,2024-08-19 12:23:00,1724095380,222.28,222.51,222.26,222.47,140181
744,2024-08-19 12:24:00,1724095440,222.48,222.59,222.39,222.51,116167
745,2024-08-19 12:25:00,1724095500,222.5,222.65,222.47,222.64,90073
746,2024-08-19 12:26:00,1724095560,222.64,222.78,222.54,222.55,102115
747,2024-08-19 12:27:00,1724095620,222.55,222.7,222.54,222.67,69867
748,2024-08-19 12:28:00,1724095680,222.67,222.78,222.65,222.75,61501
749,2024-08-19 12:29:00,1724095740,222.76,222.9,222.74,222.87,86439
750,2024-08-19 12:30:00,1724095800,222.88,222.98,222.74,222.97,120966
751,2024-08-19 12:31:00,1724095860,222.97,222.97,222.82,222.89,85727
752,2024-08-19 12:32:00,1724095920,222.88,222.88,222.78,222.86,43986
753,2024-08-19 12:33:00,1724095980,222.87,222.88,222.73,222.81,81194
754,2024-08-19 12:34:00,1724096040,222.81,222.93,222.74,222.77,91274
755,2024-08-19 12:35:00,1724096100,222.77,222.84,222.62,222.8,106548
756,2024-08-19 12:36:00,1724096160,222.81,222.88,222.75,222.81,76499
757,2024-08-19 12:37:00,1724096220,222.83,222.87,222.71,222.86,56469
758,2024-08-19 12:38:00,1724096280,222.84,222.87,222.65,222.67,83788
759,2024-08-19 12:39:00,1724096340,222.65,222.76,222.6,222.73,92262
760,2024-08-19 12:40:00,1724096400,222.71,222.8,222.69,222.77,60536
761,2024-08-19 12:41:00,1724096460,222.77,222.91,222.69,222.86,128564
762,2024-08-19 12:42:00,1724096520,222.87,222.94,222.82,222.94,60112
763,2024-08-19 12:43:00,1724096580,222.93,222.98,222.73,222.74,93259
764,2024-08-19 12:44:00,1724096640,222.74,222.79,222.63,222.68,104882
765,2024-08-19 12:45:00,1724096700,222.65,222.67,222.41,222.55,144287
766,2024-08-19 12:46:00,1724096760,222.57,222.61,222.35,222.47,111935
767,2024-08-19 12:47:00,1724096820,222.47,222.63,222.46,222.59,78481
768,2024-08-19 12:48:00,1724096880,222.6,222.65,222.52,222.54,81118
769,2024-08-19 12:49:00,1724096940,222.55,222.56,222.32,222.42,125415
770,2024-08-19 12:50:00,1724097000,222.42,222.61,222.36,222.57,99886
771,2024-08-19 12:51:00,1724097060,222.57,222.74,222.53,222.58,115973
772,2024-08-19 12:52:00,1724097120,222.59,222.61,222.3,222.51,140010
773,2024-08-19 12:53:00,1724097180,222.54,222.68,222.48,222.67,99531
774,2024-08-19 12:54:00,1724097240,222.67,222.74,222.21,222.73,215403
775,2024-08-19 12:55:00,1724097300,222.69,222.71,222.31,222.57,140111
776,2024-08-19 12:56:00,1724097360,222.56,222.68,222.34,222.65,145636
777,2024-08-19 12:57:00,1724097420,222.65,222.71,222.55,222.66,133384
778,2024-08-19 12:58:00,1724097480,222.67,222.8,222.59,222.8,175079
779,2024-08-19 12:59:00,1724097540,222.79,222.88,222.66,222.84,368433
780,2024-08-20 06:30:00,1724160600,224.9,226.25,224.73,225.6,991828
781,2024-08-20 06:31:00,1724160660,225.62,227.26,225.57,227.12,667444
782,2024-08-20 06:32:00,1724160720,227.13,228.1,226.78,228.03,764289
783,2024-08-20 06:33:00,1724160780,228.07,228.22,227.22,227.37,572743
784,2024-08-20 06:34:00,1724160840,227.36,227.51,226.37,227.16,496476
785,2024-08-20 06:35:00,1724160900,227.19,227.75,226.37,226.51,522922
786,2024-08-20 06:36:00,1724160960,226.43,226.68,225.08,225.56,685145
787,2024-08-20 06:37:00,1724161020,225.56,225.65,224.55,225.13,608495
788,2024-08-20 06:38:00,1724161080,225.18,226.09,224.9,225.03,492812
789,2024-08-20 06:39:00,1724161140,225.07,225.59,224.66,224.96,396817
790,2024-08-20 06:40:00,1724161200,224.98,225.7,224.7,224.79,427891
791,2024-08-20 06:41:00,1724161260,224.81,225.46,224.68,225.02,335390
792,2024-08-20 06:42:00,1724161320,225.03,226.27,224.9,225.38,530793
793,2024-08-20 06:43:00,1724161380,225.38,225.67,225.0,225.38,346335
794,2024-08-20 06:44:00,1724161440,225.37,226.66,225.37,226.24,506262
795,2024-08-20 06:45:00,1724161500,226.24,226.5,225.56,225.95,446056
796,2024-08-20 06:46:00,1724161560,225.92,226.28,225.76,225.97,267123
797,2024-08-20 06:47:00,1724161620,225.97,226.72,225.97,226.34,288463
798,2024-08-20 06:48:00,1724161680,226.34,226.77,226.13,226.4,297598
799,2024-08-20 06:49:00,1724161740,226.4,226.4,225.45,225.56,322271
800,2024-08-20 06:50:00,1724161800,225.58,226.22,225.23,225.97,350578
801,2024-08-20 06:51:00,1724161860,225.95,225.97,224.58,224.73,558759
802,2024-08-20 06:52:00,1724161920,224.7,225.67,224.7,225.51,366893
803,2024-08-20 06:53:00,1724161980,225.54,225.9,225.32,225.6,311363
804,2024-08-20 06:54:00,1724162040,225.65,226.45,225.63,226.28,436990
805,2024-08-20 06:55:00,1724162100,226.31,226.77,225.93,226.09,464431
806,2024-08-20 06:56:00,1724162160,226.08,226.54,226.03,226.05,251258
807,2024-08-20 06:57:00,1724162220,226.06,226.39,226.0,226.37,197606
808,2024-08-20 06:58:00,1724162280,226.36,226.48,225.73,225.77,247507
809,2024-08-20 06:59:00,1724162340,225.74,225.83,225.29,225.4,274522
810,2024-08-20 07:00:00,1724162400,225.43,225.49,224.2,224.46,478927
811,2024-08-20 07:01:00,1724162460,224.43,224.46,223.18,223.47,619068
812,2024-08-20 07:02:00,1724162520,223.44,224.15,223.43,223.89,414532
813,2024-08-20 07:03:00,1724162580,223.84,224.17,223.66,223.81,327815
814,2024-08-20 07:04:00,1724162640,223.8,224.16,223.69,223.88,238972
815,2024-08-20 07:05:00,1724162700,223.87,223.91,223.11,223.23,380332
816,2024-08-20 07:06:00,1724162760,223.23,223.64,222.91,223.39,381939
817,2024-08-20 07:07:00,1724162820,223.38,223.47,223.05,223.24,205906
818,2024-08-20 07:08:00,1724162880,223.24,223.45,222.92,223.32,315631
819,2024-08-20 07:09:00,1724162940,223.34,223.66,223.08,223.49,315537
820,2024-08-20 07:10:00,1724163000,223.46,223.5,222.92,223.33,256599
821,2024-08-20 07:11:00,1724163060,223.29,223.34,222.42,222.49,419689
822,2024-08-20 07:12:00,1724163120,222.48,222.62,221.63,221.66,551323
823,2024-08-20 07:13:00,1724163180,221.69,221.86,221.51,221.79,351765
824,2024-08-20 07:14:00,1724163240,221.81,222.38,221.52,222.15,396423
825,2024-08-20 07:15:00,1724163300,222.13,222.59,222.07,222.49,325708
826,2024-08-20 07:16:00,1724163360,222.52,222.75,222.25,222.53,258803
827,2024-08-20 07:17:00,1724163420,222.55,222.59,221.9,222.33,300039
828,2024-08-20 07:18:00,1724163480,222.29,222.84,222.23,222.74,287662
829,2024-08-20 07:19:00,1724163540,222.75,223.04,222.73,222.91,284597
830,2024-08-20 07:20:00,1724163600,222.91,222.97,222.59,222.64,185318
831,2024-08-20 07:21:00,1724163660,222.6,223.5,222.57,223.44,320800
832,2024-08-20 07:22:00,1724163720,223.43,223.69,223.32,223.35,306823
833,2024-08-20 07:23:00,1724163780,223.35,223.36,222.85,223.11,220349
834,2024-08-20 07:24:00,1724163840,223.14,223.4,222.97,223.15,212147
835,2024-08-20 07:25:00,1724163900,223.13,223.14,222.33,222.34,269311
836,2024-08-20 07:26:00,1724163960,222.35,222.36,221.88,222.16,251956
837,2024-08-20 07:27:00,1724164020,222.14,222.35,221.9,221.96,189685
838,2024-08-20 07:28:00,1724164080,221.94,221.96,221.2,221.36,334069
839,2024-08-20 07:29:00,1724164140,221.38,222.11,221.34,221.81,291532
840,2024-08-20 07:30:00,1724164200,221.81,222.24,221.76,221.77,185893
841,2024-08-20 07:31:00,1724164260,221.79,221.89,221.5,221.52,151289
842,2024-08-20 07:32:00,1724164320,221.5,221.93,221.4,221.63,181772
843,2024-08-20 07:33:00,1724164380,221.64,221.8,221.54,221.71,105546
844,2024-08-20 07:34:00,1724164440,221.7,222.4,221.69,222.29,219093
845,2024-08-20 07:35:00,1724164500,222.29,222.31,221.54,221.73,203865
846,2024-08-20 07:36:00,1724164560,221.78,221.82,220.45,220.46,455307
847,2024-08-20 07:37:00,1724164620,220.48,220.87,220.4,220.45,273909
848,2024-08-20 07:38:00,1724164680,220.45,220.49,220.02,220.03,288294
849,2024-08-20 07:39:00,1724164740,220.03,220.16,219.74,219.79,496559
850,2024-08-20 07:40:00,1724164800,219.82,220.53,219.82,220.45,354070
851,2024-08-20 07:41:00,1724164860,220.46,220.53,220.09,220.33,214660
852,2024-08-20 07:42:00,1724164920,220.31,220.38,219.77,219.81,178176
853,2024-08-20 07:43:00,1724164980,219.79,220.07,219.66,219.89,220601
854,2024-08-20 07:44:00,1724165040,219.85,219.95,219.56,219.61,200137
855,2024-08-20 07:45:00,1724165100,219.61,220.25,219.59,220.18,259691
856,2024-08-20 07:46:00,1724165160,220.18,220.6,220.07,220.47,228089
857,2024-08-20 07:47:00,1724165220,220.48,220.7,220.34,220.63,194112
858,2024-08-20 07:48:00,1724165280,220.61,221.2,220.55,220.91,275819
859,2024-08-20 07:49:00,1724165340,220.96,221.06,220.81,220.93,115968
860,2024-08-20 07:50:00,1724165400,220.93,221.0,220.64,220.72,156957
861,2024-08-20 07:51:00,1724165460,220.72,221.08,220.7,220.82,139015
862,2024-08-20 07:52:00,1724165520,220.8,221.2,220.61,221.05,231626
863,2024-08-20 07:53:00,1724165580,221.09,221.41,221.03,221.17,228322
864,2024-08-20 07:54:00,1724165640,221.14,221.48,221.0,221.34,155287
865,2024-08-20 07:55:00,1724165700,221.32,221.35,220.82,220.91,170480
866,2024-08-20 07:56:00,1724165760,220.89,220.93,220.23,220.42,223592
867,2024-08-20 07:57:00,1724165820,220.38,220.49,220.13,220.4,132746
868,2024-08-20 07:58:00,1724165880,220.45,221.1,220.44,220.72,197504
869,2024-08-20 07:59:00,1724165940,220.71,220.98,220.6,220.8,95312
870,2024-08-20 08:00:00,1724166000,220.82,221.21,220.73,221.19,112428
871,2024-08-20 08:01:00,1724166060,221.2,221.22,220.84,221.05,118053
872,2024-08-20 08:02:00,1724166120,221.09,221.46,221.08,221.4,129778
873,2024-08-20 08:03:00,1724166180,221.36,221.6,221.14,221.35,182864
874,2024-08-20 08:04:00,1724166240,221.34,221.35,220.89,220.93,124373
875,2024-08-20 08:05:00,1724166300,220.96,221.18,220.7,221.05,133417
876,2024-08-20 08:06:00,1724166360,221.04,221.68,221.03,221.35,149067
877,2024-08-20 08:07:00,1724166420,221.37,221.38,221.02,221.3,84308
878,2024-08-20 08:08:00,1724166480,221.27,221.48,221.07,221.36,81302
879,2024-08-20 08:09:00,1724166540,221.38,221.52,221.17,221.46,107776
880,2024-08-20 08:10:00,1724166600,221.47,221.52,221.15,221.19,75740
881,2024-08-20 08:11:00,1724166660,221.19,221.55,221.18,221.31,89643
882,2024-08-20 08:12:00,1724166720,221.35,221.85,221.31,221.53,132484
883,2024-08-20 08:13:00,1724166780,221.5,222.1,221.41,221.93,184112
884,2024-08-20 08:14:00,1724166840,221.94,221.97,221.61,221.62,108974
885,2024-08-20 08:15:00,1724166900,221.63,222.0,221.62,221.89,109887
886,2024-08-20 08:16:00,1724166960,221.87,222.15,221.83,222.03,114378
887,2024-08-20 08:17:00,1724167020,222.01,222.43,222.01,222.41,230938
888,2024-08-20 08:18:00,1724167080,222.39,222.55,222.31,222.32,180943
889,2024-08-20 08:19:00,1724167140,222.35,222.51,222.23,222.44,142524
890,2024-08-20 08:20:00,1724167200,222.45,222.54,222.32,222.51,113768
891,2024-08-20 08:21:00,1724167260,222.48,222.48,222.2,222.23,129301
892,2024-08-20 08:22:00,1724167320,222.23,222.28,222.01,222.16,118846
893,2024-08-20 08:23:00,1724167380,222.14,222.34,222.02,222.34,75870
894,2024-08-20 08:24:00,1724167440,222.33,222.69,222.21,222.5,178479
895,2024-08-20 08:25:00,1724167500,222.53,222.61,222.29,222.35,100704
896,2024-08-20 08:26:00,1724167560,222.37,222.42,222.04,222.15,90723
897,2024-08-20 08:27:00,1724167620,222.15,222.37,221.83,221.85,205108
898,2024-08-20 08:28:00,1724167680,221.85,221.86,221.42,221.61,180645
899,2024-08-20 08:29:00,1724167740,221.61,221.78,221.35,221.41,125339
900,2024-08-20 08:30:00,1724167800,221.37,221.84,221.37,221.73,110897
901,2024-08-20 08:31:00,1724167860,221.73,222.08,221.65,222.03,131948
902,2024-08-20 08:32:00,1724167920,222.06,222.1,221.71,221.81,73141
903,2024-08-20 08:33:00,1724167980,221.8,221.89,221.62,221.71,64506
904,2024-08-20 08:34:00,1724168040,221.73,221.88,221.54,221.81,95005
905,2024-08-20 08:35:00,1724168100,221.81,222.0,221.67,221.97,69886
906,2024-08-20 08:36:00,1724168160,221.95,222.0,221.71,221.93,64590
907,2024-08-20 08:37:00,1724168220,221.95,222.3,221.93,222.28,147064
908,2024-08-20 08:38:00,1724168280,222.28,222.5,222.23,222.34,133923
909,2024-08-20 08:39:00,1724168340,222.38,222.4,222.09,222.12,86277
910,2024-08-20 08:40:00,1724168400,222.14,222.26,222.12,222.18,64665
911,2024-08-20 08:41:00,1724168460,222.18,222.26,221.8,221.86,103810
912,2024-08-20 08:42:00,1724168520,221.83,221.95,221.66,221.74,87641
913,2024-08-20 08:43:00,1724168580,221.75,221.75,221.08,221.15,181874
914,2024-08-20 08:44:00,1724168640,221.14,221.36,221.01,221.28,104796
915,2024-08-20 08:45:00,1724168700,221.28,221.45,221.05,221.36,121295
916,2024-08-20 08:46:00,1724168760,221.36,221.45,221.27,221.35,61589
917,2024-08-20 08:47:00,1724168820,221.41,221.6,221.41,221.45,89019
918,2024-08-20 08:48:00,1724168880,221.43,221.49,221.14,221.42,93402
919,2024-08-20 08:49:00,1724168940,221.43,221.56,221.34,221.42,73057
920,2024-08-20 08:50:00,1724169000,221.41,221.57,221.34,221.4,59631
921,2024-08-20 08:51:00,1724169060,221.38,221.53,221.23,221.53,55340
922,2024-08-20 08:52:00,1724169120,221.51,221.87,221.38,221.85,116687
923,2024-08-20 08:53:00,1724169180,221.88,222.08,221.79,222.0,124558
924,2024-08-20 08:54:00,1724169240,222.0,222.26,221.99,222.23,105898
925,2024-08-20 08:55:00,1724169300,222.23,222.33,222.06,222.18,110046
926,2024-08-20 08:56:00,1724169360,222.18,222.4,222.09,222.39,126687
927,2024-08-20 08:57:00,1724169420,222.4,222.68,222.27,222.58,167612
928,2024-08-20 08:58:00,1724169480,222.57,223.19,222.5,223.18,227954
929,2024-08-20 08:59:00,1724169540,223.18,223.19,222.96,223.18,177185
930,2024-08-20 09:00:00,1724169600,223.18,223.41,223.11,223.26,194770
931,2024-08-20 09:01:00,1724169660,223.28,223.38,222.9,222.96,180490
932,2024-08-20 09:02:00,1724169720,222.98,223.12,222.86,223.1,115059
933,2024-08-20 09:03:00,1724169780,223.11,223.12,222.84,223.05,75712
934,2024-08-20 09:04:00,1724169840,223.05,223.37,223.02,223.31,164489
935,2024-08-20 09:05:00,1724169900,223.29,223.32,223.15,223.25,70251
936,2024-08-20 09:06:00,1724169960,223.25,223.3,223.06,223.2,76289
937,2024-08-20 09:07:00,1724170020,223.22,223.31,223.14,223.26,46834
938,2024-08-20 09:08:00,1724170080,223.21,223.25,223.04,223.06,53716
939,2024-08-20 09:09:00,1724170140,223.05,223.24,223.03,223.15,64931
940,2024-08-20 09:10:00,1724170200,223.16,223.22,223.04,223.07,68853
941,2024-08-20 09:11:00,1724170260,223.07,223.09,222.92,223.06,93310
942,2024-08-20 09:12:00,1724170320,223.06,223.22,223.02,223.05,70622
943,2024-08-20 09:13:00,1724170380,223.07,223.16,222.91,223.13,57710
944,2024-08-20 09:14:00,1724170440,223.15,223.18,223.06,223.09,42847
945,2024-08-20 09:15:00,1724170500,223.09,223.11,222.87,222.94,91735
946,2024-08-20 09:16:00,1724170560,222.92,222.92,222.62,222.66,123520
947,2024-08-20 09:17:00,1724170620,222.67,222.88,222.57,222.68,64237
948,2024-08-20 09:18:00,1724170680,222.67,222.96,222.65,222.88,93932
949,2024-08-20 09:19:00,1724170740,222.88,222.95,222.66,222.69,74421
950,2024-08-20 09:20:00,1724170800,222.68,222.88,222.6,222.88,67131
951,2024-08-20 09:21:00,1724170860,222.88,222.89,222.68,222.83,66288
952,2024-08-20 09:22:00,1724170920,222.82,222.82,222.67,222.71,57950
953,2024-08-20 09:23:00,1724170980,222.71,222.94,222.52,222.57,134209
954,2024-08-20 09:24:00,1724171040,222.57,222.73,222.46,222.68,80474
955,2024-08-20 09:25:00,1724171100,222.69,222.89,222.65,222.76,92286
956,2024-08-20 09:26:00,1724171160,222.78,222.94,222.64,222.73,86950
957,2024-08-20 09:27:00,1724171220,222.73,222.73,222.39,222.49,101589
958,2024-08-20 09:28:00,1724171280,222.5,222.6,222.29,222.31,78832
959,2024-08-20 09:29:00,1724171340,222.3,222.52,222.29,222.41,61970
960,2024-08-20 09:30:00,1724171400,222.43,222.7,222.36,222.65,108724
961,2024-08-20 09:31:00,1724171460,222.64,222.7,222.47,222.56,44097
962,2024-08-20 09:32:00,1724171520,222.54,222.6,222.28,222.32,53001
963,2024-08-20 09:33:00,1724171580,222.33,222.47,222.3,222.43,48617
964,2024-08-20 09:34:00,1724171640,222.44,222.51,222.34,222.44,45708
965,2024-08-20 09:35:00,1724171700,222.41,222.43,222.01,222.03,88723
966,2024-08-20 09:36:00,1724171760,222.03,222.16,221.94,222.0,79851
967,2024-08-20 09:37:00,1724171820,221.99,222.22,221.94,222.13,86300
968,2024-08-20 09:38:00,1724171880,222.06,222.39,222.04,222.25,67958
969,2024-08-20 09:39:00,1724171940,222.28,222.36,222.22,222.26,49825
970,2024-08-20 09:40:00,1724172000,222.24,222.34,222.2,222.21,46530
971,2024-08-20 09:41:00,1724172060,222.23,222.25,222.12,222.22,46216
972,2024-08-20 09:42:00,1724172120,222.21,222.48,222.19,222.27,95176
973,2024-08-20 09:43:00,1724172180,222.3,222.45,222.3,222.44,53282
974,2024-08-20 09:44:00,1724172240,222.42,222.71,222.38,222.56,131384
975,2024-08-20 09:45:00,1724172300,222.53,222.74,222.51,222.74,121393
976,2024-08-20 09:46:00,1724172360,222.73,222.99,222.68,222.8,188807
977,2024-08-20 09:47:00,1724172420,222.76,223.44,222.76,223.43,347695
978,2024-08-20 09:48:00,1724172480,223.43,223.43,223.12,223.17,106900
979,2024-08-20 09:49:00,1724172540,223.17,223.29,223.09,223.09,77702
980,2024-08-20 09:50:00,1724172600,223.11,223.23,222.64,222.83,262712
981,2024-08-20 09:51:00,1724172660,222.83,222.83,222.3,222.31,136666
982,2024-08-20 09:52:00,1724172720,222.34,222.5,221.98,222.02,152965
983,2024-08-20 09:53:00,1724172780,222.06,222.11,221.8,221.81,122601
984,2024-08-20 09:54:00,1724172840,221.8,221.83,221.13,221.34,208751
985,2024-08-20 09:55:00,1724172900,221.29,221.43,221.03,221.08,100510
986,2024-08-20 09:56:00,1724172960,221.05,221.2,220.82,220.95,135678
987,2024-08-20 09:57:00,1724173020,220.96,221.07,220.89,220.95,90648
988,2024-08-20 09:58:00,1724173080,220.97,221.0,220.8,220.8,90246
989,2024-08-20 09:59:00,1724173140,220.83,221.09,220.81,220.94,73316
990,2024-08-20 10:00:00,1724173200,220.94,220.94,220.21,220.29,198484
991,2024-08-20 10:01:00,1724173260,220.27,220.72,220.07,220.45,146303
992,2024-08-20 10:02:00,1724173320,220.44,220.54,220.28,220.51,78659
993,2024-08-20 10:03:00,1724173380,220.52,220.63,220.42,220.46,77447
994,2024-08-20 10:04:00,1724173440,220.49,220.74,220.41,220.64,62174
995,2024-08-20 10:05:00,1724173500,220.65,220.7,220.47,220.52,49852
996,2024-08-20 10:06:00,1724173560,220.51,220.75,220.49,220.66,66064
997,2024-08-20 10:07:00,1724173620,220.67,220.78,220.54,220.66,83731
998,2024-08-20 10:08:00,1724173680,220.67,220.71,220.5,220.55,57721
999,2024-08-20 10:09:00,1724173740,220.55,220.74,220.53,220.71,64662
1000,2024-08-20 10:10:00,1724173800,220.73,220.95,220.66,220.68,122996
1001,2024-08-20 10:11:00,1724173860,220.69,220.78,220.54,220.6,43520
1002,2024-08-20 10:12:00,1724173920,220.58,220.78,220.54,220.72,70000
1003,2024-08-20 10:13:00,1724173980,220.73,220.88,220.67,220.7,66300
1004,2024-08-20 10:14:00,1724174040,220.69,220.72,220.51,220.67,75740
1005,2024-08-20 10:15:00,1724174100,220.65,220.7,220.45,220.62,50716
1006,2024-08-20 10:16:00,1724174160,220.61,220.69,220.54,220.55,26985
1007,2024-08-20 10:17:00,1724174220,220.56,220.95,220.55,220.84,107248
1008,2024-08-20 10:18:00,1724174280,220.85,220.99,220.71,220.72,64698
1009,2024-08-20 10:19:00,1724174340,220.7,220.7,220.56,220.59,67328
1010,2024-08-20 10:20:00,1724174400,220.58,220.59,220.2,220.27,110610
1011,2024-08-20 10:21:00,1724174460,220.25,220.43,220.25,220.37,52700
1012,2024-08-20 10:22:00,1724174520,220.38,220.58,220.36,220.52,65714
1013,2024-08-20 10:23:00,1724174580,220.52,220.8,220.52,220.67,74270
1014,2024-08-20 10:24:00,1724174640,220.65,220.82,220.61,220.74,38613
1015,2024-08-20 10:25:00,1724174700,220.73,220.89,220.7,220.86,57402
1016,2024-08-20 10:26:00,1724174760,220.88,220.98,220.8,220.86,56418
1017,2024-08-20 10:27:00,1724174820,220.84,221.16,220.83,221.12,95600
1018,2024-08-20 10:28:00,1724174880,221.11,221.24,221.02,221.07,111090
1019,2024-08-20 10:29:00,1724174940,221.05,221.2,221.0,221.02,66995
1020,2024-08-20 10:30:00,1724175000,221.04,221.1,220.9,221.04,66116
1021,2024-08-20 10:31:00,1724175060,221.04,221.3,220.94,221.29,95128
1022,2024-08-20 10:32:00,1724175120,221.27,221.45,221.22,221.35,81170
1023,2024-08-20 10:33:00,1724175180,221.37,221.45,221.15,221.18,71443
1024,2024-08-20 10:34:00,1724175240,221.16,221.32,221.09,221.24,61006
1025,2024-08-20 10:35:00,1724175300,221.27,221.36,221.18,221.28,83581
1026,2024-08-20 10:36:00,1724175360,221.28,221.34,220.84,220.92,120059
1027,2024-08-20 10:37:00,1724175420,220.91,221.04,220.77,220.99,80505
1028,2024-08-20 10:38:00,1724175480,220.98,221.16,220.94,221.11,80637
1029,2024-08-20 10:39:00,1724175540,221.13,221.24,221.12,221.12,47812
1030,2024-08-20 10:40:00,1724175600,221.12,221.26,221.1,221.21,69554
1031,2024-08-20 10:41:00,1724175660,221.2,221.21,220.95,221.13,95006
1032,2024-08-20 10:42:00,1724175720,221.12,221.22,221.0,221.15,94230
1033,2024-08-20 10:43:00,1724175780,221.16,221.33,221.14,221.3,89322
1034,2024-08-20 10:44:00,1724175840,221.31,221.43,221.3,221.32,83606
1035,2024-08-20 10:45:00,1724175900,221.32,221.39,221.21,221.38,68591
1036,2024-08-20 10:46:00,1724175960,221.38,221.38,221.25,221.36,31333
1037,2024-08-20 10:47:00,1724176020,221.32,221.48,221.25,221.32,96103
1038,2024-08-20 10:48:00,1724176080,221.28,221.47,221.28,221.41,46491
1039,2024-08-20 10:49:00,1724176140,221.41,221.47,221.38,221.38,52708
1040,2024-08-20 10:50:00,1724176200,221.38,221.38,221.11,221.27,68052
1041,2024-08-20 10:51:00,1724176260,221.27,221.28,221.06,221.24,51700
1042,2024-08-20 10:52:00,1724176320,221.25,221.29,221.13,221.2,44600
1043,2024-08-20 10:53:00,1724176380,221.23,221.28,221.12,221.14,59485
1044,2024-08-20 10:54:00,1724176440,221.15,221.18,220.85,220.88,83532
1045,2024-08-20 10:55:00,1724176500,220.86,221.02,220.86,220.91,54841
1046,2024-08-20 10:56:00,1724176560,220.93,220.97,220.71,220.74,81659
1047,2024-08-20 10:57:00,1724176620,220.77,220.92,220.76,220.83,64232
1048,2024-08-20 10:58:00,1724176680,220.85,220.97,220.85,220.95,57582
1049,2024-08-20 10:59:00,1724176740,220.96,221.15,220.96,221.02,89166
1050,2024-08-20 11:00:00,1724176800,221.0,221.02,220.75,220.83,93334
1051,2024-08-20 11:01:00,1724176860,220.84,220.99,220.74,220.83,82928
1052,2024-08-20 11:02:00,1724176920,220.84,220.98,220.81,220.86,46595
1053,2024-08-20 11:03:00,1724176980,220.88,221.07,220.81,221.01,72209
1054,2024-08-20 11:04:00,1724177040,221.01,221.07,220.9,220.99,59794
1055,2024-08-20 11:05:00,1724177100,220.97,221.24,220.93,221.19,113716
1056,2024-08-20 11:06:00,1724177160,221.2,221.25,221.07,221.13,88582
1057,2024-08-20 11:07:00,1724177220,221.12,221.29,221.1,221.17,56732
1058,2024-08-20 11:08:00,1724177280,221.19,221.24,221.03,221.06,56771
1059,2024-08-20 11:09:00,1724177340,221.1,221.14,220.91,220.92,67643
1060,2024-08-20 11:10:00,1724177400,220.91,220.94,220.74,220.74,92525
1061,2024-08-20 11:11:00,1724177460,220.76,220.76,220.58,220.71,87861
1062,2024-08-20 11:12:00,1724177520,220.71,220.83,220.7,220.77,60764
1063,2024-08-20 11:13:00,1724177580,220.78,221.1,220.76,221.02,84067
1064,2024-08-20 11:14:00,1724177640,221.02,221.08,220.96,221.06,48554
1065,2024-08-20 11:15:00,1724177700,221.05,221.17,221.04,221.1,89851
1066,2024-08-20 11:16:00,1724177760,221.14,221.24,221.09,221.2,57941
1067,2024-08-20 11:17:00,1724177820,221.2,221.27,221.17,221.19,62244
1068,2024-08-20 11:18:00,1724177880,221.21,221.27,221.08,221.15,48585
1069,2024-08-20 11:19:00,1724177940,221.15,221.35,221.15,221.31,68058
1070,2024-08-20 11:20:00,1724178000,221.32,221.32,221.15,221.18,82156
1071,2024-08-20 11:21:00,1724178060,221.16,221.19,220.99,221.06,95031
1072,2024-08-20 11:22:00,1724178120,221.07,221.29,221.03,221.24,75017
1073,2024-08-20 11:23:00,1724178180,221.25,221.29,221.14,221.2,47276
1074,2024-08-20 11:24:00,1724178240,221.19,221.34,221.19,221.33,36752
1075,2024-08-20 11:25:00,1724178300,221.32,221.33,221.16,221.26,58525
1076,2024-08-20 11:26:00,1724178360,221.27,221.33,221.06,221.09,67702
1077,2024-08-20 11:27:00,1724178420,221.09,221.26,221.08,221.15,64178
1078,2024-08-20 11:28:00,1724178480,221.15,221.16,220.96,221.06,68398
1079,2024-08-20 11:29:00,1724178540,221.06,221.09,220.89,221.02,65191
1080,2024-08-20 11:30:00,1724178600,221.02,221.38,221.02,221.28,100359
1081,2024-08-20 11:31:00,1724178660,221.29,221.45,221.26,221.34,123471
1082,2024-08-20 11:32:00,1724178720,221.37,221.42,221.29,221.4,54394
1083,2024-08-20 11:33:00,1724178780,221.4,221.58,221.36,221.53,143900
1084,2024-08-20 11:34:00,1724178840,221.51,221.6,221.5,221.58,95937
1085,2024-08-20 11:35:00,1724178900,221.57,221.7,221.36,221.51,152636
1086,2024-08-20 11:36:00,1724178960,221.54,221.62,221.45,221.59,71040
1087,2024-08-20 11:37:00,1724179020,221.59,221.77,221.58,221.74,114960
1088,2024-08-20 11:38:00,1724179080,221.74,221.87,221.73,221.87,83977
1089,2024-08-20 11:39:00,1724179140,221.86,221.87,221.75,221.81,49809
1090,2024-08-20 11:40:00,1724179200,221.8,221.96,221.73,221.93,98653
1091,2024-08-20 11:41:00,1724179260,221.93,221.93,221.75,221.78,69939
1092,2024-08-20 11:42:00,1724179320,221.8,221.87,221.76,221.84,52544
1093,2024-08-20 11:43:00,1724179380,221.82,221.84,221.71,221.73,56860
1094,2024-08-20 11:44:00,1724179440,221.74,221.75,221.59,221.62,76569
1095,2024-08-20 11:45:00,1724179500,221.65,221.65,221.48,221.54,63925
1096,2024-08-20 11:46:00,1724179560,221.53,221.65,221.42,221.5,93344
1097,2024-08-20 11:47:00,1724179620,221.51,221.69,221.48,221.62,44943
1098,2024-08-20 11:48:00,1724179680,221.63,221.74,221.61,221.69,40684
1099,2024-08-20 11:49:00,1724179740,221.69,221.75,221.63,221.66,27391
1100,2024-08-20 11:50:00,1724179800,221.66,221.72,221.54,221.69,47196
1101,2024-08-20 11:51:00,1724179860,221.67,221.7,221.54,221.57,40123
1102,2024-08-20 11:52:00,1724179920,221.58,221.58,221.38,221.4,91455
1103,2024-08-20 11:53:00,1724179980,221.43,221.5,221.32,221.38,47412
1104,2024-08-20 11:54:00,1724180040,221.4,221.61,221.38,221.52,81964
1105,2024-08-20 11:55:00,1724180100,221.53,221.59,221.49,221.57,30858
1106,2024-08-20 11:56:00,1724180160,221.57,221.71,221.55,221.6,49035
1107,2024-08-20 11:57:00,1724180220,221.61,221.73,221.57,221.67,36324
1108,2024-08-20 11:58:00,1724180280,221.68,221.78,221.63,221.74,57077
1109,2024-08-20 11:59:00,1724180340,221.74,221.86,221.72,221.79,59811
1110,2024-08-20 12:00:00,1724180400,221.79,221.79,221.65,221.73,40052
1111,2024-08-20 12:01:00,1724180460,221.73,221.96,221.69,221.8,71418
1112,2024-08-20 12:02:00,1724180520,221.81,222.08,221.8,222.07,93246
1113,2024-08-20 12:03:00,1724180580,222.05,222.15,222.0,222.05,99488
1114,2024-08-20 12:04:00,1724180640,222.03,222.08,221.96,222.02,74316
1115,2024-08-20 12:05:00,1724180700,222.0,222.06,221.89,222.0,59690
1116,2024-08-20 12:06:00,1724180760,222.0,222.05,221.9,222.0,66338
1117,2024-08-20 12:07:00,1724180820,222.01,222.04,221.93,222.01,44902
1118,2024-08-20 12:08:00,1724180880,222.02,222.03,221.75,221.84,80012
1119,2024-08-20 12:09:00,1724180940,221.82,221.93,221.81,221.89,54132
1120,2024-08-20 12:10:00,1724181000,221.89,222.01,221.88,221.94,61202
1121,2024-08-20 12:11:00,1724181060,221.95,221.98,221.86,221.88,26788
1122,2024-08-20 12:12:00,1724181120,221.9,222.08,221.9,221.97,72439
1123,2024-08-20 12:13:00,1724181180,221.96,222.03,221.89,221.9,51512
1124,2024-08-20 12:14:00,1724181240,221.91,221.95,221.81,221.95,55883
1125,2024-08-20 12:15:00,1724181300,221.93,222.05,221.82,221.9,66059
1126,2024-08-20 12:16:00,1724181360,221.9,221.95,221.84,221.87,28942
1127,2024-08-20 12:17:00,1724181420,221.86,221.86,221.66,221.79,90880
1128,2024-08-20 12:18:00,1724181480,221.79,221.79,221.59,221.68,114320
1129,2024-08-20 12:19:00,1724181540,221.69,221.69,221.37,221.56,126188
1130,2024-08-20 12:20:00,1724181600,221.58,221.73,221.57,221.64,90343
1131,2024-08-20 12:21:00,1724181660,221.64,221.69,221.58,221.61,30749
1132,2024-08-20 12:22:00,1724181720,221.63,221.64,221.45,221.55,50058
1133,2024-08-20 12:23:00,1724181780,221.55,221.69,221.54,221.66,56071
1134,2024-08-20 12:24:00,1724181840,221.64,221.78,221.59,221.78,57413
1135,2024-08-20 12:25:00,1724181900,221.77,221.84,221.64,221.66,72317
1136,2024-08-20 12:26:00,1724181960,221.65,221.68,221.56,221.62,70330
1137,2024-08-20 12:27:00,1724182020,221.61,221.78,221.61,221.71,61749
1138,2024-08-20 12:28:00,1724182080,221.7,221.71,221.48,221.5,50469
1139,2024-08-20 12:29:00,1724182140,221.53,221.62,221.47,221.56,62888
1140,2024-08-20 12:30:00,1724182200,221.56,221.73,221.54,221.71,56399
1141,2024-08-20 12:31:00,1724182260,221.72,221.8,221.59,221.62,59053
1142,2024-08-20 12:32:00,1724182320,221.64,221.69,221.43,221.49,67066
1143,2024-08-20 12:33:00,1724182380,221.49,221.62,221.32,221.43,63483
1144,2024-08-20 12:34:00,1724182440,221.42,221.47,221.36,221.43,51704
1145,2024-08-20 12:35:00,1724182500,221.4,221.51,221.33,221.36,60527
1146,2024-08-20 12:36:00,1724182560,221.38,221.38,221.16,221.26,80915
1147,2024-08-20 12:37:00,1724182620,221.25,221.49,221.18,221.44,105049
1148,2024-08-20 12:38:00,1724182680,221.48,221.58,221.34,221.48,75945
1149,2024-08-20 12:39:00,1724182740,221.49,221.49,221.28,221.34,57950
1150,2024-08-20 12:40:00,1724182800,221.33,221.49,221.29,221.48,53194
1151,2024-08-20 12:41:00,1724182860,221.48,221.51,221.32,221.38,48519
1152,2024-08-20 12:42:00,1724182920,221.39,221.5,221.28,221.42,94704
1153,2024-08-20 12:43:00,1724182980,221.4,221.47,221.33,221.45,52147
1154,2024-08-20 12:44:00,1724183040,221.45,221.49,221.37,221.39,54685
1155,2024-08-20 12:45:00,1724183100,221.38,221.52,221.33,221.37,56105
1156,2024-08-20 12:46:00,1724183160,221.38,221.5,221.38,221.43,49323
1157,2024-08-20 12:47:00,1724183220,221.43,221.61,221.42,221.61,68382
1158,2024-08-20 12:48:00,1724183280,221.61,221.83,221.6,221.76,98869
1159,2024-08-20 12:49:00,1724183340,221.79,221.95,221.78,221.92,68282
1160,2024-08-20 12:50:00,1724183400,221.95,222.47,221.95,222.3,187186
1161,2024-08-20 12:51:00,1724183460,222.35,222.36,221.97,222.06,149291
1162,2024-08-20 12:52:00,1724183520,222.09,222.18,221.64,221.76,139131
1163,2024-08-20 12:53:00,1724183580,221.76,221.8,221.61,221.7,90005
1164,2024-08-20 12:54:00,1724183640,221.68,221.9,221.58,221.84,166513
1165,2024-08-20 12:55:00,1724183700,221.87,221.95,221.47,221.62,156404
1166,2024-08-20 12:56:00,1724183760,221.64,221.64,221.22,221.48,144567
1167,2024-08-20 12:57:00,1724183820,221.49,221.54,221.23,221.36,158117
1168,2024-08-20 12:58:00,1724183880,221.35,221.62,221.35,221.61,143609
1169,2024-08-20 12:59:00,1724183940,221.62,221.66,221.0,221.1,396266
1170,2024-08-21 06:30:00,1724247000,222.67,223.6,222.41,223.28,602116
1171,2024-08-21 06:31:00,1724247060,223.34,223.56,221.65,221.7,566357
1172,2024-08-21 06:32:00,1724247120,221.72,222.12,221.3,221.59,401387
1173,2024-08-21 06:33:00,1724247180,221.59,221.96,220.81,220.94,422193
1174,2024-08-21 06:34:00,1724247240,220.94,221.47,220.94,221.37,240042
1175,2024-08-21 06:35:00,1724247300,221.39,222.27,221.08,221.93,349127
1176,2024-08-21 06:36:00,1724247360,221.96,222.46,221.59,222.46,308590
1177,2024-08-21 06:37:00,1724247420,222.45,222.95,222.16,222.88,304102
1178,2024-08-21 06:38:00,1724247480,222.9,222.9,221.76,222.61,341350
1179,2024-08-21 06:39:00,1724247540,222.63,222.68,222.09,222.32,184835
1180,2024-08-21 06:40:00,1724247600,222.32,222.37,221.69,221.78,205489
1181,2024-08-21 06:41:00,1724247660,221.77,221.9,220.82,221.6,390790
1182,2024-08-21 06:42:00,1724247720,221.57,221.9,221.21,221.75,229319
1183,2024-08-21 06:43:00,1724247780,221.72,222.5,221.42,221.88,317706
1184,2024-08-21 06:44:00,1724247840,221.97,222.68,221.89,222.5,257968
1185,2024-08-21 06:45:00,1724247900,222.52,222.8,222.0,222.65,306262
1186,2024-08-21 06:46:00,1724247960,222.64,223.36,222.31,223.19,449921
1187,2024-08-21 06:47:00,1724248020,223.22,223.47,222.52,222.83,346889
1188,2024-08-21 06:48:00,1724248080,222.81,223.16,222.66,223.15,260306
1189,2024-08-21 06:49:00,1724248140,223.11,223.56,222.8,223.21,486204
1190,2024-08-21 06:50:00,1724248200,223.2,223.95,223.02,223.89,310653
1191,2024-08-21 06:51:00,1724248260,223.84,224.34,223.7,224.28,596410
1192,2024-08-21 06:52:00,1724248320,224.26,224.66,223.91,224.48,513849
1193,2024-08-21 06:53:00,1724248380,224.52,224.52,223.95,224.41,283571
1194,2024-08-21 06:54:00,1724248440,224.42,224.42,223.7,223.91,333311
1195,2024-08-21 06:55:00,1724248500,223.89,224.06,223.32,223.34,310400
1196,2024-08-21 06:56:00,1724248560,223.34,223.65,223.14,223.4,297968
1197,2024-08-21 06:57:00,1724248620,223.4,223.75,223.33,223.37,289068
1198,2024-08-21 06:58:00,1724248680,223.34,223.37,222.6,222.83,361034
1199,2024-08-21 06:59:00,1724248740,222.83,223.06,222.42,222.64,278223
1200,2024-08-21 07:00:00,1724248800,222.65,222.79,221.47,221.9,474390
1201,2024-08-21 07:01:00,1724248860,221.88,222.11,221.26,221.55,322518
1202,2024-08-21 07:02:00,1724248920,221.55,221.96,221.26,221.32,289961
1203,2024-08-21 07:03:00,1724248980,221.3,221.33,219.89,220.94,700407
1204,2024-08-21 07:04:00,1724249040,220.94,221.49,220.62,220.93,435178
1205,2024-08-21 07:05:00,1724249100,220.99,221.3,220.82,221.19,306613
1206,2024-08-21 07:06:00,1724249160,221.23,221.49,220.59,220.75,351996
1207,2024-08-21 07:07:00,1724249220,220.73,220.82,220.31,220.64,281091
1208,2024-08-21 07:08:00,1724249280,220.66,220.95,220.39,220.72,236949
1209,2024-08-21 07:09:00,1724249340,220.78,221.4,220.63,221.17,362487
1210,2024-08-21 07:10:00,1724249400,221.11,221.79,220.83,221.74,386166
1211,2024-08-21 07:11:00,1724249460,221.74,221.96,221.32,221.41,324282
1212,2024-08-21 07:12:00,1724249520,221.47,221.75,221.34,221.73,171688
1213,2024-08-21 07:13:00,1724249580,221.7,221.88,221.41,221.52,305693
1214,2024-08-21 07:14:00,1724249640,221.52,221.67,220.12,220.49,467909
1215,2024-08-21 07:15:00,1724249700,220.46,220.47,219.3,219.42,693444
1216,2024-08-21 07:16:00,1724249760,219.41,220.08,218.86,219.8,687094
1217,2024-08-21 07:17:00,1724249820,219.81,220.35,219.68,220.16,280291
1218,2024-08-21 07:18:00,1724249880,220.14,220.44,219.94,220.24,237874
1219,2024-08-21 07:19:00,1724249940,220.31,220.67,220.26,220.48,263762
1220,2024-08-21 07:20:00,1724250000,220.5,220.68,220.31,220.49,184082
1221,2024-08-21 07:21:00,1724250060,220.5,220.84,220.32,220.68,222898
1222,2024-08-21 07:22:00,1724250120,220.73,220.78,220.28,220.32,189424
1223,2024-08-21 07:23:00,1724250180,220.3,220.52,219.88,220.25,285884
1224,2024-08-21 07:24:00,1724250240,220.24,220.4,219.84,219.85,182351
1225,2024-08-21 07:25:00,1724250300,219.86,220.24,219.6,219.64,264691
1226,2024-08-21 07:26:00,1724250360,219.63,220.35,219.46,220.24,223006
1227,2024-08-21 07:27:00,1724250420,220.23,220.64,220.18,220.6,205088
1228,2024-08-21 07:28:00,1724250480,220.57,221.24,220.56,221.05,329757
1229,2024-08-21 07:29:00,1724250540,221.03,221.2,220.78,220.8,159267
1230,2024-08-21 07:30:00,1724250600,220.79,221.14,220.77,221.04,127783
1231,2024-08-21 07:31:00,1724250660,221.05,221.35,220.93,221.29,234423
1232,2024-08-21 07:32:00,1724250720,221.27,221.42,220.46,220.74,256780
1233,2024-08-21 07:33:00,1724250780,220.77,220.92,220.44,220.67,148217
1234,2024-08-21 07:34:00,1724250840,220.69,221.06,220.68,220.8,159400
1235,2024-08-21 07:35:00,1724250900,220.81,221.33,220.77,220.96,209002
1236,2024-08-21 07:36:00,1724250960,220.96,222.31,220.86,222.26,382719
1237,2024-08-21 07:37:00,1724251020,222.23,222.35,221.94,222.01,291821
1238,2024-08-21 07:38:00,1724251080,222.03,222.15,221.83,222.08,169446
1239,2024-08-21 07:39:00,1724251140,222.08,222.15,221.83,222.11,149094
1240,2024-08-21 07:40:00,1724251200,222.09,222.76,222.04,222.59,361699
1241,2024-08-21 07:41:00,1724251260,222.57,223.09,222.57,222.99,290463
1242,2024-08-21 07:42:00,1724251320,222.97,223.33,222.84,223.17,288355
1243,2024-08-21 07:43:00,1724251380,223.2,223.28,222.91,222.94,209781
1244,2024-08-21 07:44:00,1724251440,222.95,223.03,222.6,222.77,200145
1245,2024-08-21 07:45:00,1724251500,222.81,223.02,222.76,222.94,144072
1246,2024-08-21 07:46:00,1724251560,222.93,223.1,222.78,223.03,169201
1247,2024-08-21 07:47:00,1724251620,223.0,223.15,222.28,222.39,300386
1248,2024-08-21 07:48:00,1724251680,222.39,222.74,222.29,222.47,183405
1249,2024-08-21 07:49:00,1724251740,222.44,222.59,222.22,222.44,145622
1250,2024-08-21 07:50:00,1724251800,222.41,222.55,221.71,221.88,292160
1251,2024-08-21 07:51:00,1724251860,221.89,222.17,221.69,221.97,187702
1252,2024-08-21 07:52:00,1724251920,221.97,222.04,220.95,221.46,277099
1253,2024-08-21 07:53:00,1724251980,221.46,221.8,221.3,221.65,164127
1254,2024-08-21 07:54:00,1724252040,221.65,221.78,221.14,221.2,175497
1255,2024-08-21 07:55:00,1724252100,221.21,221.31,220.72,220.83,199120
1256,2024-08-21 07:56:00,1724252160,220.8,221.2,220.73,221.15,152425
1257,2024-08-21 07:57:00,1724252220,221.13,221.38,221.0,221.33,104247
1258,2024-08-21 07:58:00,1724252280,221.3,221.67,221.21,221.4,168447
1259,2024-08-21 07:59:00,1724252340,221.4,221.43,220.97,221.05,120425
1260,2024-08-21 08:00:00,1724252400,220.98,221.34,220.81,221.07,119890
1261,2024-08-21 08:01:00,1724252460,221.06,221.07,220.51,220.95,182839
1262,2024-08-21 08:02:00,1724252520,221.0,221.15,220.88,220.99,119325
1263,2024-08-21 08:03:00,1724252580,220.95,221.07,220.68,220.99,84880
1264,2024-08-21 08:04:00,1724252640,220.97,221.19,220.87,221.13,114209
1265,2024-08-21 08:05:00,1724252700,221.1,221.48,220.98,221.03,198716
1266,2024-08-21 08:06:00,1724252760,221.06,221.24,220.95,221.17,98011
1267,2024-08-21 08:07:00,1724252820,221.2,221.43,220.72,220.77,172651
1268,2024-08-21 08:08:00,1724252880,220.79,220.95,220.65,220.83,127521
1269,2024-08-21 08:09:00,1724252940,220.84,221.16,220.76,221.16,101561
1270,2024-08-21 08:10:00,1724253000,221.15,221.18,220.82,220.95,106495
1271,2024-08-21 08:11:00,1724253060,220.97,221.18,220.91,221.15,82370
1272,2024-08-21 08:12:00,1724253120,221.15,221.3,220.84,221.18,139757
1273,2024-08-21 08:13:00,1724253180,221.16,221.37,221.03,221.18,126874
1274,2024-08-21 08:14:00,1724253240,221.18,221.43,221.18,221.29,83162
1275,2024-08-21 08:15:00,1724253300,221.23,221.72,221.21,221.7,216397
1276,2024-08-21 08:16:00,1724253360,221.7,221.75,221.28,221.41,151780
1277,2024-08-21 08:17:00,1724253420,221.41,221.48,221.25,221.36,85689
1278,2024-08-21 08:18:00,1724253480,221.35,221.92,221.29,221.6,191828
1279,2024-08-21 08:19:00,1724253540,221.64,221.74,221.14,221.22,130379
1280,2024-08-21 08:20:00,1724253600,221.28,221.56,221.21,221.47,75719
1281,2024-08-21 08:21:00,1724253660,221.49,221.61,221.27,221.32,83157
1282,2024-08-21 08:22:00,1724253720,221.38,221.64,221.34,221.58,62107
1283,2024-08-21 08:23:00,1724253780,221.61,221.65,221.31,221.37,77205
1284,2024-08-21 08:24:00,1724253840,221.36,221.66,221.19,221.46,96435
1285,2024-08-21 08:25:00,1724253900,221.5,221.64,221.34,221.55,67347
1286,2024-08-21 08:26:00,1724253960,221.55,221.96,221.43,221.66,149947
1287,2024-08-21 08:27:00,1724254020,221.66,221.92,221.5,221.76,98407
1288,2024-08-21 08:28:00,1724254080,221.74,221.92,221.53,221.64,144342
1289,2024-08-21 08:29:00,1724254140,221.66,221.67,221.31,221.39,94740
1290,2024-08-21 08:30:00,1724254200,221.41,221.41,220.97,221.07,165204
1291,2024-08-21 08:31:00,1724254260,221.07,221.18,220.79,220.85,139458
1292,2024-08-21 08:32:00,1724254320,220.86,221.12,220.85,220.98,95070
1293,2024-08-21 08:33:00,1724254380,221.0,221.14,220.87,221.08,72673
1294,2024-08-21 08:34:00,1724254440,221.04,221.18,220.31,220.5,193713
1295,2024-08-21 08:35:00,1724254500,220.47,220.86,220.44,220.66,124773
1296,2024-08-21 08:36:00,1724254560,220.71,221.09,220.66,221.01,106419
1297,2024-08-21 08:37:00,1724254620,221.0,221.05,220.73,220.76,62886
1298,2024-08-21 08:38:00,1724254680,220.74,220.88,220.52,220.72,104546
1299,2024-08-21 08:39:00,1724254740,220.74,220.9,220.64,220.75,60181
1300,2024-08-21 08:40:00,1724254800,220.76,220.82,220.56,220.66,56239
1301,2024-08-21 08:41:00,1724254860,220.69,220.8,220.47,220.77,101835
1302,2024-08-21 08:42:00,1724254920,220.78,220.78,220.4,220.52,78434
1303,2024-08-21 08:43:00,1724254980,220.52,220.7,220.2,220.22,123417
1304,2024-08-21 08:44:00,1724255040,220.2,220.59,220.15,220.51,97213
1305,2024-08-21 08:45:00,1724255100,220.51,220.96,220.51,220.92,168119
1306,2024-08-21 08:46:00,1724255160,220.9,220.92,220.57,220.59,73845
1307,2024-08-21 08:47:00,1724255220,220.6,220.9,220.6,220.77,100003
1308,2024-08-21 08:48:00,1724255280,220.77,220.9,220.67,220.87,41789
1309,2024-08-21 08:49:00,1724255340,220.85,220.89,220.46,220.52,106095
1310,2024-08-21 08:50:00,1724255400,220.56,220.87,220.31,220.64,100966
1311,2024-08-21 08:51:00,1724255460,220.66,220.69,220.31,220.44,99393
1312,2024-08-21 08:52:00,1724255520,220.43,220.53,220.25,220.53,74278
1313,2024-08-21 08:53:00,1724255580,220.49,220.67,220.41,220.58,60920
1314,2024-08-21 08:54:00,1724255640,220.59,220.89,220.51,220.82,70003
1315,2024-08-21 08:55:00,1724255700,220.81,220.87,220.7,220.8,49365
1316,2024-08-21 08:56:00,1724255760,220.79,221.12,220.6,221.09,112191
1317,2024-08-21 08:57:00,1724255820,221.05,221.1,220.81,220.95,71299
1318,2024-08-21 08:58:00,1724255880,221.0,221.05,220.83,220.92,66481
1319,2024-08-21 08:59:00,1724255940,220.92,221.19,220.91,221.15,105752
1320,2024-08-21 09:00:00,1724256000,221.17,221.18,220.91,221.03,67935
1321,2024-08-21 09:01:00,1724256060,221.01,221.05,220.82,220.88,56776
1322,2024-08-21 09:02:00,1724256120,220.88,220.92,219.77,219.77,311482
1323,2024-08-21 09:03:00,1724256180,219.8,219.95,219.31,219.5,296095
1324,2024-08-21 09:04:00,1724256240,219.5,219.97,219.41,219.59,159893
1325,2024-08-21 09:05:00,1724256300,219.59,219.84,219.56,219.65,112858
1326,2024-08-21 09:06:00,1724256360,219.65,219.73,219.31,219.56,144249
1327,2024-08-21 09:07:00,1724256420,219.59,219.65,219.5,219.56,45807
1328,2024-08-21 09:08:00,1724256480,219.59,219.95,219.56,219.76,123569
1329,2024-08-21 09:09:00,1724256540,219.8,219.98,219.76,219.97,74693
1330,2024-08-21 09:10:00,1724256600,219.99,220.16,219.9,220.03,143009
1331,2024-08-21 09:11:00,1724256660,219.99,220.3,219.89,220.23,98255
1332,2024-08-21 09:12:00,1724256720,220.2,220.33,220.05,220.3,70335
1333,2024-08-21 09:13:00,1724256780,220.27,220.29,219.99,220.25,72908
1334,2024-08-21 09:14:00,1724256840,220.23,220.33,220.07,220.23,96506
1335,2024-08-21 09:15:00,1724256900,220.19,220.36,220.11,220.31,60195
1336,2024-08-21 09:16:00,1724256960,220.28,220.64,220.2,220.58,113355
1337,2024-08-21 09:17:00,1724257020,220.61,220.81,220.52,220.76,130184
1338,2024-08-21 09:18:00,1724257080,220.71,220.9,220.68,220.85,91702
1339,2024-08-21 09:19:00,1724257140,220.88,221.04,220.74,221.0,82819
1340,2024-08-21 09:20:00,1724257200,221.03,221.1,220.9,221.09,82961
1341,2024-08-21 09:21:00,1724257260,221.09,221.09,220.85,220.96,80699
1342,2024-08-21 09:22:00,1724257320,221.0,221.1,220.9,221.1,68386
1343,2024-08-21 09:23:00,1724257380,221.04,221.46,221.04,221.36,181063
1344,2024-08-21 09:24:00,1724257440,221.39,221.45,221.22,221.32,115925
1345,2024-08-21 09:25:00,1724257500,221.29,221.34,221.13,221.17,74076
1346,2024-08-21 09:26:00,1724257560,221.18,221.41,221.15,221.29,55290
1347,2024-08-21 09:27:00,1724257620,221.31,221.4,221.17,221.2,47824
1348,2024-08-21 09:28:00,1724257680,221.2,221.27,221.11,221.11,93360
1349,2024-08-21 09:29:00,1724257740,221.12,221.27,221.09,221.23,78008
1350,2024-08-21 09:30:00,1724257800,221.19,221.33,221.04,221.27,70393
1351,2024-08-21 09:31:00,1724257860,221.27,221.27,221.01,221.06,101816
1352,2024-08-21 09:32:00,1724257920,221.04,221.26,221.04,221.25,51769
1353,2024-08-21 09:33:00,1724257980,221.25,221.4,221.12,221.37,65216
1354,2024-08-21 09:34:00,1724258040,221.39,221.43,221.24,221.41,67255
1355,2024-08-21 09:35:00,1724258100,221.41,221.85,221.38,221.75,227230
1356,2024-08-21 09:36:00,1724258160,221.75,221.79,221.43,221.48,113128
1357,2024-08-21 09:37:00,1724258220,221.49,221.69,221.38,221.54,108906
1358,2024-08-21 09:38:00,1724258280,221.52,221.71,221.42,221.62,99643
1359,2024-08-21 09:39:00,1724258340,221.59,221.66,221.48,221.51,71392
1360,2024-08-21 09:40:00,1724258400,221.53,221.59,221.39,221.48,68466
1361,2024-08-21 09:41:00,1724258460,221.46,221.5,221.29,221.39,106247
1362,2024-08-21 09:42:00,1724258520,221.41,221.67,221.39,221.57,114939
1363,2024-08-21 09:43:00,1724258580,221.56,221.7,221.45,221.59,71454
1364,2024-08-21 09:44:00,1724258640,221.6,221.7,221.52,221.6,63718
1365,2024-08-21 09:45:00,1724258700,221.59,221.65,221.55,221.59,52706
1366,2024-08-21 09:46:00,1724258760,221.6,221.67,221.56,221.61,54325
1367,2024-08-21 09:47:00,1724258820,221.62,221.66,221.52,221.65,32521
1368,2024-08-21 09:48:00,1724258880,221.65,221.66,221.52,221.61,28168
1369,2024-08-21 09:49:00,1724258940,221.6,221.65,221.46,221.62,63506
1370,2024-08-21 09:50:00,1724259000,221.6,221.66,221.55,221.56,53588
1371,2024-08-21 09:51:00,1724259060,221.54,221.78,221.5,221.73,140858
1372,2024-08-21 09:52:00,1724259120,221.73,221.83,221.63,221.81,122768
1373,2024-08-21 09:53:00,1724259180,221.81,221.84,221.61,221.74,97851
1374,2024-08-21 09:54:00,1724259240,221.72,222.14,221.72,222.01,240109
1375,2024-08-21 09:55:00,1724259300,222.0,222.09,221.81,221.92,114297
1376,2024-08-21 09:56:00,1724259360,221.88,221.91,221.72,221.73,74859
1377,2024-08-21 09:57:00,1724259420,221.72,221.84,221.62,221.77,59019
1378,2024-08-21 09:58:00,1724259480,221.79,221.84,221.63,221.84,60775
1379,2024-08-21 09:59:00,1724259540,221.87,221.91,221.66,221.71,85847
1380,2024-08-21 10:00:00,1724259600,221.74,221.85,221.62,221.68,82636
1381,2024-08-21 10:01:00,1724259660,221.68,221.81,221.66,221.77,61994
1382,2024-08-21 10:02:00,1724259720,221.79,221.97,221.74,221.92,100085
1383,2024-08-21 10:03:00,1724259780,221.92,222.21,221.82,222.11,172529
1384,2024-08-21 10:04:00,1724259840,222.12,222.23,222.03,222.17,127086
1385,2024-08-21 10:05:00,1724259900,222.18,222.22,221.73,221.88,126350
1386,2024-08-21 10:06:00,1724259960,221.92,222.09,221.89,222.05,68576
1387,2024-08-21 10:07:00,1724260020,222.03,222.07,221.9,222.04,85769
1388,2024-08-21 10:08:00,1724260080,222.04,222.21,222.02,222.07,74292
1389,2024-08-21 10:09:00,1724260140,222.08,222.23,222.07,222.15,77428
1390,2024-08-21 10:10:00,1724260200,222.12,222.35,222.03,222.25,107377
1391,2024-08-21 10:11:00,1724260260,222.22,222.32,222.16,222.29,61108
1392,2024-08-21 10:12:00,1724260320,222.3,222.45,222.29,222.37,101751
1393,2024-08-21 10:13:00,1724260380,222.35,222.4,222.27,222.33,68178
1394,2024-08-21 10:14:00,1724260440,222.35,222.35,222.11,222.23,78879
1395,2024-08-21 10:15:00,1724260500,222.22,222.33,222.22,222.26,53624
1396,2024-08-21 10:16:00,1724260560,222.26,222.29,222.08,222.11,49304
1397,2024-08-21 10:17:00,1724260620,222.13,222.16,222.06,222.14,50644
1398,2024-08-21 10:18:00,1724260680,222.14,222.21,221.8,222.0,139501
1399,2024-08-21 10:19:00,1724260740,222.0,222.08,221.87,221.97,72196
1400,2024-08-21 10:20:00,1724260800,221.96,222.02,221.83,222.0,89685
1401,2024-08-21 10:21:00,1724260860,221.98,222.12,221.96,222.04,87476
1402,2024-08-21 10:22:00,1724260920,222.03,222.12,221.9,222.01,94032
1403,2024-08-21 10:23:00,1724260980,222.02,222.06,221.85,221.91,37273
1404,2024-08-21 10:24:00,1724261040,221.89,221.96,221.85,221.94,29439
1405,2024-08-21 10:25:00,1724261100,221.93,222.04,221.83,221.89,49488
1406,2024-08-21 10:26:00,1724261160,221.88,221.97,221.86,221.95,29110
1407,2024-08-21 10:27:00,1724261220,221.95,222.07,221.93,222.04,59989
1408,2024-08-21 10:28:00,1724261280,222.08,222.1,221.99,222.03,47460
1409,2024-08-21 10:29:00,1724261340,222.02,222.03,221.9,221.96,82402
1410,2024-08-21 10:30:00,1724261400,222.0,222.24,221.99,222.22,79552
1411,2024-08-21 10:31:00,1724261460,222.23,222.35,222.18,222.26,107857
1412,2024-08-21 10:32:00,1724261520,222.26,222.35,222.17,222.22,137934
1413,2024-08-21 10:33:00,1724261580,222.25,222.44,222.22,222.24,106708
1414,2024-08-21 10:34:00,1724261640,222.28,222.44,222.25,222.39,108221
1415,2024-08-21 10:35:00,1724261700,222.39,222.45,222.32,222.37,86824
1416,2024-08-21 10:36:00,1724261760,222.34,222.35,222.13,222.23,80701
1417,2024-08-21 10:37:00,1724261820,222.22,222.63,222.19,222.59,207858
1418,2024-08-21 10:38:00,1724261880,222.59,222.72,222.51,222.66,148858
1419,2024-08-21 10:39:00,1724261940,222.66,222.74,222.6,222.74,104310
1420,2024-08-21 10:40:00,1724262000,222.74,222.75,222.42,222.46,123567
1421,2024-08-21 10:41:00,1724262060,222.44,222.67,222.44,222.62,40876
1422,2024-08-21 10:42:00,1724262120,222.62,222.64,222.28,222.33,86913
1423,2024-08-21 10:43:00,1724262180,222.3,222.55,222.3,222.44,71475
1424,2024-08-21 10:44:00,1724262240,222.47,222.49,222.36,222.39,43433
1425,2024-08-21 10:45:00,1724262300,222.4,222.4,222.19,222.31,82515
1426,2024-08-21 10:46:00,1724262360,222.31,222.45,222.28,222.42,56199
1427,2024-08-21 10:47:00,1724262420,222.43,222.57,222.4,222.48,62393
1428,2024-08-21 10:48:00,1724262480,222.46,222.66,222.45,222.56,75257
1429,2024-08-21 10:49:00,1724262540,222.57,223.0,222.53,222.89,142362
1430,2024-08-21 10:50:00,1724262600,222.89,222.98,222.78,222.85,125575
1431,2024-08-21 10:51:00,1724262660,222.87,222.9,222.71,222.73,79570
1432,2024-08-21 10:52:00,1724262720,222.72,222.82,222.67,222.72,68827
1433,2024-08-21 10:53:00,1724262780,222.7,222.77,222.69,222.74,45606
1434,2024-08-21 10:54:00,1724262840,222.72,222.76,222.53,222.7,97021
1435,2024-08-21 10:55:00,1724262900,222.72,222.9,222.66,222.74,119835
1436,2024-08-21 10:56:00,1724262960,222.73,222.74,222.57,222.67,83055
1437,2024-08-21 10:57:00,1724263020,222.7,222.84,222.66,222.68,76303
1438,2024-08-21 10:58:00,1724263080,222.66,222.68,222.44,222.66,102533
1439,2024-08-21 10:59:00,1724263140,222.63,222.73,222.49,222.51,63510
1440,2024-08-21 11:00:00,1724263200,222.55,223.36,222.47,223.36,273162
1441,2024-08-21 11:01:00,1724263260,223.37,223.38,223.04,223.07,166387
1442,2024-08-21 11:02:00,1724263320,223.12,223.19,222.61,222.75,133640
1443,2024-08-21 11:03:00,1724263380,222.76,222.97,222.73,222.89,77811
1444,2024-08-21 11:04:00,1724263440,222.88,223.15,222.88,222.98,94223
1445,2024-08-21 11:05:00,1724263500,223.0,223.0,222.63,222.86,107593
1446,2024-08-21 11:06:00,1724263560,222.83,222.99,222.77,222.97,55519
1447,2024-08-21 11:07:00,1724263620,222.98,223.2,222.9,223.15,104720
1448,2024-08-21 11:08:00,1724263680,223.13,223.19,222.9,222.95,63697
1449,2024-08-21 11:09:00,1724263740,222.95,222.99,222.7,222.77,69183
1450,2024-08-21 11:10:00,1724263800,222.78,223.14,222.78,222.99,91066
1451,2024-08-21 11:11:00,1724263860,222.99,223.03,222.92,222.98,37429
1452,2024-08-21 11:12:00,1724263920,222.96,222.96,222.72,222.88,56316
1453,2024-08-21 11:13:00,1724263980,222.84,222.93,222.78,222.85,31811
1454,2024-08-21 11:14:00,1724264040,222.88,222.96,222.87,222.91,34504
1455,2024-08-21 11:15:00,1724264100,222.9,223.1,222.77,223.0,90311
1456,2024-08-21 11:16:00,1724264160,223.04,223.1,222.93,223.02,64360
1457,2024-08-21 11:17:00,1724264220,223.04,223.1,222.99,223.03,44923
1458,2024-08-21 11:18:00,1724264280,223.01,223.05,222.89,222.97,33664
1459,2024-08-21 11:19:00,1724264340,222.98,223.19,222.98,223.13,87347
1460,2024-08-21 11:20:00,1724264400,223.14,223.16,223.02,223.13,43575
1461,2024-08-21 11:21:00,1724264460,223.12,223.23,223.01,223.06,72133
1462,2024-08-21 11:22:00,1724264520,223.06,223.08,222.92,222.93,45256
1463,2024-08-21 11:23:00,1724264580,222.99,223.12,222.95,223.03,41757
1464,2024-08-21 11:24:00,1724264640,222.98,223.08,222.97,223.05,21271
1465,2024-08-21 11:25:00,1724264700,223.06,223.17,223.06,223.14,46940
1466,2024-08-21 11:26:00,1724264760,223.12,223.33,223.05,223.32,82340
1467,2024-08-21 11:27:00,1724264820,223.35,223.5,223.2,223.24,130871
1468,2024-08-21 11:28:00,1724264880,223.24,223.49,223.24,223.47,87454
1469,2024-08-21 11:29:00,1724264940,223.49,223.57,223.34,223.54,111078
1470,2024-08-21 11:30:00,1724265000,223.55,223.75,223.46,223.74,160032
1471,2024-08-21 11:31:00,1724265060,223.73,223.96,223.67,223.89,171951
1472,2024-08-21 11:32:00,1724265120,223.9,223.99,223.83,223.95,106397
1473,2024-08-21 11:33:00,1724265180,223.96,223.99,223.85,223.86,106101
1474,2024-08-21 11:34:00,1724265240,223.87,223.89,223.73,223.8,124743
1475,2024-08-21 11:35:00,1724265300,223.76,223.82,223.02,223.23,198680
1476,2024-08-21 11:36:00,1724265360,223.22,223.52,223.16,223.38,141585
1477,2024-08-21 11:37:00,1724265420,223.38,223.5,223.34,223.5,74180
1478,2024-08-21 11:38:00,1724265480,223.49,223.49,222.69,222.78,191765
1479,2024-08-21 11:39:00,1724265540,222.81,223.1,222.78,222.85,102529
1480,2024-08-21 11:40:00,1724265600,222.88,223.06,222.82,222.97,83636
1481,2024-08-21 11:41:00,1724265660,222.98,223.04,222.69,222.89,51461
1482,2024-08-21 11:42:00,1724265720,222.87,222.97,222.69,222.78,75998
1483,2024-08-21 11:43:00,1724265780,222.83,223.02,222.73,222.97,81000
1484,2024-08-21 11:44:00,1724265840,222.98,223.0,222.84,222.89,53399
1485,2024-08-21 11:45:00,1724265900,222.92,222.92,222.51,222.58,104444
1486,2024-08-21 11:46:00,1724265960,222.58,222.89,222.54,222.8,130874
1487,2024-08-21 11:47:00,1724266020,222.8,222.85,222.64,222.78,50168
1488,2024-08-21 11:48:00,1724266080,222.8,222.97,222.77,222.84,65968
1489,2024-08-21 11:49:00,1724266140,222.85,222.95,222.75,222.83,75138
1490,2024-08-21 11:50:00,1724266200,222.83,222.92,222.75,222.85,40801
1491,2024-08-21 11:51:00,1724266260,222.84,223.09,222.75,223.06,108593
1492,2024-08-21 11:52:00,1724266320,223.06,223.06,222.93,222.99,52041
1493,2024-08-21 11:53:00,1724266380,223.0,223.02,222.91,222.96,40520
1494,2024-08-21 11:54:00,1724266440,222.97,223.16,222.96,223.03,82177
1495,2024-08-21 11:55:00,1724266500,223.05,223.05,222.88,222.96,63081
1496,2024-08-21 11:56:00,1724266560,222.96,222.96,222.74,222.83,72512
1497,2024-08-21 11:57:00,1724266620,222.8,222.9,222.75,222.84,33974
1498,2024-08-21 11:58:00,1724266680,222.85,222.95,222.75,222.81,33094
1499,2024-08-21 11:59:00,1724266740,222.83,222.9,222.71,222.79,44176
1500,2024-08-21 12:00:00,1724266800,222.79,222.82,222.59,222.61,54497
1501,2024-08-21 12:01:00,1724266860,222.61,222.63,222.0,222.17,242794
1502,2024-08-21 12:02:00,1724266920,222.19,222.4,222.04,222.39,134189
1503,2024-08-21 12:03:00,1724266980,222.39,222.48,222.24,222.29,99267
1504,2024-08-21 12:04:00,1724267040,222.3,222.38,222.09,222.16,75639
1505,2024-08-21 12:05:00,1724267100,222.15,222.3,222.09,222.26,74425
1506,2024-08-21 12:06:00,1724267160,222.29,222.38,222.19,222.38,76783
1507,2024-08-21 12:07:00,1724267220,222.37,222.37,222.14,222.2,80176
1508,2024-08-21 12:08:00,1724267280,222.22,222.29,222.16,222.17,45119
1509,2024-08-21 12:09:00,1724267340,222.2,222.33,221.96,222.24,152616
1510,2024-08-21 12:10:00,1724267400,222.25,222.49,222.19,222.46,93624
1511,2024-08-21 12:11:00,1724267460,222.44,222.44,222.27,222.33,43664
1512,2024-08-21 12:12:00,1724267520,222.33,222.39,222.25,222.31,42424
1513,2024-08-21 12:13:00,1724267580,222.3,222.42,222.21,222.21,42964
1514,2024-08-21 12:14:00,1724267640,222.22,222.36,222.22,222.29,52609
1515,2024-08-21 12:15:00,1724267700,222.27,222.44,222.08,222.33,111641
1516,2024-08-21 12:16:00,1724267760,222.35,222.43,222.25,222.34,53234
1517,2024-08-21 12:17:00,1724267820,222.36,222.37,222.2,222.31,45923
1518,2024-08-21 12:18:00,1724267880,222.31,222.36,222.17,222.22,51058
1519,2024-08-21 12:19:00,1724267940,222.21,222.24,222.06,222.09,84075
1520,2024-08-21 12:20:00,1724268000,222.08,222.12,221.71,221.9,221579
1521,2024-08-21 12:21:00,1724268060,221.89,221.9,221.72,221.86,139826
1522,2024-08-21 12:22:00,1724268120,221.82,221.87,221.55,221.67,165485
1523,2024-08-21 12:23:00,1724268180,221.67,221.76,221.63,221.65,67520
1524,2024-08-21 12:24:00,1724268240,221.66,222.01,221.64,221.96,163912
1525,2024-08-21 12:25:00,1724268300,221.96,222.15,221.87,222.06,100197
1526,2024-08-21 12:26:00,1724268360,222.08,222.29,222.07,222.17,94624
1527,2024-08-21 12:27:00,1724268420,222.17,222.19,222.06,222.1,32195
1528,2024-08-21 12:28:00,1724268480,222.12,222.24,222.1,222.2,59740
1529,2024-08-21 12:29:00,1724268540,222.18,222.38,222.17,222.28,69499
1530,2024-08-21 12:30:00,1724268600,222.28,222.33,222.16,222.33,43722
1531,2024-08-21 12:31:00,1724268660,222.32,222.45,222.29,222.37,63002
1532,2024-08-21 12:32:00,1724268720,222.36,222.41,222.23,222.31,49249
1533,2024-08-21 12:33:00,1724268780,222.32,222.52,222.31,222.42,82303
1534,2024-08-21 12:34:00,1724268840,222.38,222.43,222.36,222.39,39567
1535,2024-08-21 12:35:00,1724268900,222.42,222.56,222.36,222.4,80951
1536,2024-08-21 12:36:00,1724268960,222.39,222.49,222.24,222.3,55113
1537,2024-08-21 12:37:00,1724269020,222.3,222.34,222.19,222.26,69911
1538,2024-08-21 12:38:00,1724269080,222.28,222.45,222.24,222.34,54660
1539,2024-08-21 12:39:00,1724269140,222.37,222.49,222.35,222.42,47769
1540,2024-08-21 12:40:00,1724269200,222.47,222.52,222.39,222.43,67923
1541,2024-08-21 12:41:00,1724269260,222.45,222.47,222.27,222.34,52805
1542,2024-08-21 12:42:00,1724269320,222.35,222.41,222.28,222.35,44162
1543,2024-08-21 12:43:00,1724269380,222.36,222.36,222.06,222.16,105189
1544,2024-08-21 12:44:00,1724269440,222.15,222.36,222.11,222.33,66598
1545,2024-08-21 12:45:00,1724269500,222.3,222.4,222.18,222.22,82105
1546,2024-08-21 12:46:00,1724269560,222.24,222.39,222.19,222.26,42057
1547,2024-08-21 12:47:00,1724269620,222.28,222.4,222.25,222.31,59679
1548,2024-08-21 12:48:00,1724269680,222.33,222.35,222.23,222.25,36303
1549,2024-08-21 12:49:00,1724269740,222.29,222.42,222.12,222.39,97650
1550,2024-08-21 12:50:00,1724269800,222.42,222.59,222.33,222.48,108929
1551,2024-08-21 12:51:00,1724269860,222.5,222.52,222.34,222.42,61970
1552,2024-08-21 12:52:00,1724269920,222.4,222.5,222.37,222.48,64959
1553,2024-08-21 12:53:00,1724269980,222.46,222.5,222.36,222.47,74754
1554,2024-08-21 12:54:00,1724270040,222.47,223.0,222.46,222.89,197863
1555,2024-08-21 12:55:00,1724270100,222.93,223.28,222.89,223.22,238024
1556,2024-08-21 12:56:00,1724270160,223.23,223.33,223.13,223.33,133894
1557,2024-08-21 12:57:00,1724270220,223.34,223.35,223.17,223.21,171212
1558,2024-08-21 12:58:00,1724270280,223.23,223.27,223.06,223.23,190283
1559,2024-08-21 12:59:00,1724270340,223.23,223.4,223.07,223.22,435726
1560,2024-08-22 06:30:00,1724333400,223.82,224.8,223.4,224.75,604333
1561,2024-08-22 06:31:00,1724333460,224.78,224.78,221.6,221.8,508123
1562,2024-08-22 06:32:00,1724333520,221.79,222.1,221.15,221.6,453839
1563,2024-08-22 06:33:00,1724333580,221.61,222.29,221.59,221.83,375906
1564,2024-08-22 06:34:00,1724333640,221.71,222.49,221.56,221.97,368765
1565,2024-08-22 06:35:00,1724333700,222.03,222.14,221.38,221.96,319043
1566,2024-08-22 06:36:00,1724333760,221.93,222.72,221.75,222.69,325380
1567,2024-08-22 06:37:00,1724333820,222.66,222.96,222.32,222.93,266870
1568,2024-08-22 06:38:00,1724333880,222.93,223.03,222.42,222.53,257433
1569,2024-08-22 06:39:00,1724333940,222.53,222.69,222.1,222.51,218172
1570,2024-08-22 06:40:00,1724334000,222.57,223.31,222.13,223.09,321532
1571,2024-08-22 06:41:00,1724334060,223.14,223.7,223.07,223.5,399757
1572,2024-08-22 06:42:00,1724334120,223.5,223.62,223.12,223.34,246355
1573,2024-08-22 06:43:00,1724334180,223.34,223.46,221.85,221.97,328654
1574,2024-08-22 06:44:00,1724334240,222.02,222.73,221.9,222.51,230540
1575,2024-08-22 06:45:00,1724334300,222.52,223.83,222.29,223.06,422076
1576,2024-08-22 06:46:00,1724334360,223.04,223.38,222.46,222.68,251502
1577,2024-08-22 06:47:00,1724334420,222.7,223.06,222.42,222.88,165452
1578,2024-08-22 06:48:00,1724334480,222.91,223.58,222.89,223.42,212094
1579,2024-08-22 06:49:00,1724334540,223.44,223.67,222.67,223.08,269150
1580,2024-08-22 06:50:00,1724334600,223.06,223.2,222.52,222.81,226620
1581,2024-08-22 06:51:00,1724334660,222.82,222.9,222.12,222.5,334989
1582,2024-08-22 06:52:00,1724334720,222.59,222.83,222.42,222.51,168881
1583,2024-08-22 06:53:00,1724334780,222.52,223.34,222.24,223.24,321999
1584,2024-08-22 06:54:00,1724334840,223.28,223.53,222.98,223.37,230784
1585,2024-08-22 06:55:00,1724334900,223.37,223.51,223.05,223.18,162654
1586,2024-08-22 06:56:00,1724334960,223.17,223.36,222.9,222.93,137556
1587,2024-08-22 06:57:00,1724335020,222.93,223.19,222.85,223.1,137032
1588,2024-08-22 06:58:00,1724335080,223.03,223.25,222.85,222.92,168891
1589,2024-08-22 06:59:00,1724335140,222.92,223.05,222.55,223.0,199274
1590,2024-08-22 07:00:00,1724335200,223.02,223.48,222.73,222.98,244870
1591,2024-08-22 07:01:00,1724335260,222.95,222.97,222.08,222.18,298620
1592,2024-08-22 07:02:00,1724335320,222.18,222.2,221.53,222.06,331761
1593,2024-08-22 07:03:00,1724335380,222.04,222.11,221.6,222.05,169841
1594,2024-08-22 07:04:00,1724335440,222.03,222.57,222.02,222.44,275212
1595,2024-08-22 07:05:00,1724335500,222.42,222.65,221.93,222.0,182796
1596,2024-08-22 07:06:00,1724335560,222.01,222.3,221.5,221.83,231782
1597,2024-08-22 07:07:00,1724335620,221.86,222.05,221.57,221.94,169941
1598,2024-08-22 07:08:00,1724335680,221.92,221.96,221.28,221.56,277698
1599,2024-08-22 07:09:00,1724335740,221.53,221.56,221.01,221.06,191559
1600,2024-08-22 07:10:00,1724335800,221.02,221.18,220.65,221.06,446176
1601,2024-08-22 07:11:00,1724335860,221.08,221.15,220.46,220.66,244576
1602,2024-08-22 07:12:00,1724335920,220.69,220.9,220.47,220.62,208457
1603,2024-08-22 07:13:00,1724335980,220.62,221.13,220.6,221.11,229112
1604,2024-08-22 07:14:00,1724336040,221.09,221.11,220.65,220.84,168781
1605,2024-08-22 07:15:00,1724336100,220.87,221.05,220.11,220.15,234530
1606,2024-08-22 07:16:00,1724336160,220.15,220.64,220.15,220.64,201653
1607,2024-08-22 07:17:00,1724336220,220.62,220.93,220.39,220.53,132031
1608,2024-08-22 07:18:00,1724336280,220.56,220.66,220.05,220.22,235819
1609,2024-08-22 07:19:00,1724336340,220.19,220.49,219.86,220.2,287713
1610,2024-08-22 07:20:00,1724336400,220.24,220.49,219.97,220.26,245844
1611,2024-08-22 07:21:00,1724336460,220.28,220.64,220.21,220.64,189751
1612,2024-08-22 07:22:00,1724336520,220.64,220.79,220.4,220.59,156021
1613,2024-08-22 07:23:00,1724336580,220.64,220.83,220.54,220.78,141789
1614,2024-08-22 07:24:00,1724336640,220.78,221.02,220.63,220.97,204865
1615,2024-08-22 07:25:00,1724336700,220.95,221.07,220.5,220.75,220128
1616,2024-08-22 07:26:00,1724336760,220.77,220.9,220.51,220.67,117313
1617,2024-08-22 07:27:00,1724336820,220.71,220.89,220.56,220.82,90474
1618,2024-08-22 07:28:00,1724336880,220.8,220.94,220.45,220.53,152384
1619,2024-08-22 07:29:00,1724336940,220.53,220.57,220.2,220.48,156861
1620,2024-08-22 07:30:00,1724337000,220.44,220.54,219.97,219.99,180369
1621,2024-08-22 07:31:00,1724337060,219.98,220.02,219.37,219.6,334457
1622,2024-08-22 07:32:00,1724337120,219.6,219.6,219.16,219.32,241780
1623,2024-08-22 07:33:00,1724337180,219.35,219.55,219.23,219.3,194496
1624,2024-08-22 07:34:00,1724337240,219.31,219.83,219.28,219.78,188570
1625,2024-08-22 07:35:00,1724337300,219.81,220.48,219.77,220.34,220974
1626,2024-08-22 07:36:00,1724337360,220.33,220.35,219.95,220.02,132866
1627,2024-08-22 07:37:00,1724337420,220.0,220.08,219.87,219.97,106750
1628,2024-08-22 07:38:00,1724337480,219.9,220.18,219.77,220.07,144117
1629,2024-08-22 07:39:00,1724337540,220.09,220.5,219.98,220.34,164161
1630,2024-08-22 07:40:00,1724337600,220.39,220.39,219.93,220.05,117575
1631,2024-08-22 07:41:00,1724337660,220.01,220.25,219.88,220.12,127330
1632,2024-08-22 07:42:00,1724337720,220.15,220.23,219.9,220.2,86056
1633,2024-08-22 07:43:00,1724337780,220.19,220.23,219.86,219.94,102220
1634,2024-08-22 07:44:00,1724337840,219.96,220.06,219.48,219.57,142245
1635,2024-08-22 07:45:00,1724337900,219.58,219.94,219.58,219.74,137661
1636,2024-08-22 07:46:00,1724337960,219.75,219.85,219.46,219.55,137192
1637,2024-08-22 07:47:00,1724338020,219.53,219.56,219.04,219.17,259656
1638,2024-08-22 07:48:00,1724338080,219.15,219.37,219.12,219.31,163356
1639,2024-08-22 07:49:00,1724338140,219.28,219.28,218.05,218.25,499557
1640,2024-08-22 07:50:00,1724338200,218.3,218.81,218.21,218.74,248134
1641,2024-08-22 07:51:00,1724338260,218.7,218.82,218.52,218.61,144390
1642,2024-08-22 07:52:00,1724338320,218.61,218.7,217.93,218.1,310029
1643,2024-08-22 07:53:00,1724338380,218.12,218.72,218.11,218.69,245306
1644,2024-08-22 07:54:00,1724338440,218.69,218.79,218.41,218.62,140569
1645,2024-08-22 07:55:00,1724338500,218.6,218.88,218.5,218.82,163993
1646,2024-08-22 07:56:00,1724338560,218.84,218.99,218.59,218.62,189875
1647,2024-08-22 07:57:00,1724338620,218.6,218.76,218.35,218.66,279803
1648,2024-08-22 07:58:00,1724338680,218.65,218.7,217.8,217.93,242969
1649,2024-08-22 07:59:00,1724338740,217.93,218.24,217.87,217.96,222676
1650,2024-08-22 08:00:00,1724338800,217.96,218.45,217.9,218.4,210331
1651,2024-08-22 08:01:00,1724338860,218.39,218.94,218.3,218.64,234773
1652,2024-08-22 08:02:00,1724338920,218.63,218.85,218.43,218.7,169163
1653,2024-08-22 08:03:00,1724338980,218.7,218.81,218.43,218.68,151880
1654,2024-08-22 08:04:00,1724339040,218.67,218.72,218.41,218.56,117091
1655,2024-08-22 08:05:00,1724339100,218.52,219.08,218.5,219.02,258467
1656,2024-08-22 08:06:00,1724339160,219.04,219.15,218.55,218.84,186279
1657,2024-08-22 08:07:00,1724339220,218.8,218.94,218.63,218.66,94706
1658,2024-08-22 08:08:00,1724339280,218.65,218.73,218.4,218.5,121384
1659,2024-08-22 08:09:00,1724339340,218.53,218.56,218.13,218.49,169693
1660,2024-08-22 08:10:00,1724339400,218.51,218.57,218.0,218.38,227846
1661,2024-08-22 08:11:00,1724339460,218.39,218.48,218.14,218.25,104176
1662,2024-08-22 08:12:00,1724339520,218.25,218.59,218.17,218.53,148093
1663,2024-08-22 08:13:00,1724339580,218.54,218.63,218.37,218.4,121600
1664,2024-08-22 08:14:00,1724339640,218.41,218.7,218.38,218.53,90826
1665,2024-08-22 08:15:00,1724339700,218.56,218.81,218.51,218.78,154799
1666,2024-08-22 08:16:00,1724339760,218.78,219.04,218.72,218.99,188340
1667,2024-08-22 08:17:00,1724339820,219.01,219.06,218.69,218.74,151455
1668,2024-08-22 08:18:00,1724339880,218.79,219.0,218.73,218.74,108945
1669,2024-08-22 08:19:00,1724339940,218.74,218.82,218.16,218.16,213528
1670,2024-08-22 08:20:00,1724340000,218.18,218.31,217.65,217.67,304115
1671,2024-08-22 08:21:00,1724340060,217.68,217.92,217.5,217.52,197969
1672,2024-08-22 08:22:00,1724340120,217.53,217.84,217.53,217.81,125207
1673,2024-08-22 08:23:00,1724340180,217.8,217.83,217.57,217.69,135694
1674,2024-08-22 08:24:00,1724340240,217.7,218.04,217.58,217.97,167025
1675,2024-08-22 08:25:00,1724340300,217.92,218.01,217.7,217.88,100872
1676,2024-08-22 08:26:00,1724340360,217.84,218.18,217.82,218.15,177578
1677,2024-08-22 08:27:00,1724340420,218.14,218.34,218.0,218.33,131407
1678,2024-08-22 08:28:00,1724340480,218.3,218.46,218.24,218.33,115828
1679,2024-08-22 08:29:00,1724340540,218.36,218.41,218.15,218.33,81732
1680,2024-08-22 08:30:00,1724340600,218.34,218.43,218.0,218.07,118348
1681,2024-08-22 08:31:00,1724340660,218.03,218.4,218.01,218.36,112871
1682,2024-08-22 08:32:00,1724340720,218.36,218.39,218.02,218.07,74870
1683,2024-08-22 08:33:00,1724340780,218.1,218.22,217.54,217.55,165076
1684,2024-08-22 08:34:00,1724340840,217.55,217.92,217.53,217.77,159110
1685,2024-08-22 08:35:00,1724340900,217.79,217.96,217.6,217.75,107022
1686,2024-08-22 08:36:00,1724340960,217.77,218.15,217.68,218.06,109770
1687,2024-08-22 08:37:00,1724341020,218.06,218.16,217.88,217.92,119889
1688,2024-08-22 08:38:00,1724341080,217.92,217.95,217.38,217.49,273451
1689,2024-08-22 08:39:00,1724341140,217.5,217.54,217.1,217.2,276989
1690,2024-08-22 08:40:00,1724341200,217.21,217.59,217.13,217.47,168840
1691,2024-08-22 08:41:00,1724341260,217.5,217.83,217.45,217.66,164603
1692,2024-08-22 08:42:00,1724341320,217.68,217.73,217.13,217.15,146558
1693,2024-08-22 08:43:00,1724341380,217.13,217.16,215.84,215.88,479346
1694,2024-08-22 08:44:00,1724341440,215.88,216.23,215.81,216.05,256834
1695,2024-08-22 08:45:00,1724341500,216.04,216.29,215.87,216.17,159193
1696,2024-08-22 08:46:00,1724341560,216.21,216.59,215.98,216.51,186296
1697,2024-08-22 08:47:00,1724341620,216.52,216.54,216.2,216.25,112147
1698,2024-08-22 08:48:00,1724341680,216.27,216.31,215.52,215.69,277277
1699,2024-08-22 08:49:00,1724341740,215.69,216.23,215.57,216.09,221690
1700,2024-08-22 08:50:00,1724341800,216.14,216.29,215.73,215.89,146378
1701,2024-08-22 08:51:00,1724341860,215.89,216.17,215.72,216.1,141903
1702,2024-08-22 08:52:00,1724341920,216.11,216.17,215.87,216.02,107281
1703,2024-08-22 08:53:00,1724341980,216.05,216.07,215.6,215.86,143775
1704,2024-08-22 08:54:00,1724342040,215.87,216.1,215.72,215.99,116774
1705,2024-08-22 08:55:00,1724342100,215.98,216.18,215.74,215.93,137396
1706,2024-08-22 08:56:00,1724342160,215.91,216.15,215.84,216.09,94131
1707,2024-08-22 08:57:00,1724342220,216.1,216.31,215.92,216.19,150828
1708,2024-08-22 08:58:00,1724342280,216.18,216.55,216.12,216.45,165245
1709,2024-08-22 08:59:00,1724342340,216.48,216.52,215.87,215.95,209161
1710,2024-08-22 09:00:00,1724342400,215.95,216.19,215.71,215.89,196768
1711,2024-08-22 09:01:00,1724342460,215.88,216.28,215.86,216.08,149708
1712,2024-08-22 09:02:00,1724342520,216.05,216.2,215.84,216.18,89674
1713,2024-08-22 09:03:00,1724342580,216.15,216.3,215.97,216.25,95658
1714,2024-08-22 09:04:00,1724342640,216.23,216.38,216.11,216.23,106632
1715,2024-08-22 09:05:00,1724342700,216.25,216.34,216.15,216.28,64752
1716,2024-08-22 09:06:00,1724342760,216.26,216.33,216.08,216.22,123320
1717,2024-08-22 09:07:00,1724342820,216.22,216.56,216.2,216.52,135783
1718,2024-08-22 09:08:00,1724342880,216.54,216.64,216.17,216.39,127701
1719,2024-08-22 09:09:00,1724342940,216.32,216.52,216.27,216.46,79254
1720,2024-08-22 09:10:00,1724343000,216.44,216.54,216.16,216.3,92418
1721,2024-08-22 09:11:00,1724343060,216.3,216.37,216.1,216.32,78157
1722,2024-08-22 09:12:00,1724343120,216.37,216.39,216.12,216.39,75995
1723,2024-08-22 09:13:00,1724343180,216.37,216.49,216.14,216.37,83308
1724,2024-08-22 09:14:00,1724343240,216.39,216.4,216.17,216.3,63683
1725,2024-08-22 09:15:00,1724343300,216.35,216.44,216.11,216.16,90154
1726,2024-08-22 09:16:00,1724343360,216.16,216.4,216.11,216.26,65581
1727,2024-08-22 09:17:00,1724343420,216.25,216.3,215.91,216.0,154983
1728,2024-08-22 09:18:00,1724343480,216.02,216.37,215.99,216.28,120056
1729,2024-08-22 09:19:00,1724343540,216.29,216.3,216.0,216.11,88406
1730,2024-08-22 09:20:00,1724343600,216.15,217.0,216.08,216.96,254878
1731,2024-08-22 09:21:00,1724343660,216.96,216.98,216.74,216.83,127703
1732,2024-08-22 09:22:00,1724343720,216.84,216.93,216.64,216.91,97481
1733,2024-08-22 09:23:00,1724343780,216.9,216.99,216.82,216.98,59715
1734,2024-08-22 09:24:00,1724343840,216.97,217.09,216.82,217.06,119402
1735,2024-08-22 09:25:00,1724343900,217.04,217.19,216.95,217.1,137685
1736,2024-08-22 09:26:00,1724343960,217.07,217.49,217.01,217.42,168432
1737,2024-08-22 09:27:00,1724344020,217.44,217.61,217.22,217.31,207221
1738,2024-08-22 09:28:00,1724344080,217.33,217.34,217.11,217.24,102142
1739,2024-08-22 09:29:00,1724344140,217.25,217.33,217.16,217.19,60202
1740,2024-08-22 09:30:00,1724344200,217.19,217.52,217.15,217.41,134013
1741,2024-08-22 09:31:00,1724344260,217.41,217.5,217.23,217.28,103226
1742,2024-08-22 09:32:00,1724344320,217.26,217.34,217.1,217.24,109613
1743,2024-08-22 09:33:00,1724344380,217.23,217.28,216.88,216.99,127616
1744,2024-08-22 09:34:00,1724344440,216.99,217.19,216.98,217.13,77760
1745,2024-08-22 09:35:00,1724344500,217.15,217.48,217.13,217.43,121796
1746,2024-08-22 09:36:00,1724344560,217.44,217.66,217.41,217.46,135264
1747,2024-08-22 09:37:00,1724344620,217.48,217.57,217.41,217.44,69705
1748,2024-08-22 09:38:00,1724344680,217.45,217.58,217.42,217.52,48715
1749,2024-08-22 09:39:00,1724344740,217.53,217.64,217.48,217.5,92765
1750,2024-08-22 09:40:00,1724344800,217.47,217.63,217.46,217.6,66721
1751,2024-08-22 09:41:00,1724344860,217.54,217.72,217.47,217.72,74798
1752,2024-08-22 09:42:00,1724344920,217.72,217.84,217.66,217.74,103721
1753,2024-08-22 09:43:00,1724344980,217.74,217.86,217.72,217.83,67211
1754,2024-08-22 09:44:00,1724345040,217.82,217.85,217.75,217.77,68994
1755,2024-08-22 09:45:00,1724345100,217.77,217.79,217.5,217.55,103149
1756,2024-08-22 09:46:00,1724345160,217.58,217.77,217.56,217.69,80377
1757,2024-08-22 09:47:00,1724345220,217.67,217.7,217.56,217.58,37738
1758,2024-08-22 09:48:00,1724345280,217.59,217.63,217.09,217.21,117292
1759,2024-08-22 09:49:00,1724345340,217.22,217.35,217.12,217.28,69065
1760,2024-08-22 09:50:00,1724345400,217.27,217.43,217.06,217.09,86581
1761,2024-08-22 09:51:00,1724345460,217.13,217.17,216.8,216.94,146291
1762,2024-08-22 09:52:00,1724345520,216.93,217.13,216.86,216.98,76250
1763,2024-08-22 09:53:00,1724345580,216.99,217.06,216.91,216.97,54512
1764,2024-08-22 09:54:00,1724345640,216.94,216.98,216.47,216.52,163818
1765,2024-08-22 09:55:00,1724345700,216.55,216.73,216.4,216.66,137421
1766,2024-08-22 09:56:00,1724345760,216.65,216.81,216.46,216.55,90514
1767,2024-08-22 09:57:00,1724345820,216.59,216.69,216.35,216.38,114176
1768,2024-08-22 09:58:00,1724345880,216.37,216.6,216.3,216.48,50545
1769,2024-08-22 09:59:00,1724345940,216.46,216.7,216.45,216.59,48924
1770,2024-08-22 10:00:00,1724346000,216.59,216.64,216.38,216.6,49982
1771,2024-08-22 10:01:00,1724346060,216.57,216.72,216.51,216.57,53599
1772,2024-08-22 10:02:00,1724346120,216.58,216.7,216.41,216.49,45489
1773,2024-08-22 10:03:00,1724346180,216.5,216.52,216.14,216.33,104893
1774,2024-08-22 10:04:00,1724346240,216.34,216.65,216.29,216.53,75084
1775,2024-08-22 10:05:00,1724346300,216.49,216.66,216.24,216.28,112562
1776,2024-08-22 10:06:00,1724346360,216.32,216.39,216.23,216.27,74031
1777,2024-08-22 10:07:00,1724346420,216.31,216.46,216.2,216.46,57960
1778,2024-08-22 10:08:00,1724346480,216.45,216.59,216.35,216.36,58128
1779,2024-08-22 10:09:00,1724346540,216.42,216.54,216.33,216.53,46276
1780,2024-08-22 10:10:00,1724346600,216.52,216.75,216.35,216.74,87220
1781,2024-08-22 10:11:00,1724346660,216.73,217.05,216.71,216.88,180853
1782,2024-08-22 10:12:00,1724346720,216.87,216.96,216.7,216.74,75026
1783,2024-08-22 10:13:00,1724346780,216.73,216.77,215.82,215.85,187918
1784,2024-08-22 10:14:00,1724346840,215.9,216.05,215.87,215.99,125313
1785,2024-08-22 10:15:00,1724346900,216.01,216.37,215.99,216.11,106935
1786,2024-08-22 10:16:00,1724346960,216.11,216.18,216.01,216.07,62380
1787,2024-08-22 10:17:00,1724347020,216.07,216.17,215.96,216.16,53239
1788,2024-08-22 10:18:00,1724347080,216.16,216.35,216.04,216.2,80962
1789,2024-08-22 10:19:00,1724347140,216.19,216.33,216.04,216.05,92615
1790,2024-08-22 10:20:00,1724347200,216.06,216.28,216.04,216.13,71308
1791,2024-08-22 10:21:00,1724347260,216.09,216.19,216.03,216.09,62675
1792,2024-08-22 10:22:00,1724347320,216.09,216.11,215.64,215.66,169527
1793,2024-08-22 10:23:00,1724347380,215.64,215.86,215.6,215.81,125824
1794,2024-08-22 10:24:00,1724347440,215.78,215.98,215.73,215.79,93784
1795,2024-08-22 10:25:00,1724347500,215.78,215.84,215.65,215.79,85259
1796,2024-08-22 10:26:00,1724347560,215.8,215.98,215.7,215.81,71216
1797,2024-08-22 10:27:00,1724347620,215.8,216.03,215.79,215.99,52329
1798,2024-08-22 10:28:00,1724347680,215.97,216.02,215.77,215.85,119239
1799,2024-08-22 10:29:00,1724347740,215.83,215.94,215.64,215.67,88598
1800,2024-08-22 10:30:00,1724347800,215.63,215.81,215.57,215.6,115371
1801,2024-08-22 10:31:00,1724347860,215.6,215.72,214.55,214.58,440476
1802,2024-08-22 10:32:00,1724347920,214.58,214.93,214.46,214.63,194894
1803,2024-08-22 10:33:00,1724347980,214.64,214.96,214.54,214.91,144300
1804,2024-08-22 10:34:00,1724348040,214.9,215.03,214.68,214.69,103440
1805,2024-08-22 10:35:00,1724348100,214.68,214.92,214.64,214.71,93779
1806,2024-08-22 10:36:00,1724348160,214.75,214.9,214.6,214.74,79747
1807,2024-08-22 10:37:00,1724348220,214.74,215.0,214.68,214.87,105991
1808,2024-08-22 10:38:00,1724348280,214.86,214.94,214.71,214.81,69600
1809,2024-08-22 10:39:00,1724348340,214.86,214.86,214.61,214.66,84160
1810,2024-08-22 10:40:00,1724348400,214.66,214.68,214.31,214.47,205140
1811,2024-08-22 10:41:00,1724348460,214.5,214.6,214.41,214.51,93368
1812,2024-08-22 10:42:00,1724348520,214.47,214.54,214.35,214.43,69984
1813,2024-08-22 10:43:00,1724348580,214.38,214.55,214.36,214.4,90762
1814,2024-08-22 10:44:00,1724348640,214.42,214.48,214.25,214.38,99220
1815,2024-08-22 10:45:00,1724348700,214.38,214.41,214.17,214.27,105645
1816,2024-08-22 10:46:00,1724348760,214.26,214.39,214.13,214.2,135500
1817,2024-08-22 10:47:00,1724348820,214.18,214.38,214.12,214.13,123811
1818,2024-08-22 10:48:00,1724348880,214.15,214.32,213.89,213.98,168701
1819,2024-08-22 10:49:00,1724348940,213.95,213.98,213.69,213.75,191939
1820,2024-08-22 10:50:00,1724349000,213.72,214.04,213.72,213.87,126638
1821,2024-08-22 10:51:00,1724349060,213.89,213.9,213.7,213.72,139656
1822,2024-08-22 10:52:00,1724349120,213.71,213.73,213.41,213.52,185610
1823,2024-08-22 10:53:00,1724349180,213.52,213.55,213.27,213.38,186190
1824,2024-08-22 10:54:00,1724349240,213.35,213.48,213.06,213.12,193919
1825,2024-08-22 10:55:00,1724349300,213.13,213.44,213.12,213.39,142287
1826,2024-08-22 10:56:00,1724349360,213.41,213.66,213.32,213.58,152353
1827,2024-08-22 10:57:00,1724349420,213.56,213.8,213.54,213.72,103604
1828,2024-08-22 10:58:00,1724349480,213.72,213.72,213.5,213.55,99958
1829,2024-08-22 10:59:00,1724349540,213.56,213.77,213.53,213.66,77610
1830,2024-08-22 11:00:00,1724349600,213.65,213.76,213.51,213.51,92444
1831,2024-08-22 11:01:00,1724349660,213.53,213.69,213.4,213.45,76080
1832,2024-08-22 11:02:00,1724349720,213.46,213.57,213.33,213.51,147975
1833,2024-08-22 11:03:00,1724349780,213.48,213.62,213.4,213.42,76924
1834,2024-08-22 11:04:00,1724349840,213.47,213.55,213.29,213.34,85244
1835,2024-08-22 11:05:00,1724349900,213.35,213.53,213.29,213.41,112172
1836,2024-08-22 11:06:00,1724349960,213.4,213.45,213.29,213.32,65429
1837,2024-08-22 11:07:00,1724350020,213.32,213.45,213.2,213.43,131021
1838,2024-08-22 11:08:00,1724350080,213.44,213.52,213.33,213.46,95660
1839,2024-08-22 11:09:00,1724350140,213.45,213.58,213.35,213.5,95289
1840,2024-08-22 11:10:00,1724350200,213.51,213.54,213.28,213.35,82838
1841,2024-08-22 11:11:00,1724350260,213.37,213.58,213.34,213.51,90538
1842,2024-08-22 11:12:00,1724350320,213.5,213.55,213.33,213.39,75750
1843,2024-08-22 11:13:00,1724350380,213.4,213.51,213.27,213.42,84677
1844,2024-08-22 11:14:00,1724350440,213.42,213.84,213.41,213.8,129422
1845,2024-08-22 11:15:00,1724350500,213.8,214.11,213.8,213.99,192778
1846,2024-08-22 11:16:00,1724350560,213.99,214.01,213.76,213.89,102299
1847,2024-08-22 11:17:00,1724350620,213.9,213.9,213.63,213.64,93472
1848,2024-08-22 11:18:00,1724350680,213.65,213.84,213.59,213.81,89041
1849,2024-08-22 11:19:00,1724350740,213.78,214.0,213.68,213.9,82207
1850,2024-08-22 11:20:00,1724350800,213.91,214.1,213.85,213.94,123532
1851,2024-08-22 11:21:00,1724350860,213.94,214.02,213.76,213.76,78978
1852,2024-08-22 11:22:00,1724350920,213.75,213.82,213.63,213.77,104265
1853,2024-08-22 11:23:00,1724350980,213.77,213.99,213.74,213.77,98425
1854,2024-08-22 11:24:00,1724351040,213.76,213.87,213.66,213.76,71069
1855,2024-08-22 11:25:00,1724351100,213.74,213.82,213.57,213.68,68497
1856,2024-08-22 11:26:00,1724351160,213.71,213.93,213.71,213.85,64401
1857,2024-08-22 11:27:00,1724351220,213.84,213.92,213.77,213.82,46834
1858,2024-08-22 11:28:00,1724351280,213.81,213.86,213.73,213.83,67927
1859,2024-08-22 11:29:00,1724351340,213.83,214.04,213.81,213.95,110998
1860,2024-08-22 11:30:00,1724351400,213.94,213.95,213.54,213.59,104505
1861,2024-08-22 11:31:00,1724351460,213.58,213.81,213.53,213.58,103648
1862,2024-08-22 11:32:00,1724351520,213.6,213.81,213.6,213.72,66535
1863,2024-08-22 11:33:00,1724351580,213.73,213.85,213.69,213.78,54890
1864,2024-08-22 11:34:00,1724351640,213.78,213.91,213.65,213.67,61709
1865,2024-08-22 11:35:00,1724351700,213.68,213.77,213.57,213.65,46769
1866,2024-08-22 11:36:00,1724351760,213.64,213.89,213.61,213.78,54090
1867,2024-08-22 11:37:00,1724351820,213.81,214.03,213.78,213.97,95412
1868,2024-08-22 11:38:00,1724351880,213.96,214.05,213.9,214.01,72306
1869,2024-08-22 11:39:00,1724351940,214.0,214.02,213.85,213.92,68581
1870,2024-08-22 11:40:00,1724352000,213.9,214.06,213.8,213.98,66772
1871,2024-08-22 11:41:00,1724352060,213.94,214.09,213.89,213.98,76070
1872,2024-08-22 11:42:00,1724352120,214.02,214.07,213.8,213.84,74752
1873,2024-08-22 11:43:00,1724352180,213.83,213.95,213.78,213.85,59431
1874,2024-08-22 11:44:00,1724352240,213.82,213.99,213.76,213.96,43012
1875,2024-08-22 11:45:00,1724352300,213.94,214.08,213.84,214.0,83232
1876,2024-08-22 11:46:00,1724352360,214.0,214.06,213.85,213.94,63083
1877,2024-08-22 11:47:00,1724352420,213.94,214.15,213.89,214.1,90288
1878,2024-08-22 11:48:00,1724352480,214.08,214.12,213.9,213.9,93158
1879,2024-08-22 11:49:00,1724352540,213.88,214.01,213.7,213.78,108235
1880,2024-08-22 11:50:00,1724352600,213.78,213.87,213.68,213.75,63758
1881,2024-08-22 11:51:00,1724352660,213.75,213.86,213.71,213.76,57999
1882,2024-08-22 11:52:00,1724352720,213.76,213.79,213.62,213.69,79527
1883,2024-08-22 11:53:00,1724352780,213.68,213.71,213.55,213.59,59697
1884,2024-08-22 11:54:00,1724352840,213.59,213.78,213.28,213.33,168928
1885,2024-08-22 11:55:00,1724352900,213.33,213.59,213.31,213.37,87806
1886,2024-08-22 11:56:00,1724352960,213.39,213.63,213.35,213.5,87067
1887,2024-08-22 11:57:00,1724353020,213.49,213.51,213.23,213.23,76485
1888,2024-08-22 11:58:00,1724353080,213.25,213.37,212.98,213.05,166773
1889,2024-08-22 11:59:00,1724353140,213.06,213.17,212.92,213.09,136385
1890,2024-08-22 12:00:00,1724353200,213.09,213.28,213.09,213.25,97378
1891,2024-08-22 12:01:00,1724353260,213.28,213.87,213.28,213.66,195778
1892,2024-08-22 12:02:00,1724353320,213.66,214.1,213.66,214.02,169134
1893,2024-08-22 12:03:00,1724353380,214.0,214.06,213.81,213.85,93444
1894,2024-08-22 12:04:00,1724353440,213.86,214.14,213.86,213.99,133356
1895,2024-08-22 12:05:00,1724353500,213.99,214.07,213.96,213.99,102015
1896,2024-08-22 12:06:00,1724353560,213.97,214.06,213.91,213.93,79472
1897,2024-08-22 12:07:00,1724353620,213.92,213.98,213.76,213.9,90692
1898,2024-08-22 12:08:00,1724353680,213.89,213.96,213.8,213.82,72096
1899,2024-08-22 12:09:00,1724353740,213.81,213.99,213.72,213.83,74098
1900,2024-08-22 12:10:00,1724353800,213.84,213.84,213.44,213.47,109148
1901,2024-08-22 12:11:00,1724353860,213.46,213.64,213.45,213.6,78654
1902,2024-08-22 12:12:00,1724353920,213.61,213.75,213.59,213.64,68495
1903,2024-08-22 12:13:00,1724353980,213.63,213.78,213.61,213.75,45482
1904,2024-08-22 12:14:00,1724354040,213.76,213.85,213.65,213.76,48694
1905,2024-08-22 12:15:00,1724354100,213.78,213.98,213.72,213.74,81677
1906,2024-08-22 12:16:00,1724354160,213.73,213.94,213.58,213.9,86938
1907,2024-08-22 12:17:00,1724354220,213.9,213.95,213.61,213.61,105742
1908,2024-08-22 12:18:00,1724354280,213.61,213.63,213.44,213.47,129639
1909,2024-08-22 12:19:00,1724354340,213.46,213.56,213.44,213.51,74835
1910,2024-08-22 12:20:00,1724354400,213.51,213.54,213.32,213.35,76661
1911,2024-08-22 12:21:00,1724354460,213.37,213.46,213.32,213.39,55424
1912,2024-08-22 12:22:00,1724354520,213.4,213.4,212.94,213.03,163804
1913,2024-08-22 12:23:00,1724354580,213.05,213.16,212.76,212.76,198450
1914,2024-08-22 12:24:00,1724354640,212.82,213.0,212.77,212.9,65166
1915,2024-08-22 12:25:00,1724354700,212.92,213.3,212.89,213.17,182023
1916,2024-08-22 12:26:00,1724354760,213.16,213.35,213.03,213.09,131844
1917,2024-08-22 12:27:00,1724354820,213.1,213.14,212.95,213.01,112161
1918,2024-08-22 12:28:00,1724354880,213.01,213.03,212.88,213.01,109160
1919,2024-08-22 12:29:00,1724354940,212.99,213.03,212.81,212.83,108103
1920,2024-08-22 12:30:00,1724355000,212.84,213.03,212.84,212.92,101644
1921,2024-08-22 12:31:00,1724355060,212.94,213.19,212.82,212.9,105317
1922,2024-08-22 12:32:00,1724355120,212.9,212.96,212.35,212.49,287554
1923,2024-08-22 12:33:00,1724355180,212.48,212.63,212.43,212.47,108380
1924,2024-08-22 12:34:00,1724355240,212.45,212.47,212.25,212.28,120652
1925,2024-08-22 12:35:00,1724355300,212.29,212.35,211.96,211.99,247876
1926,2024-08-22 12:36:00,1724355360,211.99,212.27,211.9,212.0,211843
1927,2024-08-22 12:37:00,1724355420,211.99,212.42,211.91,212.18,258220
1928,2024-08-22 12:38:00,1724355480,212.19,212.29,212.05,212.06,124728
1929,2024-08-22 12:39:00,1724355540,212.07,212.13,211.66,211.74,240599
1930,2024-08-22 12:40:00,1724355600,211.75,211.79,211.53,211.59,196165
1931,2024-08-22 12:41:00,1724355660,211.62,211.9,211.51,211.62,160035
1932,2024-08-22 12:42:00,1724355720,211.63,211.82,211.61,211.65,115450
1933,2024-08-22 12:43:00,1724355780,211.63,211.79,211.52,211.52,139388
1934,2024-08-22 12:44:00,1724355840,211.51,211.65,211.32,211.45,152885
1935,2024-08-22 12:45:00,1724355900,211.48,211.63,211.32,211.34,194265
1936,2024-08-22 12:46:00,1724355960,211.36,211.62,211.26,211.39,208979
1937,2024-08-22 12:47:00,1724356020,211.38,211.55,211.34,211.4,128790
1938,2024-08-22 12:48:00,1724356080,211.43,211.54,211.31,211.46,135144
1939,2024-08-22 12:49:00,1724356140,211.42,211.59,211.31,211.48,151676
1940,2024-08-22 12:50:00,1724356200,211.49,211.63,210.88,211.06,377079
1941,2024-08-22 12:51:00,1724356260,211.03,211.03,210.53,210.64,289720
1942,2024-08-22 12:52:00,1724356320,210.62,210.94,210.56,210.62,219995
1943,2024-08-22 12:53:00,1724356380,210.64,210.82,210.58,210.67,201629
1944,2024-08-22 12:54:00,1724356440,210.66,211.04,210.55,210.87,298988
1945,2024-08-22 12:55:00,1724356500,210.89,211.18,210.81,210.84,264598
1946,2024-08-22 12:56:00,1724356560,210.8,211.08,210.73,210.89,217511
1947,2024-08-22 12:57:00,1724356620,210.89,211.09,210.6,210.82,194975
1948,2024-08-22 12:58:00,1724356680,210.83,210.88,210.67,210.71,254967
1949,2024-08-22 12:59:00,1724356740,210.71,210.89,210.32,210.66,880749
1950,2024-08-23 06:30:00,1724419800,214.46,215.41,214.21,214.64,660347
1951,2024-08-23 06:31:00,1724419860,214.53,215.26,214.37,214.89,404125
1952,2024-08-23 06:32:00,1724419920,214.87,215.98,214.49,215.89,542018
1953,2024-08-23 06:33:00,1724419980,215.93,216.39,215.5,216.28,626544
1954,2024-08-23 06:34:00,1724420040,216.28,216.36,215.31,215.83,462030
1955,2024-08-23 06:35:00,1724420100,215.89,216.1,215.37,216.09,315518
1956,2024-08-23 06:36:00,1724420160,216.1,217.05,215.97,216.79,602000
1957,2024-08-23 06:37:00,1724420220,216.84,216.85,216.4,216.67,335485
1958,2024-08-23 06:38:00,1724420280,216.7,216.73,215.7,215.94,387908
1959,2024-08-23 06:39:00,1724420340,215.94,216.76,215.76,216.74,343825
1960,2024-08-23 06:40:00,1724420400,216.72,217.26,216.69,217.11,374724
1961,2024-08-23 06:41:00,1724420460,217.09,217.15,216.5,216.76,266834
1962,2024-08-23 06:42:00,1724420520,216.77,216.79,216.01,216.56,419962
1963,2024-08-23 06:43:00,1724420580,216.56,216.6,216.05,216.46,262531
1964,2024-08-23 06:44:00,1724420640,216.47,216.51,216.11,216.33,174563
1965,2024-08-23 06:45:00,1724420700,216.25,216.46,215.71,216.17,345251
1966,2024-08-23 06:46:00,1724420760,216.08,216.51,215.34,216.06,417314
1967,2024-08-23 06:47:00,1724420820,216.04,216.38,215.92,216.37,368977
1968,2024-08-23 06:48:00,1724420880,216.34,216.75,216.33,216.54,265380
1969,2024-08-23 06:49:00,1724420940,216.6,216.68,216.4,216.63,173361
1970,2024-08-23 06:50:00,1724421000,216.6,217.14,216.56,216.84,350012
1971,2024-08-23 06:51:00,1724421060,216.84,217.29,216.77,216.81,344428
1972,2024-08-23 06:52:00,1724421120,216.85,216.96,216.17,216.21,314520
1973,2024-08-23 06:53:00,1724421180,216.23,216.69,216.15,216.51,159488
1974,2024-08-23 06:54:00,1724421240,216.53,217.24,216.52,217.03,261183
1975,2024-08-23 06:55:00,1724421300,216.98,217.1,216.64,216.95,245183
1976,2024-08-23 06:56:00,1724421360,216.94,217.23,216.5,216.62,274028
1977,2024-08-23 06:57:00,1724421420,216.62,216.72,216.3,216.4,156049
1978,2024-08-23 06:58:00,1724421480,216.47,216.63,216.25,216.44,139843
1979,2024-08-23 06:59:00,1724421540,216.4,216.64,216.2,216.59,137716
1980,2024-08-23 07:00:00,1724421600,216.64,218.39,216.61,218.38,681406
1981,2024-08-23 07:01:00,1724421660,218.38,218.4,217.91,218.18,355399
1982,2024-08-23 07:02:00,1724421720,218.22,219.42,218.19,219.4,563139
1983,2024-08-23 07:03:00,1724421780,219.41,219.46,218.74,218.85,383658
1984,2024-08-23 07:04:00,1724421840,218.85,219.1,218.66,218.75,309774
1985,2024-08-23 07:05:00,1724421900,218.77,218.87,218.08,218.13,311497
1986,2024-08-23 07:06:00,1724421960,218.11,218.56,217.61,218.46,399342
1987,2024-08-23 07:07:00,1724422020,218.46,218.71,218.21,218.44,257736
1988,2024-08-23 07:08:00,1724422080,218.45,219.24,218.41,219.23,365470
1989,2024-08-23 07:09:00,1724422140,219.19,219.35,218.87,219.17,319502
1990,2024-08-23 07:10:00,1724422200,219.19,219.46,218.95,219.19,313593
1991,2024-08-23 07:11:00,1724422260,219.2,219.2,218.64,218.96,275215
1992,2024-08-23 07:12:00,1724422320,218.98,219.34,218.88,219.28,231152
1993,2024-08-23 07:13:00,1724422380,219.31,219.43,219.05,219.29,235086
1994,2024-08-23 07:14:00,1724422440,219.29,219.55,218.83,218.94,331643
1995,2024-08-23 07:15:00,1724422500,218.92,219.8,218.9,219.73,354414
1996,2024-08-23 07:16:00,1724422560,219.77,220.28,219.2,219.44,633283
1997,2024-08-23 07:17:00,1724422620,219.46,219.59,218.26,218.95,487512
1998,2024-08-23 07:18:00,1724422680,218.96,219.64,218.82,219.62,335394
1999,2024-08-23 07:19:00,1724422740,219.64,220.0,219.34,219.8,293588
2000,2024-08-23 07:20:00,1724422800,219.79,219.82,219.12,219.41,221589
2001,2024-08-23 07:21:00,1724422860,219.42,219.55,219.15,219.28,150531
2002,2024-08-23 07:22:00,1724422920,219.31,219.75,219.25,219.72,208560
2003,2024-08-23 07:23:00,1724422980,219.69,220.5,219.66,220.4,480374
2004,2024-08-23 07:24:00,1724423040,220.4,220.76,220.16,220.71,288055
2005,2024-08-23 07:25:00,1724423100,220.7,220.8,220.2,220.61,236122
2006,2024-08-23 07:26:00,1724423160,220.6,220.65,220.33,220.45,137475
2007,2024-08-23 07:27:00,1724423220,220.48,220.59,220.18,220.39,169037
2008,2024-08-23 07:28:00,1724423280,220.42,220.75,220.28,220.73,218166
2009,2024-08-23 07:29:00,1724423340,220.73,220.94,220.53,220.69,257358
2010,2024-08-23 07:30:00,1724423400,220.72,220.99,220.58,220.96,248594
2011,2024-08-23 07:31:00,1724423460,220.97,221.01,220.67,220.79,243443
2012,2024-08-23 07:32:00,1724423520,220.76,220.86,220.34,220.35,224027
2013,2024-08-23 07:33:00,1724423580,220.38,220.77,220.31,220.76,194206
2014,2024-08-23 07:34:00,1724423640,220.75,221.48,220.67,221.24,435298
2015,2024-08-23 07:35:00,1724423700,221.28,221.31,220.67,221.02,335314
2016,2024-08-23 07:36:00,1724423760,221.0,221.0,220.37,220.65,217492
2017,2024-08-23 07:37:00,1724423820,220.7,220.77,220.21,220.33,247667
2018,2024-08-23 07:38:00,1724423880,220.3,220.39,219.68,220.07,358686
2019,2024-08-23 07:39:00,1724423940,220.12,220.34,219.83,220.0,202711
2020,2024-08-23 07:40:00,1724424000,220.0,220.08,219.33,219.79,324630
2021,2024-08-23 07:41:00,1724424060,219.82,220.06,219.6,219.99,190694
2022,2024-08-23 07:42:00,1724424120,219.98,220.07,219.77,219.87,116864
2023,2024-08-23 07:43:00,1724424180,219.91,220.53,219.79,220.49,265286
2024,2024-08-23 07:44:00,1724424240,220.45,220.5,220.13,220.36,147090
2025,2024-08-23 07:45:00,1724424300,220.37,220.43,219.84,220.21,168260
2026,2024-08-23 07:46:00,1724424360,220.25,220.25,219.32,219.33,243998
2027,2024-08-23 07:47:00,1724424420,219.35,219.53,218.65,218.86,467636
2028,2024-08-23 07:48:00,1724424480,218.86,218.9,217.25,217.3,559756
2029,2024-08-23 07:49:00,1724424540,217.29,218.14,217.18,217.99,375434
2030,2024-08-23 07:50:00,1724424600,217.97,218.3,217.81,217.88,249286
2031,2024-08-23 07:51:00,1724424660,217.87,217.94,216.63,217.2,466762
2032,2024-08-23 07:52:00,1724424720,217.16,217.59,217.0,217.1,215920
2033,2024-08-23 07:53:00,1724424780,217.16,217.32,216.88,217.2,196398
2034,2024-08-23 07:54:00,1724424840,217.16,217.48,216.63,217.33,317593
2035,2024-08-23 07:55:00,1724424900,217.31,217.45,217.06,217.35,136521
2036,2024-08-23 07:56:00,1724424960,217.33,217.42,216.9,217.34,194702
2037,2024-08-23 07:57:00,1724425020,217.36,217.83,217.22,217.65,295271
2038,2024-08-23 07:58:00,1724425080,217.66,217.77,217.34,217.64,138171
2039,2024-08-23 07:59:00,1724425140,217.63,217.83,217.54,217.74,120103
2040,2024-08-23 08:00:00,1724425200,217.72,217.73,216.96,217.17,180084
2041,2024-08-23 08:01:00,1724425260,217.2,217.6,217.1,217.34,121980
2042,2024-08-23 08:02:00,1724425320,217.32,217.48,217.16,217.34,71635
2043,2024-08-23 08:03:00,1724425380,217.4,217.84,216.98,217.66,217846
2044,2024-08-23 08:04:00,1724425440,217.66,217.66,217.22,217.38,129841
2045,2024-08-23 08:05:00,1724425500,217.38,217.58,216.9,216.92,209614
2046,2024-08-23 08:06:00,1724425560,216.92,217.6,216.9,217.28,143296
2047,2024-08-23 08:07:00,1724425620,217.3,217.5,217.1,217.4,153646
2048,2024-08-23 08:08:00,1724425680,217.41,217.67,217.34,217.61,114953
2049,2024-08-23 08:09:00,1724425740,217.66,217.66,217.34,217.35,80582
2050,2024-08-23 08:10:00,1724425800,217.35,217.48,216.06,216.16,406555
2051,2024-08-23 08:11:00,1724425860,216.17,216.65,216.0,216.38,294911
2052,2024-08-23 08:12:00,1724425920,216.4,216.85,216.34,216.64,164862
2053,2024-08-23 08:13:00,1724425980,216.65,217.15,216.48,217.09,188500
2054,2024-08-23 08:14:00,1724426040,217.1,217.86,217.09,217.75,311792
2055,2024-08-23 08:15:00,1724426100,217.74,218.67,217.5,218.42,488454
2056,2024-08-23 08:16:00,1724426160,218.4,218.43,217.95,218.25,182013
2057,2024-08-23 08:17:00,1724426220,218.26,218.3,217.92,218.06,107173
2058,2024-08-23 08:18:00,1724426280,218.05,218.36,217.74,218.29,184153
2059,2024-08-23 08:19:00,1724426340,218.31,218.55,218.05,218.22,185878
2060,2024-08-23 08:20:00,1724426400,218.26,218.31,217.77,218.05,120076
2061,2024-08-23 08:21:00,1724426460,218.07,218.2,217.82,217.94,103148
2062,2024-08-23 08:22:00,1724426520,217.96,218.23,217.96,218.1,66819
2063,2024-08-23 08:23:00,1724426580,218.11,218.19,217.94,218.18,52138
2064,2024-08-23 08:24:00,1724426640,218.17,218.44,218.12,218.23,130322
2065,2024-08-23 08:25:00,1724426700,218.21,218.63,218.19,218.58,146779
2066,2024-08-23 08:26:00,1724426760,218.58,218.92,218.46,218.71,215688
2067,2024-08-23 08:27:00,1724426820,218.72,218.76,217.72,218.26,256917
2068,2024-08-23 08:28:00,1724426880,218.25,218.64,218.14,218.5,124440
2069,2024-08-23 08:29:00,1724426940,218.58,218.83,218.53,218.7,119257
2070,2024-08-23 08:30:00,1724427000,218.72,218.83,218.44,218.65,103698
2071,2024-08-23 08:31:00,1724427060,218.65,218.93,218.47,218.74,112986
2072,2024-08-23 08:32:00,1724427120,218.76,218.8,218.5,218.7,82760
2073,2024-08-23 08:33:00,1724427180,218.66,218.82,218.5,218.58,82310
2074,2024-08-23 08:34:00,1724427240,218.59,218.82,218.5,218.63,105500
2075,2024-08-23 08:35:00,1724427300,218.66,218.8,218.35,218.73,105243
2076,2024-08-23 08:36:00,1724427360,218.71,218.76,218.5,218.61,58600
2077,2024-08-23 08:37:00,1724427420,218.64,218.79,218.5,218.77,51171
2078,2024-08-23 08:38:00,1724427480,218.75,218.89,218.56,218.83,84242
2079,2024-08-23 08:39:00,1724427540,218.85,219.13,218.85,219.04,183073
2080,2024-08-23 08:40:00,1724427600,219.05,219.53,218.81,219.51,229716
2081,2024-08-23 08:41:00,1724427660,219.5,219.55,218.69,218.72,154246
2082,2024-08-23 08:42:00,1724427720,218.71,218.97,218.63,218.79,133679
2083,2024-08-23 08:43:00,1724427780,218.81,218.87,218.31,218.74,137778
2084,2024-08-23 08:44:00,1724427840,218.76,218.85,217.9,218.21,268082
2085,2024-08-23 08:45:00,1724427900,218.19,218.22,217.49,217.81,198069
2086,2024-08-23 08:46:00,1724427960,217.78,218.15,217.33,218.05,264764
2087,2024-08-23 08:47:00,1724428020,218.0,218.25,217.85,218.23,108323
2088,2024-08-23 08:48:00,1724428080,218.23,218.4,218.04,218.15,121810
2089,2024-08-23 08:49:00,1724428140,218.19,218.38,218.16,218.36,90464
2090,2024-08-23 08:50:00,1724428200,218.35,218.37,218.0,218.34,107136
2091,2024-08-23 08:51:00,1724428260,218.31,218.37,217.98,218.16,119796
2092,2024-08-23 08:52:00,1724428320,218.11,218.28,217.76,217.95,135906
2093,2024-08-23 08:53:00,1724428380,217.98,218.0,217.8,217.95,75353
2094,2024-08-23 08:54:00,1724428440,217.97,218.06,217.66,217.99,95280
2095,2024-08-23 08:55:00,1724428500,218.01,218.58,218.0,218.47,177535
2096,2024-08-23 08:56:00,1724428560,218.48,218.55,218.1,218.21,79382
2097,2024-08-23 08:57:00,1724428620,218.21,218.35,218.09,218.2,77828
2098,2024-08-23 08:58:00,1724428680,218.13,218.18,217.76,217.92,167629
2099,2024-08-23 08:59:00,1724428740,217.93,218.09,217.68,217.77,79891
2100,2024-08-23 09:00:00,1724428800,217.8,217.93,216.91,217.02,215791
2101,2024-08-23 09:01:00,1724428860,216.97,217.29,216.94,217.06,106113
2102,2024-08-23 09:02:00,1724428920,217.06,217.24,216.9,216.98,150997
2103,2024-08-23 09:03:00,1724428980,217.0,217.3,216.88,217.17,165126
2104,2024-08-23 09:04:00,1724429040,217.16,217.37,217.16,217.18,89402
2105,2024-08-23 09:05:00,1724429100,217.17,217.3,216.72,216.77,126257
2106,2024-08-23 09:06:00,1724429160,216.77,217.31,216.52,217.17,238130
2107,2024-08-23 09:07:00,1724429220,217.12,217.28,217.05,217.2,77223
2108,2024-08-23 09:08:00,1724429280,217.2,217.55,217.11,217.35,131533
2109,2024-08-23 09:09:00,1724429340,217.34,217.45,217.23,217.31,54230
2110,2024-08-23 09:10:00,1724429400,217.33,217.35,216.91,217.02,99848
2111,2024-08-23 09:11:00,1724429460,217.03,217.2,216.97,217.13,64512
2112,2024-08-23 09:12:00,1724429520,217.13,217.25,216.97,217.03,64411
2113,2024-08-23 09:13:00,1724429580,217.01,217.05,216.7,216.77,151778
2114,2024-08-23 09:14:00,1724429640,216.77,216.78,216.11,216.25,238731
2115,2024-08-23 09:15:00,1724429700,216.26,216.73,216.19,216.5,190618
2116,2024-08-23 09:16:00,1724429760,216.54,216.89,216.48,216.62,145417
2117,2024-08-23 09:17:00,1724429820,216.6,216.71,216.25,216.45,118746
2118,2024-08-23 09:18:00,1724429880,216.42,216.88,216.34,216.78,165766
2119,2024-08-23 09:19:00,1724429940,216.78,217.24,216.74,216.96,157094
2120,2024-08-23 09:20:00,1724430000,216.99,217.01,216.67,216.73,88833
2121,2024-08-23 09:21:00,1724430060,216.74,217.05,216.57,216.91,135666
2122,2024-08-23 09:22:00,1724430120,216.87,217.07,216.73,216.84,47866
2123,2024-08-23 09:23:00,1724430180,216.84,217.03,216.8,216.99,71094
2124,2024-08-23 09:24:00,1724430240,216.98,217.1,216.8,216.83,85398
2125,2024-08-23 09:25:00,1724430300,216.85,216.96,216.6,216.64,100134
2126,2024-08-23 09:26:00,1724430360,216.61,216.7,216.24,216.68,170375
2127,2024-08-23 09:27:00,1724430420,216.64,216.89,216.58,216.69,123942
2128,2024-08-23 09:28:00,1724430480,216.7,216.75,216.33,216.53,154591
2129,2024-08-23 09:29:00,1724430540,216.58,216.77,216.45,216.69,121246
2130,2024-08-23 09:30:00,1724430600,216.7,217.22,216.6,217.07,142171
2131,2024-08-23 09:31:00,1724430660,217.03,217.2,216.87,217.12,101690
2132,2024-08-23 09:32:00,1724430720,217.12,217.12,216.93,217.05,59353
2133,2024-08-23 09:33:00,1724430780,217.06,217.16,216.91,216.95,75380
2134,2024-08-23 09:34:00,1724430840,216.98,217.4,216.94,217.25,130090
2135,2024-08-23 09:35:00,1724430900,217.22,217.58,217.22,217.37,134852
2136,2024-08-23 09:36:00,1724430960,217.41,217.63,217.4,217.47,93549
2137,2024-08-23 09:37:00,1724431020,217.5,217.66,217.42,217.55,90658
2138,2024-08-23 09:38:00,1724431080,217.56,217.59,217.21,217.41,88075
2139,2024-08-23 09:39:00,1724431140,217.36,217.44,217.13,217.17,70369
2140,2024-08-23 09:40:00,1724431200,217.19,217.32,217.1,217.18,55375
2141,2024-08-23 09:41:00,1724431260,217.18,217.21,216.76,216.84,98889
2142,2024-08-23 09:42:00,1724431320,216.8,216.88,215.81,215.91,249060
2143,2024-08-23 09:43:00,1724431380,215.9,216.26,215.81,216.16,135366
2144,2024-08-23 09:44:00,1724431440,216.18,216.45,216.12,216.2,116631
2145,2024-08-23 09:45:00,1724431500,216.24,216.33,216.05,216.08,77778
2146,2024-08-23 09:46:00,1724431560,216.05,216.08,215.67,215.94,172778
2147,2024-08-23 09:47:00,1724431620,215.94,216.32,215.85,216.2,126635
2148,2024-08-23 09:48:00,1724431680,216.23,216.32,216.11,216.11,54469
2149,2024-08-23 09:49:00,1724431740,216.11,216.38,216.02,216.28,82887
2150,2024-08-23 09:50:00,1724431800,216.26,216.7,216.2,216.57,130605
2151,2024-08-23 09:51:00,1724431860,216.57,217.08,216.35,216.92,152698
2152,2024-08-23 09:52:00,1724431920,216.93,216.98,216.74,216.78,104042
2153,2024-08-23 09:53:00,1724431980,216.78,217.04,216.61,217.04,101215
2154,2024-08-23 09:54:00,1724432040,217.02,217.18,216.95,217.04,119979
2155,2024-08-23 09:55:00,1724432100,217.05,217.58,217.03,217.46,159728
2156,2024-08-23 09:56:00,1724432160,217.48,217.62,217.34,217.6,96817
2157,2024-08-23 09:57:00,1724432220,217.6,217.68,217.35,217.42,110494
2158,2024-08-23 09:58:00,1724432280,217.42,217.46,217.26,217.39,95941
2159,2024-08-23 09:59:00,1724432340,217.39,217.41,217.1,217.39,72843
2160,2024-08-23 10:00:00,1724432400,217.36,217.49,217.23,217.35,57350
2161,2024-08-23 10:01:00,1724432460,217.32,217.59,217.32,217.54,100494
2162,2024-08-23 10:02:00,1724432520,217.52,217.81,217.46,217.63,160963
2163,2024-08-23 10:03:00,1724432580,217.61,217.67,217.43,217.49,122971
2164,2024-08-23 10:04:00,1724432640,217.53,217.64,217.42,217.54,66589
2165,2024-08-23 10:05:00,1724432700,217.52,217.81,217.4,217.69,121242
2166,2024-08-23 10:06:00,1724432760,217.73,217.86,217.6,217.68,90833
2167,2024-08-23 10:07:00,1724432820,217.7,217.77,217.56,217.7,72268
2168,2024-08-23 10:08:00,1724432880,217.7,217.85,217.62,217.8,45086
2169,2024-08-23 10:09:00,1724432940,217.77,217.78,217.64,217.73,80784
2170,2024-08-23 10:10:00,1724433000,217.76,217.83,217.65,217.66,68516
2171,2024-08-23 10:11:00,1724433060,217.75,217.81,217.44,217.56,103428
2172,2024-08-23 10:12:00,1724433120,217.58,217.86,217.57,217.82,69005
2173,2024-08-23 10:13:00,1724433180,217.84,217.9,217.74,217.87,83081
2174,2024-08-23 10:14:00,1724433240,217.87,218.05,217.77,217.99,157801
2175,2024-08-23 10:15:00,1724433300,218.01,218.18,217.96,218.14,156393
2176,2024-08-23 10:16:00,1724433360,218.12,218.17,217.96,218.08,108142
2177,2024-08-23 10:17:00,1724433420,218.07,218.07,217.95,217.98,37259
2178,2024-08-23 10:18:00,1724433480,217.98,218.12,217.96,217.99,54237
2179,2024-08-23 10:19:00,1724433540,218.0,218.09,217.92,218.09,40100
2180,2024-08-23 10:20:00,1724433600,218.1,218.12,217.97,218.09,45318
2181,2024-08-23 10:21:00,1724433660,218.09,218.09,217.83,218.01,75376
2182,2024-08-23 10:22:00,1724433720,218.01,218.85,218.0,218.51,294571
2183,2024-08-23 10:23:00,1724433780,218.52,218.55,218.36,218.37,82752
2184,2024-08-23 10:24:00,1724433840,218.39,218.55,218.36,218.47,68702
2185,2024-08-23 10:25:00,1724433900,218.45,218.54,218.37,218.41,69058
2186,2024-08-23 10:26:00,1724433960,218.41,218.55,218.31,218.52,79018
2187,2024-08-23 10:27:00,1724434020,218.49,218.53,218.38,218.48,66723
2188,2024-08-23 10:28:00,1724434080,218.49,218.82,218.46,218.75,103449
2189,2024-08-23 10:29:00,1724434140,218.75,218.89,218.7,218.78,105993
2190,2024-08-23 10:30:00,1724434200,218.81,218.85,218.68,218.72,60436
2191,2024-08-23 10:31:00,1724434260,218.71,218.94,218.67,218.92,92852
2192,2024-08-23 10:32:00,1724434320,218.92,219.0,218.81,218.98,95338
2193,2024-08-23 10:33:00,1724434380,218.95,219.02,218.89,218.95,78569
2194,2024-08-23 10:34:00,1724434440,218.98,219.1,218.88,219.06,68613
2195,2024-08-23 10:35:00,1724434500,219.05,219.25,218.98,219.23,103559
2196,2024-08-23 10:36:00,1724434560,219.24,219.25,218.99,219.01,88467
2197,2024-08-23 10:37:00,1724434620,219.01,219.23,218.94,219.23,71662
2198,2024-08-23 10:38:00,1724434680,219.23,219.23,219.11,219.18,59736
2199,2024-08-23 10:39:00,1724434740,219.19,219.29,219.12,219.26,50002
2200,2024-08-23 10:40:00,1724434800,219.24,219.3,219.13,219.23,80461
2201,2024-08-23 10:41:00,1724434860,219.26,219.4,219.26,219.38,97556
2202,2024-08-23 10:42:00,1724434920,219.38,219.53,219.34,219.37,113458
2203,2024-08-23 10:43:00,1724434980,219.38,219.42,219.28,219.33,49241
2204,2024-08-23 10:44:00,1724435040,219.33,219.62,219.32,219.61,118580
2205,2024-08-23 10:45:00,1724435100,219.62,219.66,219.43,219.44,84993
2206,2024-08-23 10:46:00,1724435160,219.43,219.6,219.33,219.37,86002
2207,2024-08-23 10:47:00,1724435220,219.37,219.56,219.3,219.52,63873
2208,2024-08-23 10:48:00,1724435280,219.5,219.54,219.36,219.36,40733
2209,2024-08-23 10:49:00,1724435340,219.4,219.43,219.27,219.39,54700
2210,2024-08-23 10:50:00,1724435400,219.4,219.57,219.39,219.5,52981
2211,2024-08-23 10:51:00,1724435460,219.52,219.52,219.29,219.35,42272
2212,2024-08-23 10:52:00,1724435520,219.36,219.63,219.28,219.54,71212
2213,2024-08-23 10:53:00,1724435580,219.57,219.75,219.56,219.58,119385
2214,2024-08-23 10:54:00,1724435640,219.58,219.63,219.46,219.54,54501
2215,2024-08-23 10:55:00,1724435700,219.53,219.57,219.3,219.45,78653
2216,2024-08-23 10:56:00,1724435760,219.46,219.46,219.15,219.44,132216
2217,2024-08-23 10:57:00,1724435820,219.44,219.47,219.32,219.35,45549
2218,2024-08-23 10:58:00,1724435880,219.35,219.46,219.31,219.41,35856
2219,2024-08-23 10:59:00,1724435940,219.42,219.53,219.41,219.46,46728
2220,2024-08-23 11:00:00,1724436000,219.49,219.5,219.36,219.38,68451
2221,2024-08-23 11:01:00,1724436060,219.39,219.5,219.32,219.4,74268
2222,2024-08-23 11:02:00,1724436120,219.42,219.64,219.4,219.64,97947
2223,2024-08-23 11:03:00,1724436180,219.65,219.72,219.55,219.6,84116
2224,2024-08-23 11:04:00,1724436240,219.59,219.86,219.56,219.7,130543
2225,2024-08-23 11:05:00,1724436300,219.72,219.8,219.57,219.68,71068
2226,2024-08-23 11:06:00,1724436360,219.7,219.83,219.55,219.65,98742
2227,2024-08-23 11:07:00,1724436420,219.63,219.67,219.44,219.51,69594
2228,2024-08-23 11:08:00,1724436480,219.5,219.71,219.49,219.66,53909
2229,2024-08-23 11:09:00,1724436540,219.67,219.7,219.51,219.6,45320
2230,2024-08-23 11:10:00,1724436600,219.62,219.75,219.54,219.65,74474
2231,2024-08-23 11:11:00,1724436660,219.68,219.76,219.44,219.47,67283
2232,2024-08-23 11:12:00,1724436720,219.46,219.7,219.45,219.65,56199
2233,2024-08-23 11:13:00,1724436780,219.66,219.8,219.63,219.78,67037
2234,2024-08-23 11:14:00,1724436840,219.8,219.9,219.77,219.84,101027
2235,2024-08-23 11:15:00,1724436900,219.86,219.89,219.71,219.88,69185
2236,2024-08-23 11:16:00,1724436960,219.88,219.97,219.82,219.9,64780
2237,2024-08-23 11:17:00,1724437020,219.91,219.97,219.85,219.93,55335
2238,2024-08-23 11:18:00,1724437080,219.93,219.97,219.81,219.9,41415
2239,2024-08-23 11:19:00,1724437140,219.91,219.93,219.85,219.86,40562
2240,2024-08-23 11:20:00,1724437200,219.88,219.88,219.71,219.77,44613
2241,2024-08-23 11:21:00,1724437260,219.77,219.9,219.77,219.82,40391
2242,2024-08-23 11:22:00,1724437320,219.8,219.81,219.43,219.57,95560
2243,2024-08-23 11:23:00,1724437380,219.57,219.79,219.57,219.73,70209
2244,2024-08-23 11:24:00,1724437440,219.73,219.79,219.58,219.78,46253
2245,2024-08-23 11:25:00,1724437500,219.79,219.8,219.58,219.62,59291
2246,2024-08-23 11:26:00,1724437560,219.62,219.78,219.55,219.76,154824
2247,2024-08-23 11:27:00,1724437620,219.78,219.78,219.69,219.72,37668
2248,2024-08-23 11:28:00,1724437680,219.73,219.81,219.7,219.75,61359
2249,2024-08-23 11:29:00,1724437740,219.77,219.79,219.57,219.57,49044
2250,2024-08-23 11:30:00,1724437800,219.57,219.72,219.56,219.63,103866
2251,2024-08-23 11:31:00,1724437860,219.61,219.74,219.55,219.6,68234
2252,2024-08-23 11:32:00,1724437920,219.6,219.7,219.5,219.57,54125
2253,2024-08-23 11:33:00,1724437980,219.57,219.68,219.52,219.58,48552
2254,2024-08-23 11:34:00,1724438040,219.59,219.6,219.31,219.31,84416
2255,2024-08-23 11:35:00,1724438100,219.32,219.49,219.18,219.4,174347
2256,2024-08-23 11:36:00,1724438160,219.42,219.57,219.38,219.49,58563
2257,2024-08-23 11:37:00,1724438220,219.53,219.6,219.48,219.55,37039
2258,2024-08-23 11:38:00,1724438280,219.57,219.79,219.57,219.7,103914
2259,2024-08-23 11:39:00,1724438340,219.69,219.77,219.62,219.65,42024
2260,2024-08-23 11:40:00,1724438400,219.66,219.83,219.61,219.75,90787
2261,2024-08-23 11:41:00,1724438460,219.77,219.96,219.74,219.81,96895
2262,2024-08-23 11:42:00,1724438520,219.85,219.94,219.67,219.68,83219
2263,2024-08-23 11:43:00,1724438580,219.67,219.91,219.66,219.82,69702
2264,2024-08-23 11:44:00,1724438640,219.83,219.88,219.73,219.75,44747
2265,2024-08-23 11:45:00,1724438700,219.76,219.82,219.73,219.79,48848
2266,2024-08-23 11:46:00,1724438760,219.78,219.87,219.75,219.83,44522
2267,2024-08-23 11:47:00,1724438820,219.8,219.88,219.77,219.82,31729
2268,2024-08-23 11:48:00,1724438880,219.82,219.84,219.76,219.82,30450
2269,2024-08-23 11:49:00,1724438940,219.81,219.88,219.72,219.87,66352
2270,2024-08-23 11:50:00,1724439000,219.86,219.9,219.74,219.82,47577
2271,2024-08-23 11:51:00,1724439060,219.83,219.87,219.72,219.8,41154
2272,2024-08-23 11:52:00,1724439120,219.78,220.13,219.78,220.11,213040
2273,2024-08-23 11:53:00,1724439180,220.09,220.11,219.86,219.91,99125
2274,2024-08-23 11:54:00,1724439240,219.92,220.0,219.82,219.86,51553
2275,2024-08-23 11:55:00,1724439300,219.88,219.98,219.73,219.76,65563
2276,2024-08-23 11:56:00,1724439360,219.76,219.82,219.67,219.74,117187
2277,2024-08-23 11:57:00,1724439420,219.75,219.77,219.24,219.47,154467
2278,2024-08-23 11:58:00,1724439480,219.45,219.48,219.18,219.36,101399
2279,2024-08-23 11:59:00,1724439540,219.33,219.56,219.28,219.51,104137
2280,2024-08-23 12:00:00,1724439600,219.52,219.53,219.22,219.31,88328
2281,2024-08-23 12:01:00,1724439660,219.33,219.34,219.02,219.15,146057
2282,2024-08-23 12:02:00,1724439720,219.17,219.2,218.83,219.02,145185
2283,2024-08-23 12:03:00,1724439780,219.06,219.25,219.01,219.17,85252
2284,2024-08-23 12:04:00,1724439840,219.22,219.33,219.17,219.29,79587
2285,2024-08-23 12:05:00,1724439900,219.27,219.47,219.2,219.4,106318
2286,2024-08-23 12:06:00,1724439960,219.41,219.48,219.29,219.4,48363
2287,2024-08-23 12:07:00,1724440020,219.43,219.49,219.2,219.23,71277
2288,2024-08-23 12:08:00,1724440080,219.24,219.45,219.24,219.39,56329
2289,2024-08-23 12:09:00,1724440140,219.39,219.65,219.37,219.64,68956
2290,2024-08-23 12:10:00,1724440200,219.6,219.7,219.57,219.6,69825
2291,2024-08-23 12:11:00,1724440260,219.61,219.95,219.61,219.87,111209
2292,2024-08-23 12:12:00,1724440320,219.85,219.93,219.73,219.83,99635
2293,2024-08-23 12:13:00,1724440380,219.85,220.27,219.82,220.16,218801
2294,2024-08-23 12:14:00,1724440440,220.17,220.25,220.09,220.23,72789
2295,2024-08-23 12:15:00,1724440500,220.23,220.39,220.13,220.33,134345
2296,2024-08-23 12:16:00,1724440560,220.35,220.42,220.21,220.24,133858
2297,2024-08-23 12:17:00,1724440620,220.26,220.3,220.15,220.27,81257
2298,2024-08-23 12:18:00,1724440680,220.27,220.32,220.18,220.29,112518
2299,2024-08-23 12:19:00,1724440740,220.28,220.59,220.28,220.52,217175
2300,2024-08-23 12:20:00,1724440800,220.54,220.65,220.26,220.28,129711
2301,2024-08-23 12:21:00,1724440860,220.3,220.48,220.26,220.41,97153
2302,2024-08-23 12:22:00,1724440920,220.41,220.48,220.28,220.32,65195
2303,2024-08-23 12:23:00,1724440980,220.31,220.4,220.26,220.3,80111
2304,2024-08-23 12:24:00,1724441040,220.3,220.45,220.21,220.35,100831
2305,2024-08-23 12:25:00,1724441100,220.36,220.38,220.25,220.29,40817
2306,2024-08-23 12:26:00,1724441160,220.3,220.44,220.27,220.43,70125
2307,2024-08-23 12:27:00,1724441220,220.43,220.62,220.37,220.56,113968
2308,2024-08-23 12:28:00,1724441280,220.55,220.56,220.42,220.52,44561
2309,2024-08-23 12:29:00,1724441340,220.53,220.65,220.51,220.6,80113
2310,2024-08-23 12:30:00,1724441400,220.58,220.63,220.4,220.47,90614
2311,2024-08-23 12:31:00,1724441460,220.48,220.64,220.45,220.56,89169
2312,2024-08-23 12:32:00,1724441520,220.53,220.66,220.48,220.63,101149
2313,2024-08-23 12:33:00,1724441580,220.62,220.89,220.6,220.78,162955
2314,2024-08-23 12:34:00,1724441640,220.79,220.81,220.32,220.5,119005
2315,2024-08-23 12:35:00,1724441700,220.46,220.46,220.22,220.24,122208
2316,2024-08-23 12:36:00,1724441760,220.24,220.35,220.11,220.19,115821
2317,2024-08-23 12:37:00,1724441820,220.18,220.22,220.1,220.17,88428
2318,2024-08-23 12:38:00,1724441880,220.19,220.29,220.01,220.06,105199
2319,2024-08-23 12:39:00,1724441940,220.07,220.27,219.75,220.25,146390
2320,2024-08-23 12:40:00,1724442000,220.26,220.26,220.08,220.17,71486
2321,2024-08-23 12:41:00,1724442060,220.16,220.43,220.13,220.38,109515
2322,2024-08-23 12:42:00,1724442120,220.36,220.43,219.9,220.0,129091
2323,2024-08-23 12:43:00,1724442180,220.01,220.05,219.89,219.97,75020
2324,2024-08-23 12:44:00,1724442240,219.97,220.1,219.91,220.04,92805
2325,2024-08-23 12:45:00,1724442300,220.09,220.19,219.83,220.09,147877
2326,2024-08-23 12:46:00,1724442360,220.08,220.12,219.9,220.02,100374
2327,2024-08-23 12:47:00,1724442420,219.99,220.16,219.97,220.03,69279
2328,2024-08-23 12:48:00,1724442480,220.06,220.35,219.98,220.23,134863
2329,2024-08-23 12:49:00,1724442540,220.2,220.38,220.12,220.23,91005
2330,2024-08-23 12:50:00,1724442600,220.28,220.42,220.16,220.41,147136
2331,2024-08-23 12:51:00,1724442660,220.38,220.61,220.37,220.54,216409
2332,2024-08-23 12:52:00,1724442720,220.52,220.54,220.25,220.39,138599
2333,2024-08-23 12:53:00,1724442780,220.41,220.49,220.25,220.26,88129
2334,2024-08-23 12:54:00,1724442840,220.25,220.75,220.24,220.7,233925
2335,2024-08-23 12:55:00,1724442900,220.71,220.83,220.27,220.43,249552
2336,2024-08-23 12:56:00,1724442960,220.43,220.48,220.25,220.4,197066
2337,2024-08-23 12:57:00,1724443020,220.43,220.47,220.12,220.16,179528
2338,2024-08-23 12:58:00,1724443080,220.17,220.45,220.16,220.28,284671
2339,2024-08-23 12:59:00,1724443140,220.29,220.36,220.15,220.29,381778
2340,2024-08-26 06:30:00,1724679000,218.76,219.09,218.29,218.6,488289
2341,2024-08-26 06:31:00,1724679060,218.49,218.57,217.07,217.1,429709
2342,2024-08-26 06:32:00,1724679120,217.05,217.22,216.34,217.2,448509
2343,2024-08-26 06:33:00,1724679180,217.17,217.65,216.82,216.9,368879
2344,2024-08-26 06:34:00,1724679240,216.88,217.62,216.51,216.82,312155
2345,2024-08-26 06:35:00,1724679300,216.82,217.34,216.53,217.07,272415
2346,2024-08-26 06:36:00,1724679360,217.07,217.67,216.9,217.03,271485
2347,2024-08-26 06:37:00,1724679420,217.07,217.7,217.06,217.58,178545
2348,2024-08-26 06:38:00,1724679480,217.53,217.84,217.19,217.2,220661
2349,2024-08-26 06:39:00,1724679540,217.2,217.58,217.12,217.42,180619
2350,2024-08-26 06:40:00,1724679600,217.35,217.99,217.25,217.81,227055
2351,2024-08-26 06:41:00,1724679660,217.78,218.0,217.31,217.58,160499
2352,2024-08-26 06:42:00,1724679720,217.59,217.73,216.91,217.62,300400
2353,2024-08-26 06:43:00,1724679780,217.6,217.64,217.1,217.18,160662
2354,2024-08-26 06:44:00,1724679840,217.19,217.5,217.1,217.3,143187
2355,2024-08-26 06:45:00,1724679900,217.35,217.47,216.52,216.63,325036
2356,2024-08-26 06:46:00,1724679960,216.64,217.33,216.52,217.26,244346
2357,2024-08-26 06:47:00,1724680020,217.28,217.5,217.22,217.44,247257
2358,2024-08-26 06:48:00,1724680080,217.44,217.47,216.96,217.14,189439
2359,2024-08-26 06:49:00,1724680140,217.07,217.5,216.99,217.44,98560
2360,2024-08-26 06:50:00,1724680200,217.45,217.49,216.91,217.44,159522
2361,2024-08-26 06:51:00,1724680260,217.42,217.97,217.2,217.95,203841
2362,2024-08-26 06:52:00,1724680320,217.93,218.3,217.66,217.98,312469
2363,2024-08-26 06:53:00,1724680380,218.04,218.04,217.51,217.68,161810
2364,2024-08-26 06:54:00,1724680440,217.73,217.74,216.69,216.76,325597
2365,2024-08-26 06:55:00,1724680500,216.78,217.12,216.26,216.41,381061
2366,2024-08-26 06:56:00,1724680560,216.37,216.91,216.31,216.89,194002
2367,2024-08-26 06:57:00,1724680620,216.9,217.3,216.74,217.19,162030
2368,2024-08-26 06:58:00,1724680680,217.22,217.35,217.05,217.24,127759
2369,2024-08-26 06:59:00,1724680740,217.18,217.41,217.11,217.3,167155
2370,2024-08-26 07:00:00,1724680800,217.34,217.66,217.29,217.39,191380
2371,2024-08-26 07:01:00,1724680860,217.46,217.47,217.06,217.4,108165
2372,2024-08-26 07:02:00,1724680920,217.42,217.69,217.26,217.56,148145
2373,2024-08-26 07:03:00,1724680980,217.53,217.64,217.17,217.43,134150
2374,2024-08-26 07:04:00,1724681040,217.4,217.48,217.1,217.33,105499
2375,2024-08-26 07:05:00,1724681100,217.35,217.7,216.91,217.2,220733
2376,2024-08-26 07:06:00,1724681160,217.28,217.32,216.87,217.24,105820
2377,2024-08-26 07:07:00,1724681220,217.2,217.38,216.83,216.85,142395
2378,2024-08-26 07:08:00,1724681280,216.87,217.1,216.1,216.51,365862
2379,2024-08-26 07:09:00,1724681340,216.47,216.56,216.06,216.18,186253
2380,2024-08-26 07:10:00,1724681400,216.18,216.37,215.72,215.84,341148
2381,2024-08-26 07:11:00,1724681460,215.84,215.85,215.28,215.4,306104
2382,2024-08-26 07:12:00,1724681520,215.41,215.73,215.28,215.67,224747
2383,2024-08-26 07:13:00,1724681580,215.67,215.83,215.29,215.39,186871
2384,2024-08-26 07:14:00,1724681640,215.38,215.55,214.54,214.66,461493
2385,2024-08-26 07:15:00,1724681700,214.67,214.7,214.04,214.22,336201
2386,2024-08-26 07:16:00,1724681760,214.26,214.56,214.06,214.14,259721
2387,2024-08-26 07:17:00,1724681820,214.14,214.23,213.76,214.0,380973
2388,2024-08-26 07:18:00,1724681880,213.98,214.08,213.16,213.38,404374
2389,2024-08-26 07:19:00,1724681940,213.37,213.53,213.0,213.12,400309
2390,2024-08-26 07:20:00,1724682000,213.17,213.78,213.09,213.77,321562
2391,2024-08-26 07:21:00,1724682060,213.77,213.96,213.28,213.33,223169
2392,2024-08-26 07:22:00,1724682120,213.34,213.74,213.23,213.31,205212
2393,2024-08-26 07:23:00,1724682180,213.3,213.46,213.09,213.33,181452
2394,2024-08-26 07:24:00,1724682240,213.32,213.72,213.28,213.51,183625
2395,2024-08-26 07:25:00,1724682300,213.53,214.18,213.46,213.96,292432
2396,2024-08-26 07:26:00,1724682360,213.93,214.09,213.82,213.9,190058
2397,2024-08-26 07:27:00,1724682420,213.93,213.93,213.51,213.56,148491
2398,2024-08-26 07:28:00,1724682480,213.55,213.56,212.75,212.91,506385
2399,2024-08-26 07:29:00,1724682540,212.89,213.06,212.63,212.96,283650
2400,2024-08-26 07:30:00,1724682600,212.95,213.25,212.79,213.11,257280
2401,2024-08-26 07:31:00,1724682660,213.11,213.15,212.13,212.13,352112
2402,2024-08-26 07:32:00,1724682720,212.12,212.25,211.79,211.92,313915
2403,2024-08-26 07:33:00,1724682780,211.92,212.45,211.87,212.1,281393
2404,2024-08-26 07:34:00,1724682840,212.13,212.36,212.01,212.31,176715
2405,2024-08-26 07:35:00,1724682900,212.29,212.45,212.13,212.38,174450
2406,2024-08-26 07:36:00,1724682960,212.4,212.46,212.23,212.36,122404
2407,2024-08-26 07:37:00,1724683020,212.36,212.39,212.07,212.17,141355
2408,2024-08-26 07:38:00,1724683080,212.18,212.18,211.5,211.93,363628
2409,2024-08-26 07:39:00,1724683140,211.92,212.14,211.8,211.88,176138
2410,2024-08-26 07:40:00,1724683200,211.87,212.38,211.76,212.32,153287
2411,2024-08-26 07:41:00,1724683260,212.32,212.6,212.32,212.43,178096
2412,2024-08-26 07:42:00,1724683320,212.44,212.65,212.32,212.55,152894
2413,2024-08-26 07:43:00,1724683380,212.54,212.76,212.37,212.63,161426
2414,2024-08-26 07:44:00,1724683440,212.61,212.71,212.39,212.69,133921
2415,2024-08-26 07:45:00,1724683500,212.71,213.04,212.7,212.74,187438
2416,2024-08-26 07:46:00,1724683560,212.77,212.97,212.55,212.77,130308
2417,2024-08-26 07:47:00,1724683620,212.75,213.08,212.75,212.86,139508
2418,2024-08-26 07:48:00,1724683680,212.85,212.92,212.57,212.89,114641
2419,2024-08-26 07:49:00,1724683740,212.85,212.98,212.7,212.8,83410
2420,2024-08-26 07:50:00,1724683800,212.81,213.07,212.7,212.7,129213
2421,2024-08-26 07:51:00,1724683860,212.7,213.15,212.7,212.97,138516
2422,2024-08-26 07:52:00,1724683920,212.99,213.59,212.91,213.53,229818
2423,2024-08-26 07:53:00,1724683980,213.5,213.57,213.23,213.28,120235
2424,2024-08-26 07:54:00,1724684040,213.31,213.31,213.03,213.09,112249
2425,2024-08-26 07:55:00,1724684100,213.11,213.26,212.87,212.88,116676
2426,2024-08-26 07:56:00,1724684160,212.87,213.03,212.77,212.92,120096
2427,2024-08-26 07:57:00,1724684220,212.92,212.95,212.64,212.86,150137
2428,2024-08-26 07:58:00,1724684280,212.82,213.03,212.75,213.03,87670
2429,2024-08-26 07:59:00,1724684340,213.01,213.08,212.81,212.9,130686
2430,2024-08-26 08:00:00,1724684400,212.9,212.92,212.75,212.79,103026
2431,2024-08-26 08:01:00,1724684460,212.78,213.19,212.77,212.92,130124
2432,2024-08-26 08:02:00,1724684520,212.9,213.45,212.89,213.36,197189
2433,2024-08-26 08:03:00,1724684580,213.34,213.7,213.31,213.57,173054
2434,2024-08-26 08:04:00,1724684640,213.59,213.62,213.37,213.53,112855
2435,2024-08-26 08:05:00,1724684700,213.52,213.6,213.31,213.34,115957
2436,2024-08-26 08:06:00,1724684760,213.33,213.46,213.16,213.24,160033
2437,2024-08-26 08:07:00,1724684820,213.27,213.37,212.84,212.96,129675
2438,2024-08-26 08:08:00,1724684880,212.94,213.28,212.89,213.18,89282
2439,2024-08-26 08:09:00,1724684940,213.17,213.48,213.08,213.3,104816
2440,2024-08-26 08:10:00,1724685000,213.29,213.34,212.75,212.9,137370
2441,2024-08-26 08:11:00,1724685060,212.89,213.05,212.8,213.01,93933
2442,2024-08-26 08:12:00,1724685120,213.03,213.45,212.99,213.39,108083
2443,2024-08-26 08:13:00,1724685180,213.37,213.43,213.22,213.23,97861
2444,2024-08-26 08:14:00,1724685240,213.2,213.3,213.13,213.26,50611
2445,2024-08-26 08:15:00,1724685300,213.25,213.3,212.96,213.16,86999
2446,2024-08-26 08:16:00,1724685360,213.13,213.22,212.5,212.69,169209
2447,2024-08-26 08:17:00,1724685420,212.69,213.01,212.66,212.97,116451
2448,2024-08-26 08:18:00,1724685480,212.98,213.43,212.96,213.38,125173
2449,2024-08-26 08:19:00,1724685540,213.37,213.65,213.29,213.46,121257
2450,2024-08-26 08:20:00,1724685600,213.43,213.57,213.16,213.3,106362
2451,2024-08-26 08:21:00,1724685660,213.3,213.38,212.92,213.07,85341
2452,2024-08-26 08:22:00,1724685720,213.08,213.49,213.05,213.4,87417
2453,2024-08-26 08:23:00,1724685780,213.44,213.85,213.42,213.74,187927
2454,2024-08-26 08:24:00,1724685840,213.73,213.81,213.57,213.57,93973
2455,2024-08-26 08:25:00,1724685900,213.57,213.68,213.38,213.51,109920
2456,2024-08-26 08:26:00,1724685960,213.5,213.63,213.35,213.42,91284
2457,2024-08-26 08:27:00,1724686020,213.42,213.65,213.23,213.54,115431
2458,2024-08-26 08:28:00,1724686080,213.53,213.74,213.52,213.52,86130
2459,2024-08-26 08:29:00,1724686140,213.5,213.63,213.45,213.5,50591
2460,2024-08-26 08:30:00,1724686200,213.5,213.5,213.2,213.36,83170
2461,2024-08-26 08:31:00,1724686260,213.35,213.37,213.06,213.07,92896
2462,2024-08-26 08:32:00,1724686320,213.1,213.25,213.06,213.13,61171
2463,2024-08-26 08:33:00,1724686380,213.09,213.3,213.01,213.23,66226
2464,2024-08-26 08:34:00,1724686440,213.21,213.42,213.21,213.35,65809
2465,2024-08-26 08:35:00,1724686500,213.37,213.37,212.89,212.97,133449
2466,2024-08-26 08:36:00,1724686560,213.0,213.09,212.95,213.04,84551
2467,2024-08-26 08:37:00,1724686620,213.08,213.12,212.91,213.08,64895
2468,2024-08-26 08:38:00,1724686680,213.1,213.28,213.03,213.25,52239
2469,2024-08-26 08:39:00,1724686740,213.25,213.47,213.18,213.39,99739
2470,2024-08-26 08:40:00,1724686800,213.4,213.45,213.24,213.25,50976
2471,2024-08-26 08:41:00,1724686860,213.24,213.6,213.23,213.56,77334
2472,2024-08-26 08:42:00,1724686920,213.58,213.83,213.51,213.7,118142
2473,2024-08-26 08:43:00,1724686980,213.67,213.82,213.55,213.65,84051
2474,2024-08-26 08:44:00,1724687040,213.65,213.67,213.07,213.09,123765
2475,2024-08-26 08:45:00,1724687100,213.12,213.12,212.85,212.88,116138
2476,2024-08-26 08:46:00,1724687160,212.89,212.98,212.76,212.79,118111
2477,2024-08-26 08:47:00,1724687220,212.81,212.82,212.3,212.47,225193
2478,2024-08-26 08:48:00,1724687280,212.53,212.85,212.39,212.83,148657
2479,2024-08-26 08:49:00,1724687340,212.81,212.91,212.71,212.85,79227
2480,2024-08-26 08:50:00,1724687400,212.81,212.86,212.59,212.62,70214
2481,2024-08-26 08:51:00,1724687460,212.61,212.75,212.51,212.53,71904
2482,2024-08-26 08:52:00,1724687520,212.53,212.57,212.22,212.35,135083
2483,2024-08-26 08:53:00,1724687580,212.39,212.55,212.33,212.46,74305
2484,2024-08-26 08:54:00,1724687640,212.44,212.63,212.38,212.47,63953
2485,2024-08-26 08:55:00,1724687700,212.5,212.58,212.39,212.45,45993
2486,2024-08-26 08:56:00,1724687760,212.49,212.65,212.31,212.64,65125
2487,2024-08-26 08:57:00,1724687820,212.63,212.68,212.42,212.46,50646
2488,2024-08-26 08:58:00,1724687880,212.45,212.5,212.1,212.22,128813
2489,2024-08-26 08:59:00,1724687940,212.24,212.4,212.17,212.35,82961
2490,2024-08-26 09:00:00,1724688000,212.36,212.54,212.16,212.39,118409
2491,2024-08-26 09:01:00,1724688060,212.41,212.45,212.21,212.45,51557
2492,2024-08-26 09:02:00,1724688120,212.42,212.68,212.41,212.53,83922
2493,2024-08-26 09:03:00,1724688180,212.54,212.63,212.42,212.6,47106
2494,2024-08-26 09:04:00,1724688240,212.62,212.65,212.44,212.57,60084
2495,2024-08-26 09:05:00,1724688300,212.57,212.63,212.48,212.48,41073
2496,2024-08-26 09:06:00,1724688360,212.49,212.61,212.27,212.39,48246
2497,2024-08-26 09:07:00,1724688420,212.4,212.57,212.2,212.55,60852
2498,2024-08-26 09:08:00,1724688480,212.56,212.65,212.43,212.59,68356
2499,2024-08-26 09:09:00,1724688540,212.58,212.58,212.4,212.48,36268
2500,2024-08-26 09:10:00,1724688600,212.47,212.52,212.35,212.49,42130
2501,2024-08-26 09:11:00,1724688660,212.51,212.7,212.5,212.65,78067
2502,2024-08-26 09:12:00,1724688720,212.66,212.78,212.55,212.62,80165
2503,2024-08-26 09:13:00,1724688780,212.62,212.65,212.41,212.57,55895
2504,2024-08-26 09:14:00,1724688840,212.53,212.58,212.4,212.5,28775
2505,2024-08-26 09:15:00,1724688900,212.47,212.68,212.45,212.64,44108
2506,2024-08-26 09:16:00,1724688960,212.64,212.85,212.57,212.75,74407
2507,2024-08-26 09:17:00,1724689020,212.73,213.03,212.66,213.03,64842
2508,2024-08-26 09:18:00,1724689080,213.02,213.05,212.81,212.82,53428
2509,2024-08-26 09:19:00,1724689140,212.8,212.88,212.71,212.84,44238
2510,2024-08-26 09:20:00,1724689200,212.85,213.26,212.8,213.11,125323
2511,2024-08-26 09:21:00,1724689260,213.13,213.22,213.05,213.08,62595
2512,2024-08-26 09:22:00,1724689320,213.1,213.3,213.02,213.23,47211
2513,2024-08-26 09:23:00,1724689380,213.23,213.45,213.21,213.38,80599
2514,2024-08-26 09:24:00,1724689440,213.36,213.45,213.22,213.3,69818
2515,2024-08-26 09:25:00,1724689500,213.29,213.4,213.26,213.32,53816
2516,2024-08-26 09:26:00,1724689560,213.34,213.58,213.3,213.45,86131
2517,2024-08-26 09:27:00,1724689620,213.45,213.65,213.45,213.59,62611
2518,2024-08-26 09:28:00,1724689680,213.6,213.85,213.59,213.8,88392
2519,2024-08-26 09:29:00,1724689740,213.82,213.95,213.78,213.81,72445
2520,2024-08-26 09:30:00,1724689800,213.8,214.28,213.78,214.13,220360
2521,2024-08-26 09:31:00,1724689860,214.17,214.22,214.06,214.13,96865
2522,2024-08-26 09:32:00,1724689920,214.16,214.16,213.98,214.0,81668
2523,2024-08-26 09:33:00,1724689980,214.01,214.18,213.99,214.07,60276
2524,2024-08-26 09:34:00,1724690040,214.1,214.13,214.03,214.08,28240
2525,2024-08-26 09:35:00,1724690100,214.07,214.14,214.0,214.07,52255
2526,2024-08-26 09:36:00,1724690160,214.05,214.13,214.0,214.01,35687
2527,2024-08-26 09:37:00,1724690220,214.03,214.11,213.99,214.02,43433
2528,2024-08-26 09:38:00,1724690280,214.0,214.17,214.0,214.16,46354
2529,2024-08-26 09:39:00,1724690340,214.17,214.25,213.99,214.02,90579
2530,2024-08-26 09:40:00,1724690400,214.01,214.09,213.74,213.84,89393
2531,2024-08-26 09:41:00,1724690460,213.89,213.94,213.84,213.9,50268
2532,2024-08-26 09:42:00,1724690520,213.9,214.2,213.9,214.07,63644
2533,2024-08-26 09:43:00,1724690580,214.07,214.23,214.01,214.21,55658
2534,2024-08-26 09:44:00,1724690640,214.24,214.26,214.16,214.2,64716
2535,2024-08-26 09:45:00,1724690700,214.2,214.36,214.13,214.24,66853
2536,2024-08-26 09:46:00,1724690760,214.21,214.27,214.01,214.09,62558
2537,2024-08-26 09:47:00,1724690820,214.08,214.15,213.93,213.98,45186
2538,2024-08-26 09:48:00,1724690880,213.99,214.03,213.87,213.91,64475
2539,2024-08-26 09:49:00,1724690940,213.92,214.05,213.9,214.0,47722
2540,2024-08-26 09:50:00,1724691000,214.01,214.03,213.95,213.99,25569
2541,2024-08-26 09:51:00,1724691060,214.0,214.15,213.98,214.05,51344
2542,2024-08-26 09:52:00,1724691120,214.01,214.09,213.88,213.93,37606
2543,2024-08-26 09:53:00,1724691180,213.96,213.96,213.46,213.5,126006
2544,2024-08-26 09:54:00,1724691240,213.5,213.59,213.3,213.51,148443
2545,2024-08-26 09:55:00,1724691300,213.47,213.57,213.33,213.47,78657
2546,2024-08-26 09:56:00,1724691360,213.47,213.49,213.37,213.4,46814
2547,2024-08-26 09:57:00,1724691420,213.41,213.63,213.39,213.58,56217
2548,2024-08-26 09:58:00,1724691480,213.55,213.75,213.52,213.62,77766
2549,2024-08-26 09:59:00,1724691540,213.63,213.7,213.58,213.63,30072
2550,2024-08-26 10:00:00,1724691600,213.63,213.74,213.52,213.59,46794
2551,2024-08-26 10:01:00,1724691660,213.55,213.61,213.35,213.48,50576
2552,2024-08-26 10:02:00,1724691720,213.48,213.53,213.35,213.44,46382
2553,2024-08-26 10:03:00,1724691780,213.4,213.49,213.4,213.43,42839
2554,2024-08-26 10:04:00,1724691840,213.41,213.66,213.35,213.65,63315
2555,2024-08-26 10:05:00,1724691900,213.61,213.61,213.41,213.41,52968
2556,2024-08-26 10:06:00,1724691960,213.43,213.49,213.3,213.45,67582
2557,2024-08-26 10:07:00,1724692020,213.44,213.57,213.35,213.38,40218
2558,2024-08-26 10:08:00,1724692080,213.38,213.41,212.9,213.23,155478
2559,2024-08-26 10:09:00,1724692140,213.24,213.39,213.08,213.1,98451
2560,2024-08-26 10:10:00,1724692200,213.13,213.29,213.04,213.25,58507
2561,2024-08-26 10:11:00,1724692260,213.24,213.25,212.82,213.07,103704
2562,2024-08-26 10:12:00,1724692320,213.05,213.17,213.0,213.15,43282
2563,2024-08-26 10:13:00,1724692380,213.15,213.28,213.05,213.14,62749
2564,2024-08-26 10:14:00,1724692440,213.13,213.23,213.03,213.17,41893
2565,2024-08-26 10:15:00,1724692500,213.15,213.25,213.11,213.16,39449
2566,2024-08-26 10:16:00,1724692560,213.15,213.25,213.0,213.02,56243
2567,2024-08-26 10:17:00,1724692620,213.03,213.15,213.02,213.04,48761
2568,2024-08-26 10:18:00,1724692680,213.07,213.14,212.93,213.01,53047
2569,2024-08-26 10:19:00,1724692740,213.01,213.08,212.87,212.91,82950
2570,2024-08-26 10:20:00,1724692800,212.92,213.01,212.76,212.86,101226
2571,2024-08-26 10:21:00,1724692860,212.85,213.12,212.85,213.06,79885
2572,2024-08-26 10:22:00,1724692920,213.06,213.09,213.01,213.06,44956
2573,2024-08-26 10:23:00,1724692980,213.08,213.09,212.96,213.06,41578
2574,2024-08-26 10:24:00,1724693040,213.05,213.11,212.98,213.1,32806
2575,2024-08-26 10:25:00,1724693100,213.08,213.24,213.06,213.11,65849
2576,2024-08-26 10:26:00,1724693160,213.09,213.27,213.07,213.24,41562
2577,2024-08-26 10:27:00,1724693220,213.27,213.27,213.07,213.17,58879
2578,2024-08-26 10:28:00,1724693280,213.17,213.19,212.72,212.76,104472
2579,2024-08-26 10:29:00,1724693340,212.76,212.9,212.64,212.76,124775
2580,2024-08-26 10:30:00,1724693400,212.79,213.0,212.67,212.94,84584
2581,2024-08-26 10:31:00,1724693460,212.97,213.07,212.92,213.0,28326
2582,2024-08-26 10:32:00,1724693520,212.97,213.06,212.85,212.91,30799
2583,2024-08-26 10:33:00,1724693580,212.95,212.98,212.88,212.95,31840
2584,2024-08-26 10:34:00,1724693640,212.95,213.04,212.92,213.02,45811
2585,2024-08-26 10:35:00,1724693700,213.02,213.04,212.71,212.8,79449
2586,2024-08-26 10:36:00,1724693760,212.78,212.83,212.58,212.75,64093
2587,2024-08-26 10:37:00,1724693820,212.76,212.89,212.73,212.76,33531
2588,2024-08-26 10:38:00,1724693880,212.75,212.79,212.54,212.6,53063
2589,2024-08-26 10:39:00,1724693940,212.59,212.65,212.03,212.14,259558
2590,2024-08-26 10:40:00,1724694000,212.14,212.42,212.12,212.28,108683
2591,2024-08-26 10:41:00,1724694060,212.3,212.36,212.15,212.17,68436
2592,2024-08-26 10:42:00,1724694120,212.19,212.22,212.09,212.13,81451
2593,2024-08-26 10:43:00,1724694180,212.17,212.32,212.09,212.31,78757
2594,2024-08-26 10:44:00,1724694240,212.32,212.42,212.26,212.37,80074
2595,2024-08-26 10:45:00,1724694300,212.34,212.37,211.7,211.78,222599
2596,2024-08-26 10:46:00,1724694360,211.78,211.94,211.45,211.51,205209
2597,2024-08-26 10:47:00,1724694420,211.5,211.6,211.25,211.56,175793
2598,2024-08-26 10:48:00,1724694480,211.53,211.61,211.37,211.43,71180
2599,2024-08-26 10:49:00,1724694540,211.42,211.5,211.37,211.43,72495
2600,2024-08-26 10:50:00,1724694600,211.41,211.56,211.36,211.56,76406
2601,2024-08-26 10:51:00,1724694660,211.51,211.57,211.33,211.34,75513
2602,2024-08-26 10:52:00,1724694720,211.34,211.46,211.3,211.43,65288
2603,2024-08-26 10:53:00,1724694780,211.44,211.58,211.36,211.53,72675
2604,2024-08-26 10:54:00,1724694840,211.54,211.63,211.45,211.46,44676
2605,2024-08-26 10:55:00,1724694900,211.46,211.5,211.37,211.37,45634
2606,2024-08-26 10:56:00,1724694960,211.37,211.45,211.23,211.43,127646
2607,2024-08-26 10:57:00,1724695020,211.43,211.63,211.41,211.47,143313
2608,2024-08-26 10:58:00,1724695080,211.47,211.64,211.37,211.56,88237
2609,2024-08-26 10:59:00,1724695140,211.53,211.55,211.4,211.45,44355
2610,2024-08-26 11:00:00,1724695200,211.46,211.52,211.25,211.5,68792
2611,2024-08-26 11:01:00,1724695260,211.47,211.61,211.14,211.31,178200
2612,2024-08-26 11:02:00,1724695320,211.31,211.68,211.31,211.59,96783
2613,2024-08-26 11:03:00,1724695380,211.61,211.69,211.52,211.57,53603
2614,2024-08-26 11:04:00,1724695440,211.55,211.59,211.19,211.22,109412
2615,2024-08-26 11:05:00,1724695500,211.2,211.43,211.18,211.29,59697
2616,2024-08-26 11:06:00,1724695560,211.32,211.36,211.1,211.12,88667
2617,2024-08-26 11:07:00,1724695620,211.14,211.31,211.12,211.28,81271
2618,2024-08-26 11:08:00,1724695680,211.29,211.31,211.01,211.13,74944
2619,2024-08-26 11:09:00,1724695740,211.17,211.25,211.03,211.18,65958
2620,2024-08-26 11:10:00,1724695800,211.18,211.3,211.04,211.08,74402
2621,2024-08-26 11:11:00,1724695860,211.06,211.17,211.04,211.14,53677
2622,2024-08-26 11:12:00,1724695920,211.13,211.29,211.12,211.23,59101
2623,2024-08-26 11:13:00,1724695980,211.23,211.32,211.21,211.3,49540
2624,2024-08-26 11:14:00,1724696040,211.31,211.88,211.29,211.84,191702
2625,2024-08-26 11:15:00,1724696100,211.84,211.9,211.6,211.69,103108
2626,2024-08-26 11:16:00,1724696160,211.65,211.7,211.52,211.62,56351
2627,2024-08-26 11:17:00,1724696220,211.63,211.64,211.47,211.57,49908
2628,2024-08-26 11:18:00,1724696280,211.55,211.7,211.5,211.6,73254
2629,2024-08-26 11:19:00,1724696340,211.61,211.68,211.52,211.67,35462
2630,2024-08-26 11:20:00,1724696400,211.66,212.21,211.64,211.92,153573
2631,2024-08-26 11:21:00,1724696460,211.87,212.03,211.64,211.75,133823
2632,2024-08-26 11:22:00,1724696520,211.74,212.07,211.74,211.9,91397
2633,2024-08-26 11:23:00,1724696580,211.94,211.95,211.81,211.9,36198
2634,2024-08-26 11:24:00,1724696640,211.88,211.9,211.8,211.81,30657
2635,2024-08-26 11:25:00,1724696700,211.81,211.89,211.59,211.82,80930
2636,2024-08-26 11:26:00,1724696760,211.81,212.2,211.81,212.15,122696
2637,2024-08-26 11:27:00,1724696820,212.13,212.23,212.03,212.15,78285
2638,2024-08-26 11:28:00,1724696880,212.13,212.24,212.1,212.14,58171
2639,2024-08-26 11:29:00,1724696940,212.14,212.3,212.08,212.28,60356
2640,2024-08-26 11:30:00,1724697000,212.26,212.42,212.24,212.32,92400
2641,2024-08-26 11:31:00,1724697060,212.34,212.42,212.19,212.26,77985
2642,2024-08-26 11:32:00,1724697120,212.27,212.4,212.25,212.31,54112
2643,2024-08-26 11:33:00,1724697180,212.35,212.38,212.15,212.25,71104
2644,2024-08-26 11:34:00,1724697240,212.26,212.51,212.23,212.45,96763
2645,2024-08-26 11:35:00,1724697300,212.44,212.73,212.43,212.61,146194
2646,2024-08-26 11:36:00,1724697360,212.61,212.65,212.5,212.55,70587
2647,2024-08-26 11:37:00,1724697420,212.55,212.64,212.52,212.54,41869
2648,2024-08-26 11:38:00,1724697480,212.54,212.54,212.35,212.52,84115
2649,2024-08-26 11:39:00,1724697540,212.53,212.67,212.49,212.58,60382
2650,2024-08-26 11:40:00,1724697600,212.58,212.82,212.55,212.67,98784
2651,2024-08-26 11:41:00,1724697660,212.68,212.82,212.65,212.74,56273
2652,2024-08-26 11:42:00,1724697720,212.75,212.85,212.7,212.85,56998
2653,2024-08-26 11:43:00,1724697780,212.83,212.84,212.68,212.77,79391
2654,2024-08-26 11:44:00,1724697840,212.82,212.82,212.69,212.72,27740
2655,2024-08-26 11:45:00,1724697900,212.7,212.87,212.69,212.8,54726
2656,2024-08-26 11:46:00,1724697960,212.82,212.82,212.69,212.71,46332
2657,2024-08-26 11:47:00,1724698020,212.73,212.74,212.58,212.67,83556
2658,2024-08-26 11:48:00,1724698080,212.68,212.8,212.6,212.78,58755
2659,2024-08-26 11:49:00,1724698140,212.79,212.82,212.68,212.7,36807
2660,2024-08-26 11:50:00,1724698200,212.71,212.97,212.56,212.86,94460
2661,2024-08-26 11:51:00,1724698260,212.86,212.88,212.73,212.78,31708
2662,2024-08-26 11:52:00,1724698320,212.77,212.95,212.75,212.86,56286
2663,2024-08-26 11:53:00,1724698380,212.87,212.87,212.7,212.75,50849
2664,2024-08-26 11:54:00,1724698440,212.76,212.85,212.68,212.82,45564
2665,2024-08-26 11:55:00,1724698500,212.81,213.05,212.8,212.98,83459
2666,2024-08-26 11:56:00,1724698560,212.99,213.1,212.95,213.01,73288
2667,2024-08-26 11:57:00,1724698620,213.03,213.07,212.98,213.07,70737
2668,2024-08-26 11:58:00,1724698680,213.05,213.23,213.0,213.05,127861
2669,2024-08-26 11:59:00,1724698740,213.07,213.28,213.07,213.25,82006
2670,2024-08-26 12:00:00,1724698800,213.24,213.25,213.06,213.13,68139
2671,2024-08-26 12:01:00,1724698860,213.12,213.18,213.05,213.13,37892
2672,2024-08-26 12:02:00,1724698920,213.13,213.21,213.05,213.18,42229
2673,2024-08-26 12:03:00,1724698980,213.19,213.21,213.05,213.14,56403
2674,2024-08-26 12:04:00,1724699040,213.14,213.14,212.91,212.97,103001
2675,2024-08-26 12:05:00,1724699100,212.95,213.09,212.93,213.04,54951
2676,2024-08-26 12:06:00,1724699160,213.06,213.06,212.83,212.98,54802
2677,2024-08-26 12:07:00,1724699220,212.99,213.04,212.87,212.93,53341
2678,2024-08-26 12:08:00,1724699280,212.92,212.98,212.84,212.95,54189
2679,2024-08-26 12:09:00,1724699340,212.96,213.11,212.92,212.98,68558
2680,2024-08-26 12:10:00,1724699400,213.0,213.08,212.98,212.99,39507
2681,2024-08-26 12:11:00,1724699460,212.98,213.23,212.94,213.18,79846
2682,2024-08-26 12:12:00,1724699520,213.17,213.28,213.14,213.15,52492
2683,2024-08-26 12:13:00,1724699580,213.15,213.19,213.0,213.08,42729
2684,2024-08-26 12:14:00,1724699640,213.09,213.09,212.9,213.0,51242
2685,2024-08-26 12:15:00,1724699700,213.01,213.09,212.93,212.98,82762
2686,2024-08-26 12:16:00,1724699760,212.98,213.0,212.68,212.74,103836
2687,2024-08-26 12:17:00,1724699820,212.73,212.85,212.66,212.73,75110
2688,2024-08-26 12:18:00,1724699880,212.7,212.86,212.6,212.84,71083
2689,2024-08-26 12:19:00,1724699940,212.82,212.97,212.81,212.84,42901
2690,2024-08-26 12:20:00,1724700000,212.87,213.03,212.86,213.0,50698
2691,2024-08-26 12:21:00,1724700060,213.02,213.06,212.91,213.03,39262
2692,2024-08-26 12:22:00,1724700120,213.02,213.09,212.94,213.09,36683
2693,2024-08-26 12:23:00,1724700180,213.08,213.2,213.0,213.04,54852
2694,2024-08-26 12:24:00,1724700240,213.04,213.08,212.93,213.03,42936
2695,2024-08-26 12:25:00,1724700300,213.05,213.25,213.01,213.09,92533
2696,2024-08-26 12:26:00,1724700360,213.08,213.14,213.02,213.02,29264
2697,2024-08-26 12:27:00,1724700420,213.01,213.02,212.81,212.92,47820
2698,2024-08-26 12:28:00,1724700480,212.93,213.01,212.88,212.92,26598
2699,2024-08-26 12:29:00,1724700540,212.91,212.92,212.82,212.84,47776
2700,2024-08-26 12:30:00,1724700600,212.83,212.85,212.64,212.76,116725
2701,2024-08-26 12:31:00,1724700660,212.77,212.99,212.75,212.88,85003
2702,2024-08-26 12:32:00,1724700720,212.89,213.02,212.86,212.9,48802
2703,2024-08-26 12:33:00,1724700780,212.92,212.96,212.82,212.9,36560
2704,2024-08-26 12:34:00,1724700840,212.93,212.99,212.86,212.87,36106
2705,2024-08-26 12:35:00,1724700900,212.89,212.91,212.66,212.69,50778
2706,2024-08-26 12:36:00,1724700960,212.71,212.77,212.51,212.65,134816
2707,2024-08-26 12:37:00,1724701020,212.65,212.8,212.64,212.66,43233
2708,2024-08-26 12:38:00,1724701080,212.67,212.74,212.6,212.68,56361
2709,2024-08-26 12:39:00,1724701140,212.69,212.76,212.57,212.59,72844
2710,2024-08-26 12:40:00,1724701200,212.59,212.76,212.59,212.72,63281
2711,2024-08-26 12:41:00,1724701260,212.74,212.83,212.66,212.79,57430
2712,2024-08-26 12:42:00,1724701320,212.78,212.87,212.64,212.68,66549
2713,2024-08-26 12:43:00,1724701380,212.71,212.71,212.38,212.4,142846
2714,2024-08-26 12:44:00,1724701440,212.42,212.45,212.2,212.24,118004
2715,2024-08-26 12:45:00,1724701500,212.25,212.51,212.25,212.46,94264
2716,2024-08-26 12:46:00,1724701560,212.47,212.48,212.27,212.45,58838
2717,2024-08-26 12:47:00,1724701620,212.48,212.48,212.32,212.4,45381
2718,2024-08-26 12:48:00,1724701680,212.41,212.61,212.4,212.61,97447
2719,2024-08-26 12:49:00,1724701740,212.62,212.95,212.58,212.84,130845
2720,2024-08-26 12:50:00,1724701800,212.86,213.34,212.84,213.22,184438
2721,2024-08-26 12:51:00,1724701860,213.24,213.29,213.08,213.24,101495
2722,2024-08-26 12:52:00,1724701920,213.26,213.3,213.18,213.25,100560
2723,2024-08-26 12:53:00,1724701980,213.26,213.45,213.25,213.31,161954
2724,2024-08-26 12:54:00,1724702040,213.31,213.4,212.95,213.13,147270
2725,2024-08-26 12:55:00,1724702100,213.12,213.41,213.1,213.15,131789
2726,2024-08-26 12:56:00,1724702160,213.15,213.3,213.05,213.11,109233
2727,2024-08-26 12:57:00,1724702220,213.12,213.13,212.89,212.97,126784
2728,2024-08-26 12:58:00,1724702280,212.95,213.09,212.93,213.09,120987
2729,2024-08-26 12:59:00,1724702340,213.09,213.33,213.09,213.24,391845
